group,organism_name,locus_tag,experiment_id,omics_type,timepoint,log2fc,padj,expression_status
H1_N,Prochlorococcus MED4,PMM0370,10.1038/msb4100087_nitrogen_nitrogen_deprivation_med4_med4_microarray,MICROARRAY,6h,5.7284866494887,0.01,significant_up
H1_N,Prochlorococcus MED4,PMM0970,10.1038/msb4100087_nitrogen_nitrogen_deprivation_med4_med4_microarray,MICROARRAY,6h,5.37087883412763,0.01,significant_up
H1_N,Prochlorococcus MED4,PMM0370,10.1101/2025.11.24.690089_growth_state_pro99lown_nutrient_starvation_med4_rnaseq_axenic,RNASEQ,day 14,5.158630264411528,6.899092611446335e-10,significant_up
H1_N,Prochlorococcus MED4,PMM0920,10.1038/msb4100087_nitrogen_nitrogen_deprivation_med4_med4_microarray,MICROARRAY,6h,5.06051169137151,0.01,significant_up
H1_N,Prochlorococcus MED4,PMM0370,10.1038/msb4100087_nitrogen_nitrogen_deprivation_med4_med4_microarray,MICROARRAY,12h,4.58350176619516,0.01,significant_up
H1_N,Prochlorococcus MED4,PMM0246,10.1038/msb4100087_nitrogen_nitrogen_deprivation_med4_med4_microarray,MICROARRAY,6h,4.45086478182776,0.01,significant_up
H1_N,Prochlorococcus MED4,PMM0370,10.1038/msb4100087_nitrogen_nitrogen_deprivation_med4_med4_microarray,MICROARRAY,3h,4.30854281269086,0.01,significant_up
H1_N,Prochlorococcus MED4,PMM0371,10.1101/2025.11.24.690089_growth_state_pro99lown_nutrient_starvation_med4_rnaseq_axenic,RNASEQ,day 14,4.279566443092617,2.9550592954568683e-10,significant_up
H1_N,Prochlorococcus MED4,PMM0920,10.1038/msb4100087_nitrogen_nitrogen_deprivation_med4_med4_microarray,MICROARRAY,12h,4.14177961834331,0.01,significant_up
H1_N,Prochlorococcus MED4,PMM0970,10.1038/ismej.2017.88_nitrogen_stress_ndepleted_pro99_medium_med4_rnaseq,RNASEQ,12h,4.07,0.0,significant_up
H1_N,Prochlorococcus MED4,PMM0370,10.1038/msb4100087_nitrogen_nitrogen_deprivation_med4_med4_microarray,MICROARRAY,24h,4.06454932416169,0.01,significant_up
H1_N,Prochlorococcus MED4,PMM0920,10.1038/msb4100087_nitrogen_nitrogen_deprivation_med4_med4_microarray,MICROARRAY,24h,3.92174594063168,0.01,significant_up
H1_N,Prochlorococcus MED4,PMM0370,10.1038/msb4100087_nitrogen_nitrogen_deprivation_med4_med4_microarray,MICROARRAY,48h,3.91380620805672,0.01,significant_up
H1_N,Prochlorococcus MED4,PMM0970,10.1038/msb4100087_nitrogen_nitrogen_deprivation_med4_med4_microarray,MICROARRAY,3h,3.90870782237566,0.01,significant_up
H1_N,Prochlorococcus MED4,PMM0970,10.1038/msb4100087_nitrogen_nitrogen_deprivation_med4_med4_microarray,MICROARRAY,24h,3.86942338221993,0.01,significant_up
H1_N,Prochlorococcus MED4,PMM0263,10.1101/2025.11.24.690089_growth_state_pro99lown_nutrient_starvation_med4_rnaseq_axenic,RNASEQ,day 14,3.8635086439112745,7.801311428232697e-10,significant_up
H1_N,Prochlorococcus MED4,PMM0370,10.1038/ismej.2017.88_nitrogen_stress_ndepleted_pro99_medium_med4_rnaseq,RNASEQ,12h,3.85,0.0,significant_up
H1_N,Prochlorococcus MED4,PMM0370,10.1038/ismej.2017.88_nitrogen_stress_ndepleted_pro99_medium_med4_rnaseq,RNASEQ,24h,3.84,0.0,significant_up
H1_N,Prochlorococcus MED4,PMM0970,10.1038/msb4100087_nitrogen_nitrogen_deprivation_med4_med4_microarray,MICROARRAY,48h,3.8347661783105,0.01,significant_up
H1_N,Prochlorococcus MED4,PMM0920,10.1038/msb4100087_nitrogen_nitrogen_deprivation_med4_med4_microarray,MICROARRAY,48h,3.79888923224975,0.01,significant_up
H1_N,Prochlorococcus MED4,PMM0920,10.1038/msb4100087_nitrogen_nitrogen_deprivation_med4_med4_microarray,MICROARRAY,3h,3.75973171772578,0.01,significant_up
H1_N,Prochlorococcus MED4,PMM0970,10.1038/msb4100087_nitrogen_nitrogen_deprivation_med4_med4_microarray,MICROARRAY,12h,3.75015994971883,0.01,significant_up
H1_N,Prochlorococcus MED4,PMM0263,10.1038/ismej.2017.88_nitrogen_stress_ndepleted_pro99_medium_med4_rnaseq,RNASEQ,3h,3.67,0.02,significant_up
H1_N,Prochlorococcus MED4,PMM0246,10.1101/2025.11.24.690089_growth_state_pro99lown_nutrient_starvation_med4_proteomics_axenic,PROTEOMICS,day 31,3.58713213602702,2.48270602762731e-07,significant_up
H1_N,Prochlorococcus MED4,PMM0373,10.1038/ismej.2017.88_nitrogen_stress_ndepleted_pro99_medium_med4_rnaseq,RNASEQ,3h,3.49,0.0,significant_up
H1_N,Prochlorococcus MED4,PMM0920,10.1101/2025.11.24.690089_growth_state_pro99lown_nutrient_starvation_med4_rnaseq_axenic,RNASEQ,day 14,3.3569768863566645,7.395965792256581e-06,significant_up
H1_N,Prochlorococcus MED4,PMM0246,10.1101/2025.11.24.690089_growth_state_pro99lown_nutrient_starvation_med4_rnaseq_axenic,RNASEQ,day 14,3.352117316421244,1.0044699427936916e-05,significant_up
H1_N,Prochlorococcus MED4,PMM0966,10.1038/msb4100087_nitrogen_nitrogen_deprivation_med4_med4_microarray,MICROARRAY,48h,-3.171026598,1.0,not_significant
H1_N,Prochlorococcus MED4,PMM0966,10.1038/msb4100087_nitrogen_nitrogen_deprivation_med4_med4_microarray,MICROARRAY,12h,-3.082907367,1.0,not_significant
H1_N,Prochlorococcus MED4,PMM0965,10.1038/ismej.2017.88_nitrogen_stress_ndepleted_pro99_medium_med4_rnaseq,RNASEQ,24h,3.08,0.0,significant_up
H1_N,Prochlorococcus MED4,PMM0246,10.1038/msb4100087_nitrogen_nitrogen_deprivation_med4_med4_microarray,MICROARRAY,3h,3.038840754,1.0,not_significant
H1_N,Prochlorococcus MED4,PMM0246,10.1038/msb4100087_nitrogen_nitrogen_deprivation_med4_med4_microarray,MICROARRAY,12h,3.01927772296539,0.01,significant_up
H1_N,Prochlorococcus MED4,PMM0372,10.1101/2025.11.24.690089_growth_state_pro99lown_nutrient_starvation_med4_rnaseq_axenic,RNASEQ,day 14,2.981071492685053,2.4777048908969736e-11,significant_up
H1_N,Prochlorococcus MED4,PMM0920,10.1038/ismej.2017.88_nitrogen_stress_ndepleted_pro99_medium_med4_rnaseq,RNASEQ,12h,2.85,0.0,significant_up
H1_N,Prochlorococcus MED4,PMM0970,10.1038/ismej.2017.88_nitrogen_stress_ndepleted_pro99_medium_med4_rnaseq,RNASEQ,24h,2.8,0.01,significant_up
H1_N,Prochlorococcus MED4,PMM0246,10.1101/2025.11.24.690089_growth_state_pro99lown_nutrient_starvation_med4_proteomics_axenic,PROTEOMICS,day 89,2.67964712778727,2.53352928604394e-06,significant_up
H1_N,Prochlorococcus MED4,PMM0970,10.1101/2025.11.24.690089_growth_state_pro99lown_nutrient_starvation_med4_rnaseq_axenic,RNASEQ,day 14,2.6694942279740563,0.0001935099423896,significant_up
H1_N,Prochlorococcus MED4,PMM0371,10.1038/ismej.2017.88_nitrogen_stress_ndepleted_pro99_medium_med4_rnaseq,RNASEQ,24h,2.65,0.0,significant_up
H1_N,Prochlorococcus MED4,PMM0965,10.1038/ismej.2017.88_nitrogen_stress_ndepleted_pro99_medium_med4_rnaseq,RNASEQ,12h,2.6,0.0,significant_up
H1_N,Prochlorococcus MED4,PMM1512,10.1101/2025.11.24.690089_growth_state_pro99lown_nutrient_starvation_med4_rnaseq_axenic,RNASEQ,day 14,2.529728484721897,6.0856483158426845e-09,significant_up
H1_N,Prochlorococcus MED4,PMM0920,10.1101/2025.11.24.690089_growth_state_pro99lown_nutrient_starvation_med4_proteomics_axenic,PROTEOMICS,day 89,2.52888647715251,3.51988774237846e-06,significant_up
H1_N,Prochlorococcus MED4,PMM0920,10.1038/ismej.2017.88_nitrogen_stress_ndepleted_pro99_medium_med4_rnaseq,RNASEQ,24h,2.45,0.0,significant_up
H1_N,Prochlorococcus MED4,PMM0371,10.1038/msb4100087_nitrogen_nitrogen_deprivation_med4_med4_microarray,MICROARRAY,12h,2.37248468438192,0.01,significant_up
H1_N,Prochlorococcus MED4,PMM0964,10.1038/ismej.2017.88_nitrogen_stress_ndepleted_pro99_medium_med4_rnaseq,RNASEQ,12h,2.37,0.01,significant_up
H1_N,Prochlorococcus MED4,PMM0966,10.1038/ismej.2017.88_nitrogen_stress_ndepleted_pro99_medium_med4_rnaseq,RNASEQ,12h,2.36,0.02,significant_up
H1_N,Prochlorococcus MED4,PMM0964,10.1038/ismej.2017.88_nitrogen_stress_ndepleted_pro99_medium_med4_rnaseq,RNASEQ,24h,2.33,0.0,significant_up
H1_N,Prochlorococcus MED4,PMM0371,10.1038/msb4100087_nitrogen_nitrogen_deprivation_med4_med4_microarray,MICROARRAY,6h,2.28110125476454,0.01,significant_up
H1_N,Prochlorococcus MED4,PMM0263,10.1038/ismej.2017.88_nitrogen_stress_ndepleted_pro99_medium_med4_rnaseq,RNASEQ,12h,2.27,1.0,not_significant
H1_N,Prochlorococcus MED4,PMM0965,10.1101/2025.11.24.690089_growth_state_pro99lown_nutrient_starvation_med4_rnaseq_axenic,RNASEQ,day 14,2.264438881479556,0.0002324155619118,significant_up
H1_N,Prochlorococcus MED4,PMM0263,10.1038/ismej.2017.88_nitrogen_stress_ndepleted_pro99_medium_med4_rnaseq,RNASEQ,24h,2.26,1.0,not_significant
H1_N,Prochlorococcus MED4,PMM0372,10.1038/msb4100087_nitrogen_nitrogen_deprivation_med4_med4_microarray,MICROARRAY,12h,2.17991366596472,0.01,significant_up
H1_N,Prochlorococcus MED4,PMM0246,10.1038/ismej.2017.88_nitrogen_stress_ndepleted_pro99_medium_med4_rnaseq,RNASEQ,24h,2.17,0.0,significant_up
H1_N,Prochlorococcus MED4,PMM0246,10.1038/msb4100087_nitrogen_nitrogen_deprivation_med4_med4_microarray,MICROARRAY,0h,-2.166458145,1.0,not_significant
H1_N,Prochlorococcus MED4,PMM0920,10.1101/2025.11.24.690089_growth_state_pro99lown_nutrient_starvation_med4_proteomics_axenic,PROTEOMICS,day 14,2.12048435211182,8.88446794862496e-05,significant_up
H1_N,Prochlorococcus MED4,PMM0371,10.1038/msb4100087_nitrogen_nitrogen_deprivation_med4_med4_microarray,MICROARRAY,48h,2.10887801596109,0.01,significant_up
H1_N,Prochlorococcus MED4,PMM0964,10.1101/2025.11.24.690089_growth_state_pro99lown_nutrient_starvation_med4_rnaseq_axenic,RNASEQ,day 14,2.1014755889527947,1.3632077421037737e-05,significant_up
H1_N,Prochlorococcus MED4,PMM0370,10.1101/2025.11.24.690089_growth_state_pro99lown_nutrient_starvation_med4_proteomics_axenic,PROTEOMICS,day 14,2.09205468495687,3.06387677674992e-06,significant_up
H1_N,Prochlorococcus MED4,PMM0370,10.1038/ismej.2017.88_nitrogen_stress_ndepleted_pro99_medium_med4_rnaseq,RNASEQ,3h,-1.98,0.09,not_significant
H1_N,Prochlorococcus MED4,PMM0966,10.1038/ismej.2017.88_nitrogen_stress_ndepleted_pro99_medium_med4_rnaseq,RNASEQ,3h,-1.96,0.14,not_significant
H1_N,Prochlorococcus MED4,PMM0371,10.1038/msb4100087_nitrogen_nitrogen_deprivation_med4_med4_microarray,MICROARRAY,24h,1.92816297994649,0.01,significant_up
H1_N,Prochlorococcus MED4,PMM0965,10.1038/msb4100087_nitrogen_nitrogen_deprivation_med4_med4_microarray,MICROARRAY,6h,1.90550104081613,0.01,significant_up
H1_N,Prochlorococcus MED4,PMM0246,10.1101/2025.11.24.690089_growth_state_pro99lown_nutrient_starvation_med4_proteomics_axenic,PROTEOMICS,day 14,1.86500326792399,0.0002207182174203,significant_up
H1_N,Prochlorococcus MED4,PMM0963,10.1101/2025.11.24.690089_growth_state_pro99lown_nutrient_starvation_med4_proteomics_axenic,PROTEOMICS,day 31,1.85950660705567,3.38928784388999e-06,significant_up
H1_N,Prochlorococcus MED4,PMM0969,10.1038/ismej.2017.88_nitrogen_stress_ndepleted_pro99_medium_med4_rnaseq,RNASEQ,3h,-1.85,0.1,not_significant
H1_N,Prochlorococcus MED4,PMM0969,10.1038/ismej.2017.88_nitrogen_stress_ndepleted_pro99_medium_med4_rnaseq,RNASEQ,24h,1.85,0.05,significant_up
H1_N,Prochlorococcus MED4,PMM0963,10.1101/2025.11.24.690089_growth_state_pro99lown_nutrient_starvation_med4_proteomics_axenic,PROTEOMICS,day 89,1.82478745778402,3.57809822239236e-06,significant_up
H1_N,Prochlorococcus MED4,PMM0964,10.1038/ismej.2017.88_nitrogen_stress_ndepleted_pro99_medium_med4_rnaseq,RNASEQ,3h,-1.82,0.1,not_significant
H1_N,Prochlorococcus MED4,PMM0969,10.1038/ismej.2017.88_nitrogen_stress_ndepleted_pro99_medium_med4_rnaseq,RNASEQ,12h,1.75,0.02,significant_up
H1_N,Prochlorococcus MED4,PMM0967,10.1101/2025.11.24.690089_growth_state_pro99lown_nutrient_starvation_med4_proteomics_axenic,PROTEOMICS,day 89,1.72323067982992,0.0010265872982329,significant_up
H1_N,Prochlorococcus MED4,PMM0246,10.1038/ismej.2017.88_nitrogen_stress_ndepleted_pro99_medium_med4_rnaseq,RNASEQ,12h,1.71,0.26,not_significant
H1_N,Prochlorococcus MED4,PMM0373,10.1038/ismej.2017.88_nitrogen_stress_ndepleted_pro99_medium_med4_rnaseq,RNASEQ,12h,1.71,0.22,not_significant
H1_N,Prochlorococcus MED4,PMM0373,10.1038/msb4100087_nitrogen_nitrogen_deprivation_med4_med4_microarray,MICROARRAY,48h,1.698942439,1.0,not_significant
H1_N,Prochlorococcus MED4,PMM0246,10.1038/msb4100087_nitrogen_nitrogen_deprivation_med4_med4_microarray,MICROARRAY,24h,1.67965300850396,0.01,significant_up
H1_N,Prochlorococcus MED4,PMM0963,10.1038/ismej.2017.88_nitrogen_stress_ndepleted_pro99_medium_med4_rnaseq,RNASEQ,24h,1.66,0.05,significant_up
H1_N,Prochlorococcus MED4,PMM0965,10.1101/2025.11.24.690089_growth_state_pro99lown_nutrient_starvation_med4_proteomics_axenic,PROTEOMICS,day 14,1.60331058502197,0.0107429971839741,significant_up
H1_N,Prochlorococcus MED4,PMM0967,10.1101/2025.11.24.690089_growth_state_pro99lown_nutrient_starvation_med4_proteomics_axenic,PROTEOMICS,day 31,1.57349395751953,0.0018340309398113,significant_up
H1_N,Prochlorococcus MED4,PMM0372,10.1101/2025.11.24.690089_growth_state_pro99lown_nutrient_starvation_med4_proteomics_axenic,PROTEOMICS,day 14,1.57325267791748,0.0006064934109148,significant_up
H1_N,Prochlorococcus MED4,PMM0965,10.1038/ismej.2017.88_nitrogen_stress_ndepleted_pro99_medium_med4_rnaseq,RNASEQ,3h,-1.57,0.14,not_significant
H1_N,Prochlorococcus MED4,PMM0372,10.1038/msb4100087_nitrogen_nitrogen_deprivation_med4_med4_microarray,MICROARRAY,6h,1.53130361811556,0.01,significant_up
H1_N,Prochlorococcus MED4,PMM0965,10.1038/msb4100087_nitrogen_nitrogen_deprivation_med4_med4_microarray,MICROARRAY,12h,1.5016806356999,0.01,significant_up
H1_N,Prochlorococcus MED4,PMM0920,10.1038/ismej.2017.88_nitrogen_stress_ndepleted_pro99_medium_med4_rnaseq,RNASEQ,3h,1.5,1.0,not_significant
H1_N,Prochlorococcus MED4,PMM0972,10.1101/2025.11.24.690089_growth_state_pro99lown_nutrient_starvation_med4_proteomics_axenic,PROTEOMICS,day 89,1.49678579966227,0.0016531803615837,significant_up
H1_N,Prochlorococcus MED4,PMM0968,10.1038/msb4100087_nitrogen_nitrogen_deprivation_med4_med4_microarray,MICROARRAY,0h,-1.49559766,1.0,not_significant
H1_N,Prochlorococcus MED4,PMM0372,10.1038/msb4100087_nitrogen_nitrogen_deprivation_med4_med4_microarray,MICROARRAY,24h,1.46954583994354,0.01,significant_up
H1_N,Prochlorococcus MED4,PMM0970,10.1101/2025.11.24.690089_growth_state_pro99lown_nutrient_starvation_med4_proteomics_axenic,PROTEOMICS,day 31,-1.44952583312988,1.19495319538646e-05,significant_down
H1_N,Prochlorococcus MED4,PMM0393,10.1038/msb4100087_nitrogen_nitrogen_deprivation_med4_med4_microarray,MICROARRAY,48h,-1.440531926,1.0,not_significant
H1_N,Prochlorococcus MED4,PMM0920,10.1101/2025.11.24.690089_growth_state_pro99lown_nutrient_starvation_med4_proteomics_axenic,PROTEOMICS,day 31,1.38018099466959,0.000453055859293,significant_up
H1_N,Prochlorococcus MED4,PMM0963,10.1101/2025.11.24.690089_growth_state_pro99lown_nutrient_starvation_med4_rnaseq_axenic,RNASEQ,day 14,1.3686487195269106,1.0856378755887778e-06,significant_up
H1_N,Prochlorococcus MED4,PMM0967,10.1038/msb4100087_nitrogen_nitrogen_deprivation_med4_med4_microarray,MICROARRAY,48h,-1.35589418,1.0,not_significant
H1_N,Prochlorococcus MED4,PMM0372,10.1038/msb4100087_nitrogen_nitrogen_deprivation_med4_med4_microarray,MICROARRAY,48h,1.350649249,1.0,not_significant
H1_N,Prochlorococcus MED4,PMM0371,10.1101/2025.11.24.690089_growth_state_pro99lown_nutrient_starvation_med4_proteomics_axenic,PROTEOMICS,day 31,1.33327420552572,0.0721109025683839,not_significant
H1_N,Prochlorococcus MED4,PMM0964,10.1038/msb4100087_nitrogen_nitrogen_deprivation_med4_med4_microarray,MICROARRAY,12h,1.32778315629641,0.01,significant_up
H1_N,Prochlorococcus MED4,PMM0974,10.1101/2025.11.24.690089_growth_state_pro99lown_nutrient_starvation_med4_rnaseq_axenic,RNASEQ,day 14,1.3202410768900066,0.0055362407899833,significant_up
H1_N,Prochlorococcus MED4,PMM0373,10.1101/2025.11.24.690089_growth_state_pro99lown_nutrient_starvation_med4_proteomics_axenic,PROTEOMICS,day 14,1.30489826202393,0.0347277383696124,significant_up
H1_N,Prochlorococcus MED4,PMM0373,10.1038/msb4100087_nitrogen_nitrogen_deprivation_med4_med4_microarray,MICROARRAY,12h,1.289198572,1.0,not_significant
H1_N,Prochlorococcus MED4,PMM0371,10.1101/2025.11.24.690089_growth_state_pro99lown_nutrient_starvation_med4_proteomics_axenic,PROTEOMICS,day 14,1.27374362945557,0.16176371197448,not_significant
H1_N,Prochlorococcus MED4,PMM0965,10.1101/2025.11.24.690089_growth_state_pro99lown_nutrient_starvation_med4_proteomics_axenic,PROTEOMICS,day 89,1.25440692901611,0.0130553170607451,significant_up
H1_N,Prochlorococcus MED4,PMM1512,10.1038/msb4100087_nitrogen_nitrogen_deprivation_med4_med4_microarray,MICROARRAY,12h,1.24648614137608,0.01,significant_up
H1_N,Prochlorococcus MED4,PMM0965,10.1038/msb4100087_nitrogen_nitrogen_deprivation_med4_med4_microarray,MICROARRAY,48h,1.243182442,1.0,not_significant
H1_N,Prochlorococcus MED4,PMM0246,10.1038/msb4100087_nitrogen_nitrogen_deprivation_med4_med4_microarray,MICROARRAY,48h,1.22622802,1.0,not_significant
H1_N,Prochlorococcus MED4,PMM0969,10.1038/msb4100087_nitrogen_nitrogen_deprivation_med4_med4_microarray,MICROARRAY,12h,1.21799783854879,0.01,significant_up
H1_N,Prochlorococcus MED4,PMM0963,10.1038/ismej.2017.88_nitrogen_stress_ndepleted_pro99_medium_med4_rnaseq,RNASEQ,12h,1.2,0.38,not_significant
H1_N,Prochlorococcus MED4,PMM0965,10.1038/msb4100087_nitrogen_nitrogen_deprivation_med4_med4_microarray,MICROARRAY,3h,1.135729397,1.0,not_significant
H1_N,Prochlorococcus MED4,PMM0373,10.1101/2025.11.24.690089_growth_state_pro99lown_nutrient_starvation_med4_proteomics_axenic,PROTEOMICS,day 89,1.11622905731201,0.0279676097992219,significant_up
H1_N,Prochlorococcus MED4,PMM0263,10.1038/msb4100087_nitrogen_nitrogen_deprivation_med4_med4_microarray,MICROARRAY,6h,1.09022039554685,0.01,significant_up
H1_N,Prochlorococcus MED4,PMM0965,10.1038/msb4100087_nitrogen_nitrogen_deprivation_med4_med4_microarray,MICROARRAY,24h,1.0838688978539,0.01,significant_up
H1_N,Prochlorococcus MED4,PMM0371,10.1038/msb4100087_nitrogen_nitrogen_deprivation_med4_med4_microarray,MICROARRAY,3h,1.080973522,1.0,not_significant
H1_N,Prochlorococcus MED4,PMM0373,10.1038/msb4100087_nitrogen_nitrogen_deprivation_med4_med4_microarray,MICROARRAY,24h,1.055594537,1.0,not_significant
H1_N,Prochlorococcus MED4,PMM0263,10.1038/msb4100087_nitrogen_nitrogen_deprivation_med4_med4_microarray,MICROARRAY,24h,1.05240145098823,0.01,significant_up
H1_N,Prochlorococcus MED4,PMM0966,10.1038/ismej.2017.88_nitrogen_stress_ndepleted_pro99_medium_med4_rnaseq,RNASEQ,24h,1.05,0.29,not_significant
H1_N,Prochlorococcus MED4,PMM0263,10.1101/2025.11.24.690089_growth_state_pro99lown_nutrient_starvation_med4_proteomics_axenic,PROTEOMICS,day 89,1.01010862986247,0.0010926752597998,significant_up
H1_N,Prochlorococcus MED4,PMM0973,10.1101/2025.11.24.690089_growth_state_pro99lown_nutrient_starvation_med4_rnaseq_axenic,RNASEQ,day 14,1.0075126293068315,0.0278893507331073,significant_up
H1_N,Prochlorococcus MED4,PMM0393,10.1101/2025.11.24.690089_growth_state_pro99lown_nutrient_starvation_med4_proteomics_axenic,PROTEOMICS,day 14,1.00702953338623,0.0164797999456599,significant_up
H1_N,Prochlorococcus MED4,PMM1512,10.1038/msb4100087_nitrogen_nitrogen_deprivation_med4_med4_microarray,MICROARRAY,48h,0.982868037,1.0,not_significant
H1_N,Prochlorococcus MED4,PMM0969,10.1101/2025.11.24.690089_growth_state_pro99lown_nutrient_starvation_med4_rnaseq_axenic,RNASEQ,day 14,0.9814433301071968,0.0057525757398383,not_significant
H1_N,Prochlorococcus MED4,PMM1512,10.1038/ismej.2017.88_nitrogen_stress_ndepleted_pro99_medium_med4_rnaseq,RNASEQ,24h,0.94,0.4,not_significant
H1_N,Prochlorococcus MED4,PMM0964,10.1038/msb4100087_nitrogen_nitrogen_deprivation_med4_med4_microarray,MICROARRAY,6h,0.912417913,1.0,not_significant
H1_N,Prochlorococcus MED4,PMM0373,10.1038/msb4100087_nitrogen_nitrogen_deprivation_med4_med4_microarray,MICROARRAY,6h,0.904883582,1.0,not_significant
H1_N,Prochlorococcus MED4,PMM0969,10.1101/2025.11.24.690089_growth_state_pro99lown_nutrient_starvation_med4_proteomics_axenic,PROTEOMICS,day 31,0.899624506632485,0.0403152845021017,not_significant
H1_N,Prochlorococcus MED4,PMM1512,10.1038/msb4100087_nitrogen_nitrogen_deprivation_med4_med4_microarray,MICROARRAY,6h,0.897205448251782,0.01,significant_up
H1_N,Prochlorococcus MED4,PMM0974,10.1038/ismej.2017.88_nitrogen_stress_ndepleted_pro99_medium_med4_rnaseq,RNASEQ,3h,-0.89,0.72,not_significant
H1_N,Prochlorococcus MED4,PMM1512,10.1038/msb4100087_nitrogen_nitrogen_deprivation_med4_med4_microarray,MICROARRAY,24h,0.872687543,1.0,not_significant
H1_N,Prochlorococcus MED4,PMM0974,10.1038/msb4100087_nitrogen_nitrogen_deprivation_med4_med4_microarray,MICROARRAY,12h,0.872009404,1.0,not_significant
H1_N,Prochlorococcus MED4,PMM0100,10.1101/2025.11.24.690089_growth_state_pro99lown_nutrient_starvation_med4_proteomics_axenic,PROTEOMICS,day 31,-0.858004252115885,0.0004048178600392,not_significant
H1_N,Prochlorococcus MED4,PMM0965,10.1101/2025.11.24.690089_growth_state_pro99lown_nutrient_starvation_med4_proteomics_axenic,PROTEOMICS,day 31,0.833249409993486,0.07384760350825,not_significant
H1_N,Prochlorococcus MED4,PMM0970,10.1101/2025.11.24.690089_growth_state_pro99lown_nutrient_starvation_med4_proteomics_axenic,PROTEOMICS,day 14,0.82442315419515,0.0039027325118359,not_significant
H1_N,Prochlorococcus MED4,PMM0972,10.1101/2025.11.24.690089_growth_state_pro99lown_nutrient_starvation_med4_proteomics_axenic,PROTEOMICS,day 31,0.82244300842285,0.0420836362339619,not_significant
H1_N,Prochlorococcus MED4,PMM0047,10.1101/2025.11.24.690089_growth_state_pro99lown_nutrient_starvation_med4_rnaseq_axenic,RNASEQ,day 14,0.8102821392956102,0.0070307728850213,not_significant
H1_N,Prochlorococcus MED4,PMM1512,10.1038/ismej.2017.88_nitrogen_stress_ndepleted_pro99_medium_med4_rnaseq,RNASEQ,12h,0.81,1.0,not_significant
H1_N,Prochlorococcus MED4,PMM0263,10.1038/msb4100087_nitrogen_nitrogen_deprivation_med4_med4_microarray,MICROARRAY,3h,0.801664843,1.0,not_significant
H1_N,Prochlorococcus MED4,PMM0969,10.1038/msb4100087_nitrogen_nitrogen_deprivation_med4_med4_microarray,MICROARRAY,24h,0.801503554,1.0,not_significant
H1_N,Prochlorococcus MED4,PMM0964,10.1101/2025.11.24.690089_growth_state_pro99lown_nutrient_starvation_med4_proteomics_axenic,PROTEOMICS,day 14,0.797797203063965,0.0423704890111036,not_significant
H1_N,Prochlorococcus MED4,PMM0967,10.1038/msb4100087_nitrogen_nitrogen_deprivation_med4_med4_microarray,MICROARRAY,0h,-0.795965021,1.0,not_significant
H1_N,Prochlorococcus MED4,PMM0100,10.1101/2025.11.24.690089_growth_state_pro99lown_nutrient_starvation_med4_rnaseq_axenic,RNASEQ,day 14,0.7835340635894691,0.0014793620645854,not_significant
H1_N,Prochlorococcus MED4,PMM0970,10.1038/msb4100087_nitrogen_nitrogen_deprivation_med4_med4_microarray,MICROARRAY,0h,0.77958576,1.0,not_significant
H1_N,Prochlorococcus MED4,PMM0373,10.1101/2025.11.24.690089_growth_state_pro99lown_nutrient_starvation_med4_rnaseq_axenic,RNASEQ,day 14,0.7777349901718181,0.0941706523664379,not_significant
H1_N,Prochlorococcus MED4,PMM0974,10.1038/msb4100087_nitrogen_nitrogen_deprivation_med4_med4_microarray,MICROARRAY,3h,0.777664686,1.0,not_significant
H1_N,Prochlorococcus MED4,PMM0970,10.1101/2025.11.24.690089_growth_state_pro99lown_nutrient_starvation_med4_proteomics_axenic,PROTEOMICS,day 89,-0.777386665344237,0.0014001002527953,not_significant
H1_N,Prochlorococcus MED4,PMM0972,10.1101/2025.11.24.690089_growth_state_pro99lown_nutrient_starvation_med4_rnaseq_axenic,RNASEQ,day 14,0.7696813665292588,0.073232218770298,not_significant
H1_N,Prochlorococcus MED4,PMM0393,10.1038/msb4100087_nitrogen_nitrogen_deprivation_med4_med4_microarray,MICROARRAY,12h,0.76440665,1.0,not_significant
H1_N,Prochlorococcus MED4,PMM0969,10.1101/2025.11.24.690089_growth_state_pro99lown_nutrient_starvation_med4_proteomics_axenic,PROTEOMICS,day 89,0.760268847147622,0.080142393297825,not_significant
H1_N,Prochlorococcus MED4,PMM0371,10.1101/2025.11.24.690089_growth_state_pro99lown_nutrient_starvation_med4_proteomics_axenic,PROTEOMICS,day 89,0.740062395731607,0.323042005558364,not_significant
H1_N,Prochlorococcus MED4,PMM0373,10.1038/msb4100087_nitrogen_nitrogen_deprivation_med4_med4_microarray,MICROARRAY,3h,0.73404732,1.0,not_significant
H1_N,Prochlorococcus MED4,PMM0968,10.1038/msb4100087_nitrogen_nitrogen_deprivation_med4_med4_microarray,MICROARRAY,12h,0.716767806,1.0,not_significant
H1_N,Prochlorococcus MED4,PMM0372,10.1101/2025.11.24.690089_growth_state_pro99lown_nutrient_starvation_med4_proteomics_axenic,PROTEOMICS,day 31,0.713287989298502,0.0206303850684552,not_significant
H1_N,Prochlorococcus MED4,PMM0393,10.1038/msb4100087_nitrogen_nitrogen_deprivation_med4_med4_microarray,MICROARRAY,0h,-0.693732222,1.0,not_significant
H1_N,Prochlorococcus MED4,PMM0964,10.1038/msb4100087_nitrogen_nitrogen_deprivation_med4_med4_microarray,MICROARRAY,24h,0.683407688,1.0,not_significant
H1_N,Prochlorococcus MED4,PMM0974,10.1038/msb4100087_nitrogen_nitrogen_deprivation_med4_med4_microarray,MICROARRAY,6h,0.662247233,1.0,not_significant
H1_N,Prochlorococcus MED4,PMM0966,10.1101/2025.11.24.690089_growth_state_pro99lown_nutrient_starvation_med4_proteomics_axenic,PROTEOMICS,day 31,0.648622512817386,0.0368564426926358,not_significant
H1_N,Prochlorococcus MED4,PMM0263,10.1101/2025.11.24.690089_growth_state_pro99lown_nutrient_starvation_med4_proteomics_axenic,PROTEOMICS,day 31,0.647590637207035,0.015620114970028,not_significant
H1_N,Prochlorococcus MED4,PMM0973,10.1038/msb4100087_nitrogen_nitrogen_deprivation_med4_med4_microarray,MICROARRAY,6h,0.642414235,1.0,not_significant
H1_N,Prochlorococcus MED4,PMM0263,10.1038/msb4100087_nitrogen_nitrogen_deprivation_med4_med4_microarray,MICROARRAY,12h,0.640798321,1.0,not_significant
H1_N,Prochlorococcus MED4,PMM0963,10.1038/msb4100087_nitrogen_nitrogen_deprivation_med4_med4_microarray,MICROARRAY,48h,0.63756763,1.0,not_significant
H1_N,Prochlorococcus MED4,PMM0963,10.1101/2025.11.24.690089_growth_state_pro99lown_nutrient_starvation_med4_proteomics_axenic,PROTEOMICS,day 14,0.63168239593506,0.0274045512638865,not_significant
H1_N,Prochlorococcus MED4,PMM0373,10.1101/2025.11.24.690089_growth_state_pro99lown_nutrient_starvation_med4_proteomics_axenic,PROTEOMICS,day 31,0.629897435506186,0.180289681060176,not_significant
H1_N,Prochlorococcus MED4,PMM0969,10.1038/msb4100087_nitrogen_nitrogen_deprivation_med4_med4_microarray,MICROARRAY,6h,0.628258636,1.0,not_significant
H1_N,Prochlorococcus MED4,PMM0966,10.1038/msb4100087_nitrogen_nitrogen_deprivation_med4_med4_microarray,MICROARRAY,6h,0.619389551,1.0,not_significant
H1_N,Prochlorococcus MED4,PMM0100,10.1101/2025.11.24.690089_growth_state_pro99lown_nutrient_starvation_med4_proteomics_axenic,PROTEOMICS,day 14,-0.608890851338705,0.0141612763486772,not_significant
H1_N,Prochlorococcus MED4,PMM0100,10.1038/msb4100087_nitrogen_nitrogen_deprivation_med4_med4_microarray,MICROARRAY,48h,-0.608492634,1.0,not_significant
H1_N,Prochlorococcus MED4,PMM0964,10.1038/msb4100087_nitrogen_nitrogen_deprivation_med4_med4_microarray,MICROARRAY,48h,0.608392413,1.0,not_significant
H1_N,Prochlorococcus MED4,PMM0966,10.1101/2025.11.24.690089_growth_state_pro99lown_nutrient_starvation_med4_proteomics_axenic,PROTEOMICS,day 89,0.594690004984539,0.0556443644666928,not_significant
H1_N,Prochlorococcus MED4,PMM0968,10.1038/msb4100087_nitrogen_nitrogen_deprivation_med4_med4_microarray,MICROARRAY,6h,0.582891296,1.0,not_significant
H1_N,Prochlorococcus MED4,PMM0246,10.1038/ismej.2017.88_nitrogen_stress_ndepleted_pro99_medium_med4_rnaseq,RNASEQ,3h,0.57,1.0,not_significant
H1_N,Prochlorococcus MED4,PMM0370,10.1101/2025.11.24.690089_growth_state_pro99lown_nutrient_starvation_med4_proteomics_axenic,PROTEOMICS,day 89,0.56135654449463,0.007184434611543,not_significant
H1_N,Prochlorococcus MED4,PMM0969,10.1038/msb4100087_nitrogen_nitrogen_deprivation_med4_med4_microarray,MICROARRAY,0h,-0.545153027,1.0,not_significant
H1_N,Prochlorococcus MED4,PMM0966,10.1101/2025.11.24.690089_growth_state_pro99lown_nutrient_starvation_med4_rnaseq_axenic,RNASEQ,day 14,0.5363911542401613,0.1701340905607276,not_significant
H1_N,Prochlorococcus MED4,PMM0373,10.1038/msb4100087_nitrogen_nitrogen_deprivation_med4_med4_microarray,MICROARRAY,0h,-0.525219279,1.0,not_significant
H1_N,Prochlorococcus MED4,PMM0968,10.1101/2025.11.24.690089_growth_state_pro99lown_nutrient_starvation_med4_rnaseq_axenic,RNASEQ,day 14,-0.5204688529722536,0.1190139421048952,not_significant
H1_N,Prochlorococcus MED4,PMM0966,10.1038/msb4100087_nitrogen_nitrogen_deprivation_med4_med4_microarray,MICROARRAY,24h,-0.520424581,1.0,not_significant
H1_N,Prochlorococcus MED4,PMM0371,10.1038/ismej.2017.88_nitrogen_stress_ndepleted_pro99_medium_med4_rnaseq,RNASEQ,12h,0.52,0.69,not_significant
H1_N,Prochlorococcus MED4,PMM0100,10.1101/2025.11.24.690089_growth_state_pro99lown_nutrient_starvation_med4_proteomics_axenic,PROTEOMICS,day 89,-0.509865125020345,0.0123892018321413,not_significant
H1_N,Prochlorococcus MED4,PMM0920,10.1038/msb4100087_nitrogen_nitrogen_deprivation_med4_med4_microarray,MICROARRAY,0h,0.509219432,1.0,not_significant
H1_N,Prochlorococcus MED4,PMM0974,10.1038/msb4100087_nitrogen_nitrogen_deprivation_med4_med4_microarray,MICROARRAY,0h,0.488677358,1.0,not_significant
H1_N,Prochlorococcus MED4,PMM0974,10.1038/msb4100087_nitrogen_nitrogen_deprivation_med4_med4_microarray,MICROARRAY,24h,0.476789054,1.0,not_significant
H1_N,Prochlorococcus MED4,PMM0972,10.1038/msb4100087_nitrogen_nitrogen_deprivation_med4_med4_microarray,MICROARRAY,6h,0.473844962,1.0,not_significant
H1_N,Prochlorococcus MED4,PMM0973,10.1038/msb4100087_nitrogen_nitrogen_deprivation_med4_med4_microarray,MICROARRAY,0h,-0.463805564,1.0,not_significant
H1_N,Prochlorococcus MED4,PMM0972,10.1101/2025.11.24.690089_growth_state_pro99lown_nutrient_starvation_med4_proteomics_axenic,PROTEOMICS,day 14,0.462238629659016,0.354075856391703,not_significant
H1_N,Prochlorococcus MED4,PMM0100,10.1038/msb4100087_nitrogen_nitrogen_deprivation_med4_med4_microarray,MICROARRAY,0h,-0.46122048,1.0,not_significant
H1_N,Prochlorococcus MED4,PMM0974,10.1038/ismej.2017.88_nitrogen_stress_ndepleted_pro99_medium_med4_rnaseq,RNASEQ,24h,-0.46,0.94,not_significant
H1_N,Prochlorococcus MED4,PMM0964,10.1038/msb4100087_nitrogen_nitrogen_deprivation_med4_med4_microarray,MICROARRAY,3h,0.452231913,1.0,not_significant
H1_N,Prochlorococcus MED4,PMM0974,10.1101/2025.11.24.690089_growth_state_pro99lown_nutrient_starvation_med4_proteomics_axenic,PROTEOMICS,day 14,0.451292355855306,0.182253959680862,not_significant
H1_N,Prochlorococcus MED4,PMM0973,10.1038/msb4100087_nitrogen_nitrogen_deprivation_med4_med4_microarray,MICROARRAY,3h,0.441723649,1.0,not_significant
H1_N,Prochlorococcus MED4,PMM0963,10.1038/msb4100087_nitrogen_nitrogen_deprivation_med4_med4_microarray,MICROARRAY,3h,0.418075292,1.0,not_significant
H1_N,Prochlorococcus MED4,PMM0974,10.1101/2025.11.24.690089_growth_state_pro99lown_nutrient_starvation_med4_proteomics_axenic,PROTEOMICS,day 89,0.417037645975749,0.129428134172199,not_significant
H1_N,Prochlorococcus MED4,PMM0100,10.1038/msb4100087_nitrogen_nitrogen_deprivation_med4_med4_microarray,MICROARRAY,12h,-0.416978129,1.0,not_significant
H1_N,Prochlorococcus MED4,PMM0964,10.1101/2025.11.24.690089_growth_state_pro99lown_nutrient_starvation_med4_proteomics_axenic,PROTEOMICS,day 89,0.400882403055827,0.198174455154745,not_significant
H1_N,Prochlorococcus MED4,PMM1512,10.1101/2025.11.24.690089_growth_state_pro99lown_nutrient_starvation_med4_proteomics_axenic,PROTEOMICS,day 31,-0.395454406738279,0.0877944221492835,not_significant
H1_N,Prochlorococcus MED4,PMM0393,10.1038/msb4100087_nitrogen_nitrogen_deprivation_med4_med4_microarray,MICROARRAY,24h,-0.385845717,1.0,not_significant
H1_N,Prochlorococcus MED4,PMM0373,10.1038/ismej.2017.88_nitrogen_stress_ndepleted_pro99_medium_med4_rnaseq,RNASEQ,24h,-0.37,0.64,not_significant
H1_N,Prochlorococcus MED4,PMM0393,10.1038/msb4100087_nitrogen_nitrogen_deprivation_med4_med4_microarray,MICROARRAY,3h,-0.368265109,1.0,not_significant
H1_N,Prochlorococcus MED4,PMM0100,10.1038/msb4100087_nitrogen_nitrogen_deprivation_med4_med4_microarray,MICROARRAY,6h,-0.365399561,1.0,not_significant
H1_N,Prochlorococcus MED4,PMM0967,10.1038/msb4100087_nitrogen_nitrogen_deprivation_med4_med4_microarray,MICROARRAY,12h,0.358014784,1.0,not_significant
H1_N,Prochlorococcus MED4,PMM0047,10.1038/msb4100087_nitrogen_nitrogen_deprivation_med4_med4_microarray,MICROARRAY,3h,-0.356053039,1.0,not_significant
H1_N,Prochlorococcus MED4,PMM0973,10.1038/msb4100087_nitrogen_nitrogen_deprivation_med4_med4_microarray,MICROARRAY,24h,0.345724139,1.0,not_significant
H1_N,Prochlorococcus MED4,PMM0967,10.1101/2025.11.24.690089_growth_state_pro99lown_nutrient_starvation_med4_rnaseq_axenic,RNASEQ,day 14,0.3434571839756931,0.4134216575839733,not_significant
H1_N,Prochlorococcus MED4,PMM0966,10.1101/2025.11.24.690089_growth_state_pro99lown_nutrient_starvation_med4_proteomics_axenic,PROTEOMICS,day 14,0.335178057352702,0.379002366032333,not_significant
H1_N,Prochlorococcus MED4,PMM0972,10.1038/msb4100087_nitrogen_nitrogen_deprivation_med4_med4_microarray,MICROARRAY,0h,-0.328046202,1.0,not_significant
H1_N,Prochlorococcus MED4,PMM0973,10.1101/2025.11.24.690089_growth_state_pro99lown_nutrient_starvation_med4_proteomics_axenic,PROTEOMICS,day 89,0.309952735900879,0.315456450855441,not_significant
H1_N,Prochlorococcus MED4,PMM0047,10.1038/msb4100087_nitrogen_nitrogen_deprivation_med4_med4_microarray,MICROARRAY,12h,0.308205233,1.0,not_significant
H1_N,Prochlorococcus MED4,PMM0972,10.1038/msb4100087_nitrogen_nitrogen_deprivation_med4_med4_microarray,MICROARRAY,24h,0.30287296,1.0,not_significant
H1_N,Prochlorococcus MED4,PMM0964,10.1038/msb4100087_nitrogen_nitrogen_deprivation_med4_med4_microarray,MICROARRAY,0h,-0.301792943,1.0,not_significant
H1_N,Prochlorococcus MED4,PMM0969,10.1101/2025.11.24.690089_growth_state_pro99lown_nutrient_starvation_med4_proteomics_axenic,PROTEOMICS,day 14,0.301262855529785,0.601990374792778,not_significant
H1_N,Prochlorococcus MED4,PMM0100,10.1038/msb4100087_nitrogen_nitrogen_deprivation_med4_med4_microarray,MICROARRAY,3h,-0.292717005,1.0,not_significant
H1_N,Prochlorococcus MED4,PMM0973,10.1101/2025.11.24.690089_growth_state_pro99lown_nutrient_starvation_med4_proteomics_axenic,PROTEOMICS,day 14,0.291469891866048,0.460565022183742,not_significant
H1_N,Prochlorococcus MED4,PMM0965,10.1038/msb4100087_nitrogen_nitrogen_deprivation_med4_med4_microarray,MICROARRAY,0h,0.27295992,1.0,not_significant
H1_N,Prochlorococcus MED4,PMM0263,10.1101/2025.11.24.690089_growth_state_pro99lown_nutrient_starvation_med4_proteomics_axenic,PROTEOMICS,day 14,0.270531654357914,0.395195546159753,not_significant
H1_N,Prochlorococcus MED4,PMM0047,10.1038/msb4100087_nitrogen_nitrogen_deprivation_med4_med4_microarray,MICROARRAY,24h,0.268486485,1.0,not_significant
H1_N,Prochlorococcus MED4,PMM0966,10.1038/msb4100087_nitrogen_nitrogen_deprivation_med4_med4_microarray,MICROARRAY,3h,0.263157756,1.0,not_significant
H1_N,Prochlorococcus MED4,PMM0973,10.1038/msb4100087_nitrogen_nitrogen_deprivation_med4_med4_microarray,MICROARRAY,48h,0.253360475,1.0,not_significant
H1_N,Prochlorococcus MED4,PMM0100,10.1038/msb4100087_nitrogen_nitrogen_deprivation_med4_med4_microarray,MICROARRAY,24h,-0.251967876,1.0,not_significant
H1_N,Prochlorococcus MED4,PMM0969,10.1038/msb4100087_nitrogen_nitrogen_deprivation_med4_med4_microarray,MICROARRAY,3h,0.243208235,1.0,not_significant
H1_N,Prochlorococcus MED4,PMM0047,10.1101/2025.11.24.690089_growth_state_pro99lown_nutrient_starvation_med4_proteomics_axenic,PROTEOMICS,day 89,0.23369820912679,0.373619915533163,not_significant
H1_N,Prochlorococcus MED4,PMM0047,10.1101/2025.11.24.690089_growth_state_pro99lown_nutrient_starvation_med4_proteomics_axenic,PROTEOMICS,day 14,0.231342633565267,0.494856391360731,not_significant
H1_N,Prochlorococcus MED4,PMM0263,10.1038/msb4100087_nitrogen_nitrogen_deprivation_med4_med4_microarray,MICROARRAY,48h,0.224138189,1.0,not_significant
H1_N,Prochlorococcus MED4,PMM0970,10.1038/ismej.2017.88_nitrogen_stress_ndepleted_pro99_medium_med4_rnaseq,RNASEQ,3h,0.22,1.0,not_significant
H1_N,Prochlorococcus MED4,PMM0966,10.1038/msb4100087_nitrogen_nitrogen_deprivation_med4_med4_microarray,MICROARRAY,0h,-0.210981958,1.0,not_significant
H1_N,Prochlorococcus MED4,PMM0972,10.1038/msb4100087_nitrogen_nitrogen_deprivation_med4_med4_microarray,MICROARRAY,48h,-0.21081773,1.0,not_significant
H1_N,Prochlorococcus MED4,PMM1512,10.1101/2025.11.24.690089_growth_state_pro99lown_nutrient_starvation_med4_proteomics_axenic,PROTEOMICS,day 14,0.209834098815917,0.487368119242069,not_significant
H1_N,Prochlorococcus MED4,PMM0047,10.1101/2025.11.24.690089_growth_state_pro99lown_nutrient_starvation_med4_proteomics_axenic,PROTEOMICS,day 31,0.205727259318034,0.421731879672594,not_significant
H1_N,Prochlorococcus MED4,PMM1512,10.1038/msb4100087_nitrogen_nitrogen_deprivation_med4_med4_microarray,MICROARRAY,0h,-0.180290545,1.0,not_significant
H1_N,Prochlorococcus MED4,PMM0047,10.1038/msb4100087_nitrogen_nitrogen_deprivation_med4_med4_microarray,MICROARRAY,0h,0.180026145,1.0,not_significant
H1_N,Prochlorococcus MED4,PMM0370,10.1101/2025.11.24.690089_growth_state_pro99lown_nutrient_starvation_med4_proteomics_axenic,PROTEOMICS,day 31,0.179190317789714,0.325896237804782,not_significant
H1_N,Prochlorococcus MED4,PMM0372,10.1038/msb4100087_nitrogen_nitrogen_deprivation_med4_med4_microarray,MICROARRAY,0h,-0.178495928,1.0,not_significant
H1_N,Prochlorococcus MED4,PMM0967,10.1101/2025.11.24.690089_growth_state_pro99lown_nutrient_starvation_med4_proteomics_axenic,PROTEOMICS,day 14,0.165201505025227,0.793443999717033,not_significant
H1_N,Prochlorococcus MED4,PMM0372,10.1101/2025.11.24.690089_growth_state_pro99lown_nutrient_starvation_med4_proteomics_axenic,PROTEOMICS,day 89,-0.149610837300618,0.615644105598699,not_significant
H1_N,Prochlorococcus MED4,PMM0370,10.1038/msb4100087_nitrogen_nitrogen_deprivation_med4_med4_microarray,MICROARRAY,0h,0.135752234,1.0,not_significant
H1_N,Prochlorococcus MED4,PMM0963,10.1038/msb4100087_nitrogen_nitrogen_deprivation_med4_med4_microarray,MICROARRAY,24h,0.130043529,1.0,not_significant
H1_N,Prochlorococcus MED4,PMM0972,10.1038/msb4100087_nitrogen_nitrogen_deprivation_med4_med4_microarray,MICROARRAY,12h,-0.126638336,1.0,not_significant
H1_N,Prochlorococcus MED4,PMM1512,10.1038/ismej.2017.88_nitrogen_stress_ndepleted_pro99_medium_med4_rnaseq,RNASEQ,3h,-0.12,1.0,not_significant
H1_N,Prochlorococcus MED4,PMM0964,10.1101/2025.11.24.690089_growth_state_pro99lown_nutrient_starvation_med4_proteomics_axenic,PROTEOMICS,day 31,0.106873194376628,0.736252468770597,not_significant
H1_N,Prochlorococcus MED4,PMM0968,10.1038/msb4100087_nitrogen_nitrogen_deprivation_med4_med4_microarray,MICROARRAY,48h,0.100912187,1.0,not_significant
H1_N,Prochlorococcus MED4,PMM0969,10.1038/msb4100087_nitrogen_nitrogen_deprivation_med4_med4_microarray,MICROARRAY,48h,-0.098280398,1.0,not_significant
H1_N,Prochlorococcus MED4,PMM0968,10.1038/msb4100087_nitrogen_nitrogen_deprivation_med4_med4_microarray,MICROARRAY,24h,0.096262343,1.0,not_significant
H1_N,Prochlorococcus MED4,PMM0393,10.1038/msb4100087_nitrogen_nitrogen_deprivation_med4_med4_microarray,MICROARRAY,6h,0.091705119,1.0,not_significant
H1_N,Prochlorococcus MED4,PMM0974,10.1038/ismej.2017.88_nitrogen_stress_ndepleted_pro99_medium_med4_rnaseq,RNASEQ,12h,0.09,0.94,not_significant
H1_N,Prochlorococcus MED4,PMM0973,10.1101/2025.11.24.690089_growth_state_pro99lown_nutrient_starvation_med4_proteomics_axenic,PROTEOMICS,day 31,0.0879319508870443,0.778679419626507,not_significant
H1_N,Prochlorococcus MED4,PMM0393,10.1101/2025.11.24.690089_growth_state_pro99lown_nutrient_starvation_med4_proteomics_axenic,PROTEOMICS,day 31,-0.0847600301106806,0.794369507404046,not_significant
H1_N,Prochlorococcus MED4,PMM0393,10.1101/2025.11.24.690089_growth_state_pro99lown_nutrient_starvation_med4_proteomics_axenic,PROTEOMICS,day 89,-0.0812196731567369,0.804121681404032,not_significant
H1_N,Prochlorococcus MED4,PMM0371,10.1038/ismej.2017.88_nitrogen_stress_ndepleted_pro99_medium_med4_rnaseq,RNASEQ,3h,0.08,1.0,not_significant
H1_N,Prochlorococcus MED4,PMM0963,10.1038/ismej.2017.88_nitrogen_stress_ndepleted_pro99_medium_med4_rnaseq,RNASEQ,3h,-0.08,1.0,not_significant
H1_N,Prochlorococcus MED4,PMM0393,10.1101/2025.11.24.690089_growth_state_pro99lown_nutrient_starvation_med4_rnaseq_axenic,RNASEQ,day 14,0.0746086564458916,0.8857731999738403,not_significant
H1_N,Prochlorococcus MED4,PMM0372,10.1038/msb4100087_nitrogen_nitrogen_deprivation_med4_med4_microarray,MICROARRAY,3h,0.070220922,1.0,not_significant
H1_N,Prochlorococcus MED4,PMM0963,10.1038/msb4100087_nitrogen_nitrogen_deprivation_med4_med4_microarray,MICROARRAY,6h,0.069580424,1.0,not_significant
H1_N,Prochlorococcus MED4,PMM0047,10.1038/msb4100087_nitrogen_nitrogen_deprivation_med4_med4_microarray,MICROARRAY,48h,0.065163446,1.0,not_significant
H1_N,Prochlorococcus MED4,PMM0263,10.1038/msb4100087_nitrogen_nitrogen_deprivation_med4_med4_microarray,MICROARRAY,0h,0.055426249,1.0,not_significant
H1_N,Prochlorococcus MED4,PMM0972,10.1038/msb4100087_nitrogen_nitrogen_deprivation_med4_med4_microarray,MICROARRAY,3h,-0.053365781,1.0,not_significant
H1_N,Prochlorococcus MED4,PMM0974,10.1038/msb4100087_nitrogen_nitrogen_deprivation_med4_med4_microarray,MICROARRAY,48h,0.0483818,1.0,not_significant
H1_N,Prochlorococcus MED4,PMM0967,10.1038/msb4100087_nitrogen_nitrogen_deprivation_med4_med4_microarray,MICROARRAY,24h,-0.047945795,1.0,not_significant
H1_N,Prochlorococcus MED4,PMM0047,10.1038/msb4100087_nitrogen_nitrogen_deprivation_med4_med4_microarray,MICROARRAY,6h,0.047666922,1.0,not_significant
H1_N,Prochlorococcus MED4,PMM0967,10.1038/msb4100087_nitrogen_nitrogen_deprivation_med4_med4_microarray,MICROARRAY,3h,-0.043974497,1.0,not_significant
H1_N,Prochlorococcus MED4,PMM0371,10.1038/msb4100087_nitrogen_nitrogen_deprivation_med4_med4_microarray,MICROARRAY,0h,0.040455321,1.0,not_significant
H1_N,Prochlorococcus MED4,PMM0963,10.1038/msb4100087_nitrogen_nitrogen_deprivation_med4_med4_microarray,MICROARRAY,0h,0.036989762,1.0,not_significant
H1_N,Prochlorococcus MED4,PMM1512,10.1101/2025.11.24.690089_growth_state_pro99lown_nutrient_starvation_med4_proteomics_axenic,PROTEOMICS,day 89,0.03409544626872,0.887527485806396,not_significant
H1_N,Prochlorococcus MED4,PMM0968,10.1038/msb4100087_nitrogen_nitrogen_deprivation_med4_med4_microarray,MICROARRAY,3h,-0.033327546,1.0,not_significant
H1_N,Prochlorococcus MED4,PMM0974,10.1101/2025.11.24.690089_growth_state_pro99lown_nutrient_starvation_med4_proteomics_axenic,PROTEOMICS,day 31,0.0204480489095054,0.939217328026893,not_significant
H1_N,Prochlorococcus MED4,PMM0973,10.1038/msb4100087_nitrogen_nitrogen_deprivation_med4_med4_microarray,MICROARRAY,12h,0.018974269,1.0,not_significant
H1_N,Prochlorococcus MED4,PMM0963,10.1038/msb4100087_nitrogen_nitrogen_deprivation_med4_med4_microarray,MICROARRAY,12h,-0.018844327,1.0,not_significant
H1_N,Prochlorococcus MED4,PMM1512,10.1038/msb4100087_nitrogen_nitrogen_deprivation_med4_med4_microarray,MICROARRAY,3h,-0.008419423,1.0,not_significant
H1_N,Prochlorococcus MED4,PMM0967,10.1038/msb4100087_nitrogen_nitrogen_deprivation_med4_med4_microarray,MICROARRAY,6h,-6.04e-05,1.0,not_significant
H1_N,Prochlorococcus MIT9313,PMT2239,10.1038/msb4100087_nitrogen_nitrogen_deprivation_mit9313_mit9313_microarray,MICROARRAY,24h,4.98005526021024,0.01,significant_up
H1_N,Prochlorococcus MIT9313,PMT2239,10.1038/msb4100087_nitrogen_nitrogen_deprivation_mit9313_mit9313_microarray,MICROARRAY,12h,4.81638652566692,0.01,significant_up
H1_N,Prochlorococcus MIT9313,PMT2239,10.1038/msb4100087_nitrogen_nitrogen_deprivation_mit9313_mit9313_microarray,MICROARRAY,6h,4.33411106271989,0.01,significant_up
H1_N,Prochlorococcus MIT9313,PMT2240,10.1038/msb4100087_nitrogen_nitrogen_deprivation_mit9313_mit9313_microarray,MICROARRAY,12h,4.27783732753636,0.01,significant_up
H1_N,Prochlorococcus MIT9313,PMT2240,10.1038/msb4100087_nitrogen_nitrogen_deprivation_mit9313_mit9313_microarray,MICROARRAY,24h,4.09551557219261,0.01,significant_up
H1_N,Prochlorococcus MIT9313,PMT2229,10.1038/msb4100087_nitrogen_nitrogen_deprivation_mit9313_mit9313_microarray,MICROARRAY,12h,4.04676729054706,0.01,significant_up
H1_N,Prochlorococcus MIT9313,PMT2240,10.1038/msb4100087_nitrogen_nitrogen_deprivation_mit9313_mit9313_microarray,MICROARRAY,6h,3.57381611829108,0.01,significant_up
H1_N,Prochlorococcus MIT9313,PMT1831,10.1038/msb4100087_nitrogen_nitrogen_deprivation_mit9313_mit9313_microarray,MICROARRAY,12h,3.5581014323859,0.01,significant_up
H1_N,Prochlorococcus MIT9313,PMT1831,10.1038/msb4100087_nitrogen_nitrogen_deprivation_mit9313_mit9313_microarray,MICROARRAY,24h,3.5427379612893,0.01,significant_up
H1_N,Prochlorococcus MIT9313,PMT2239,10.1038/msb4100087_nitrogen_nitrogen_deprivation_mit9313_mit9313_microarray,MICROARRAY,48h,3.3170065802119,0.01,significant_up
H1_N,Prochlorococcus MIT9313,PMT2229,10.1038/msb4100087_nitrogen_nitrogen_deprivation_mit9313_mit9313_microarray,MICROARRAY,24h,3.25856219514964,0.01,significant_up
H1_N,Prochlorococcus MIT9313,PMT2229,10.1038/msb4100087_nitrogen_nitrogen_deprivation_mit9313_mit9313_microarray,MICROARRAY,6h,3.24240573943465,0.01,significant_up
H1_N,Prochlorococcus MIT9313,PMT2240,10.1038/msb4100087_nitrogen_nitrogen_deprivation_mit9313_mit9313_microarray,MICROARRAY,48h,3.13402076755226,0.01,significant_up
H1_N,Prochlorococcus MIT9313,PMT1831,10.1038/msb4100087_nitrogen_nitrogen_deprivation_mit9313_mit9313_microarray,MICROARRAY,6h,3.03245309533301,0.01,significant_up
H1_N,Prochlorococcus MIT9313,PMT1831,10.1038/msb4100087_nitrogen_nitrogen_deprivation_mit9313_mit9313_microarray,MICROARRAY,48h,2.91416175012933,0.01,significant_up
H1_N,Prochlorococcus MIT9313,PMT2229,10.1038/msb4100087_nitrogen_nitrogen_deprivation_mit9313_mit9313_microarray,MICROARRAY,3h,2.84356915577768,0.01,significant_up
H1_N,Prochlorococcus MIT9313,PMT2239,10.1038/msb4100087_nitrogen_nitrogen_deprivation_mit9313_mit9313_microarray,MICROARRAY,3h,2.412705562,1.0,not_significant
H1_N,Prochlorococcus MIT9313,PMT1853,10.1038/msb4100087_nitrogen_nitrogen_deprivation_mit9313_mit9313_microarray,MICROARRAY,12h,2.29358349814224,0.01,significant_up
H1_N,Prochlorococcus MIT9313,PMT1853,10.1038/msb4100087_nitrogen_nitrogen_deprivation_mit9313_mit9313_microarray,MICROARRAY,24h,2.21911420307216,0.01,significant_up
H1_N,Prochlorococcus MIT9313,PMT1853,10.1038/msb4100087_nitrogen_nitrogen_deprivation_mit9313_mit9313_microarray,MICROARRAY,6h,2.19273761141333,0.01,significant_up
H1_N,Prochlorococcus MIT9313,PMT1853,10.1038/msb4100087_nitrogen_nitrogen_deprivation_mit9313_mit9313_microarray,MICROARRAY,48h,2.08669928083333,0.01,significant_up
H1_N,Prochlorococcus MIT9313,PMT0177,10.1038/msb4100087_nitrogen_nitrogen_deprivation_mit9313_mit9313_microarray,MICROARRAY,24h,-2.05047486447968,0.01,significant_down
H1_N,Prochlorococcus MIT9313,PMT0601,10.1038/msb4100087_nitrogen_nitrogen_deprivation_mit9313_mit9313_microarray,MICROARRAY,12h,2.03050177230425,0.01,significant_up
H1_N,Prochlorococcus MIT9313,PMT2229,10.1038/msb4100087_nitrogen_nitrogen_deprivation_mit9313_mit9313_microarray,MICROARRAY,48h,1.99898939076442,0.01,significant_up
H1_N,Prochlorococcus MIT9313,PMT1831,10.1038/msb4100087_nitrogen_nitrogen_deprivation_mit9313_mit9313_microarray,MICROARRAY,3h,1.941622064,1.0,not_significant
H1_N,Prochlorococcus MIT9313,PMT2225,10.1038/msb4100087_nitrogen_nitrogen_deprivation_mit9313_mit9313_microarray,MICROARRAY,24h,-1.835982216,1.0,not_significant
H1_N,Prochlorococcus MIT9313,PMT0177,10.1038/msb4100087_nitrogen_nitrogen_deprivation_mit9313_mit9313_microarray,MICROARRAY,48h,-1.7917516787757,0.01,significant_down
H1_N,Prochlorococcus MIT9313,PMT1777,10.1038/msb4100087_nitrogen_nitrogen_deprivation_mit9313_mit9313_microarray,MICROARRAY,48h,-1.72775858518919,0.01,significant_down
H1_N,Prochlorococcus MIT9313,PMT0601,10.1038/msb4100087_nitrogen_nitrogen_deprivation_mit9313_mit9313_microarray,MICROARRAY,6h,1.72452021817924,0.01,significant_up
H1_N,Prochlorococcus MIT9313,PMT0897,10.1038/msb4100087_nitrogen_nitrogen_deprivation_mit9313_mit9313_microarray,MICROARRAY,48h,-1.63629330646936,0.01,significant_down
H1_N,Prochlorococcus MIT9313,PMT2233,10.1038/msb4100087_nitrogen_nitrogen_deprivation_mit9313_mit9313_microarray,MICROARRAY,48h,-1.565906498,1.0,not_significant
H1_N,Prochlorococcus MIT9313,PMT0601,10.1038/msb4100087_nitrogen_nitrogen_deprivation_mit9313_mit9313_microarray,MICROARRAY,24h,1.54235498903119,0.01,significant_up
H1_N,Prochlorococcus MIT9313,PMT0623,10.1038/msb4100087_nitrogen_nitrogen_deprivation_mit9313_mit9313_microarray,MICROARRAY,48h,-1.493378508,1.0,not_significant
H1_N,Prochlorococcus MIT9313,PMT2225,10.1038/msb4100087_nitrogen_nitrogen_deprivation_mit9313_mit9313_microarray,MICROARRAY,48h,-1.431272861,1.0,not_significant
H1_N,Prochlorococcus MIT9313,PMT2140,10.1038/msb4100087_nitrogen_nitrogen_deprivation_mit9313_mit9313_microarray,MICROARRAY,48h,-1.373728334,1.0,not_significant
H1_N,Prochlorococcus MIT9313,PMT1853,10.1038/msb4100087_nitrogen_nitrogen_deprivation_mit9313_mit9313_microarray,MICROARRAY,3h,1.297411992,1.0,not_significant
H1_N,Prochlorococcus MIT9313,PMT2240,10.1038/msb4100087_nitrogen_nitrogen_deprivation_mit9313_mit9313_microarray,MICROARRAY,3h,1.297101156,1.0,not_significant
H1_N,Prochlorococcus MIT9313,PMT2232,10.1038/msb4100087_nitrogen_nitrogen_deprivation_mit9313_mit9313_microarray,MICROARRAY,48h,1.289938836,1.0,not_significant
H1_N,Prochlorococcus MIT9313,PMT0177,10.1038/msb4100087_nitrogen_nitrogen_deprivation_mit9313_mit9313_microarray,MICROARRAY,12h,-1.141192978,1.0,not_significant
H1_N,Prochlorococcus MIT9313,PMT2233,10.1038/msb4100087_nitrogen_nitrogen_deprivation_mit9313_mit9313_microarray,MICROARRAY,12h,-1.111248883,1.0,not_significant
H1_N,Prochlorococcus MIT9313,PMT2234,10.1038/msb4100087_nitrogen_nitrogen_deprivation_mit9313_mit9313_microarray,MICROARRAY,6h,1.05550344551044,0.01,significant_up
H1_N,Prochlorococcus MIT9313,PMT0601,10.1038/msb4100087_nitrogen_nitrogen_deprivation_mit9313_mit9313_microarray,MICROARRAY,3h,1.009663902,1.0,not_significant
H1_N,Prochlorococcus MIT9313,PMT1777,10.1038/msb4100087_nitrogen_nitrogen_deprivation_mit9313_mit9313_microarray,MICROARRAY,24h,-0.98626318,1.0,not_significant
H1_N,Prochlorococcus MIT9313,PMT2233,10.1038/msb4100087_nitrogen_nitrogen_deprivation_mit9313_mit9313_microarray,MICROARRAY,24h,-0.920971406,1.0,not_significant
H1_N,Prochlorococcus MIT9313,PMT2227,10.1038/msb4100087_nitrogen_nitrogen_deprivation_mit9313_mit9313_microarray,MICROARRAY,48h,-0.881273296,1.0,not_significant
H1_N,Prochlorococcus MIT9313,PMT0896,10.1038/msb4100087_nitrogen_nitrogen_deprivation_mit9313_mit9313_microarray,MICROARRAY,12h,-0.855949632,1.0,not_significant
H1_N,Prochlorococcus MIT9313,PMT2234,10.1038/msb4100087_nitrogen_nitrogen_deprivation_mit9313_mit9313_microarray,MICROARRAY,48h,0.831582294,1.0,not_significant
H1_N,Prochlorococcus MIT9313,PMT2229,10.1038/msb4100087_nitrogen_nitrogen_deprivation_mit9313_mit9313_microarray,MICROARRAY,0h,-0.791342095,1.0,not_significant
H1_N,Prochlorococcus MIT9313,PMT2234,10.1038/msb4100087_nitrogen_nitrogen_deprivation_mit9313_mit9313_microarray,MICROARRAY,12h,0.789840475,1.0,not_significant
H1_N,Prochlorococcus MIT9313,PMT0177,10.1038/msb4100087_nitrogen_nitrogen_deprivation_mit9313_mit9313_microarray,MICROARRAY,0h,-0.726679854,1.0,not_significant
H1_N,Prochlorococcus MIT9313,PMT2236,10.1038/msb4100087_nitrogen_nitrogen_deprivation_mit9313_mit9313_microarray,MICROARRAY,12h,0.719212281,1.0,not_significant
H1_N,Prochlorococcus MIT9313,PMT2232,10.1038/msb4100087_nitrogen_nitrogen_deprivation_mit9313_mit9313_microarray,MICROARRAY,6h,0.714838597,1.0,not_significant
H1_N,Prochlorococcus MIT9313,PMT2234,10.1038/msb4100087_nitrogen_nitrogen_deprivation_mit9313_mit9313_microarray,MICROARRAY,24h,0.71341191,1.0,not_significant
H1_N,Prochlorococcus MIT9313,PMT2227,10.1038/msb4100087_nitrogen_nitrogen_deprivation_mit9313_mit9313_microarray,MICROARRAY,6h,0.690088934,1.0,not_significant
H1_N,Prochlorococcus MIT9313,PMT2235,10.1038/msb4100087_nitrogen_nitrogen_deprivation_mit9313_mit9313_microarray,MICROARRAY,12h,0.67276527,1.0,not_significant
H1_N,Prochlorococcus MIT9313,PMT2235,10.1038/msb4100087_nitrogen_nitrogen_deprivation_mit9313_mit9313_microarray,MICROARRAY,6h,0.665400569949206,0.01,significant_up
H1_N,Prochlorococcus MIT9313,PMT1777,10.1038/msb4100087_nitrogen_nitrogen_deprivation_mit9313_mit9313_microarray,MICROARRAY,12h,-0.661477736,1.0,not_significant
H1_N,Prochlorococcus MIT9313,PMT2236,10.1038/msb4100087_nitrogen_nitrogen_deprivation_mit9313_mit9313_microarray,MICROARRAY,6h,0.642713513933882,0.01,significant_up
H1_N,Prochlorococcus MIT9313,PMT0896,10.1038/msb4100087_nitrogen_nitrogen_deprivation_mit9313_mit9313_microarray,MICROARRAY,24h,-0.627425597,1.0,not_significant
H1_N,Prochlorococcus MIT9313,PMT0177,10.1038/msb4100087_nitrogen_nitrogen_deprivation_mit9313_mit9313_microarray,MICROARRAY,6h,-0.594567742,1.0,not_significant
H1_N,Prochlorococcus MIT9313,PMT2226,10.1038/msb4100087_nitrogen_nitrogen_deprivation_mit9313_mit9313_microarray,MICROARRAY,48h,-0.585033504,1.0,not_significant
H1_N,Prochlorococcus MIT9313,PMT0894,10.1038/msb4100087_nitrogen_nitrogen_deprivation_mit9313_mit9313_microarray,MICROARRAY,24h,-0.550119133,1.0,not_significant
H1_N,Prochlorococcus MIT9313,PMT2225,10.1038/msb4100087_nitrogen_nitrogen_deprivation_mit9313_mit9313_microarray,MICROARRAY,6h,0.53869476,1.0,not_significant
H1_N,Prochlorococcus MIT9313,PMT0894,10.1038/msb4100087_nitrogen_nitrogen_deprivation_mit9313_mit9313_microarray,MICROARRAY,12h,-0.522500166,1.0,not_significant
H1_N,Prochlorococcus MIT9313,PMT2227,10.1038/msb4100087_nitrogen_nitrogen_deprivation_mit9313_mit9313_microarray,MICROARRAY,0h,-0.506592007,1.0,not_significant
H1_N,Prochlorococcus MIT9313,PMT2236,10.1038/msb4100087_nitrogen_nitrogen_deprivation_mit9313_mit9313_microarray,MICROARRAY,24h,0.501829283,1.0,not_significant
H1_N,Prochlorococcus MIT9313,PMT2231,10.1038/msb4100087_nitrogen_nitrogen_deprivation_mit9313_mit9313_microarray,MICROARRAY,6h,0.482496168,1.0,not_significant
H1_N,Prochlorococcus MIT9313,PMT2235,10.1038/msb4100087_nitrogen_nitrogen_deprivation_mit9313_mit9313_microarray,MICROARRAY,24h,0.481765038,1.0,not_significant
H1_N,Prochlorococcus MIT9313,PMT2236,10.1038/msb4100087_nitrogen_nitrogen_deprivation_mit9313_mit9313_microarray,MICROARRAY,48h,0.481409763,1.0,not_significant
H1_N,Prochlorococcus MIT9313,PMT2226,10.1038/msb4100087_nitrogen_nitrogen_deprivation_mit9313_mit9313_microarray,MICROARRAY,6h,0.414622462,1.0,not_significant
H1_N,Prochlorococcus MIT9313,PMT2227,10.1038/msb4100087_nitrogen_nitrogen_deprivation_mit9313_mit9313_microarray,MICROARRAY,3h,0.399922956,1.0,not_significant
H1_N,Prochlorococcus MIT9313,PMT2234,10.1038/msb4100087_nitrogen_nitrogen_deprivation_mit9313_mit9313_microarray,MICROARRAY,3h,0.399675994,1.0,not_significant
H1_N,Prochlorococcus MIT9313,PMT2233,10.1038/msb4100087_nitrogen_nitrogen_deprivation_mit9313_mit9313_microarray,MICROARRAY,6h,0.385196731,1.0,not_significant
H1_N,Prochlorococcus MIT9313,PMT0177,10.1038/msb4100087_nitrogen_nitrogen_deprivation_mit9313_mit9313_microarray,MICROARRAY,3h,-0.379964297,1.0,not_significant
H1_N,Prochlorococcus MIT9313,PMT0894,10.1038/msb4100087_nitrogen_nitrogen_deprivation_mit9313_mit9313_microarray,MICROARRAY,48h,-0.378913656,1.0,not_significant
H1_N,Prochlorococcus MIT9313,PMT1777,10.1038/msb4100087_nitrogen_nitrogen_deprivation_mit9313_mit9313_microarray,MICROARRAY,6h,-0.37526942,1.0,not_significant
H1_N,Prochlorococcus MIT9313,PMT2240,10.1038/msb4100087_nitrogen_nitrogen_deprivation_mit9313_mit9313_microarray,MICROARRAY,0h,-0.343731738,1.0,not_significant
H1_N,Prochlorococcus MIT9313,PMT2226,10.1038/msb4100087_nitrogen_nitrogen_deprivation_mit9313_mit9313_microarray,MICROARRAY,24h,-0.3295864,1.0,not_significant
H1_N,Prochlorococcus MIT9313,PMT2230,10.1038/msb4100087_nitrogen_nitrogen_deprivation_mit9313_mit9313_microarray,MICROARRAY,48h,0.307410365,1.0,not_significant
H1_N,Prochlorococcus MIT9313,PMT2230,10.1038/msb4100087_nitrogen_nitrogen_deprivation_mit9313_mit9313_microarray,MICROARRAY,24h,0.306956833,1.0,not_significant
H1_N,Prochlorococcus MIT9313,PMT2233,10.1038/msb4100087_nitrogen_nitrogen_deprivation_mit9313_mit9313_microarray,MICROARRAY,3h,0.303180727,1.0,not_significant
H1_N,Prochlorococcus MIT9313,PMT2227,10.1038/msb4100087_nitrogen_nitrogen_deprivation_mit9313_mit9313_microarray,MICROARRAY,12h,0.29992446,1.0,not_significant
H1_N,Prochlorococcus MIT9313,PMT2231,10.1038/msb4100087_nitrogen_nitrogen_deprivation_mit9313_mit9313_microarray,MICROARRAY,12h,-0.299775433,1.0,not_significant
H1_N,Prochlorococcus MIT9313,PMT2226,10.1038/msb4100087_nitrogen_nitrogen_deprivation_mit9313_mit9313_microarray,MICROARRAY,0h,-0.298650219,1.0,not_significant
H1_N,Prochlorococcus MIT9313,PMT2232,10.1038/msb4100087_nitrogen_nitrogen_deprivation_mit9313_mit9313_microarray,MICROARRAY,24h,0.29597346,1.0,not_significant
H1_N,Prochlorococcus MIT9313,PMT2232,10.1038/msb4100087_nitrogen_nitrogen_deprivation_mit9313_mit9313_microarray,MICROARRAY,12h,0.292882745,1.0,not_significant
H1_N,Prochlorococcus MIT9313,PMT2225,10.1038/msb4100087_nitrogen_nitrogen_deprivation_mit9313_mit9313_microarray,MICROARRAY,3h,0.282436123,1.0,not_significant
H1_N,Prochlorococcus MIT9313,PMT0623,10.1038/msb4100087_nitrogen_nitrogen_deprivation_mit9313_mit9313_microarray,MICROARRAY,0h,0.263861895,1.0,not_significant
H1_N,Prochlorococcus MIT9313,PMT0601,10.1038/msb4100087_nitrogen_nitrogen_deprivation_mit9313_mit9313_microarray,MICROARRAY,0h,-0.262190069,1.0,not_significant
H1_N,Prochlorococcus MIT9313,PMT2231,10.1038/msb4100087_nitrogen_nitrogen_deprivation_mit9313_mit9313_microarray,MICROARRAY,24h,-0.253882399,1.0,not_significant
H1_N,Prochlorococcus MIT9313,PMT1831,10.1038/msb4100087_nitrogen_nitrogen_deprivation_mit9313_mit9313_microarray,MICROARRAY,0h,-0.25024562,1.0,not_significant
H1_N,Prochlorococcus MIT9313,PMT0205,10.1038/msb4100087_nitrogen_nitrogen_deprivation_mit9313_mit9313_microarray,MICROARRAY,48h,-0.233439386,1.0,not_significant
H1_N,Prochlorococcus MIT9313,PMT0896,10.1038/msb4100087_nitrogen_nitrogen_deprivation_mit9313_mit9313_microarray,MICROARRAY,48h,-0.229495345,1.0,not_significant
H1_N,Prochlorococcus MIT9313,PMT0205,10.1038/msb4100087_nitrogen_nitrogen_deprivation_mit9313_mit9313_microarray,MICROARRAY,0h,0.214391555,1.0,not_significant
H1_N,Prochlorococcus MIT9313,PMT2234,10.1038/msb4100087_nitrogen_nitrogen_deprivation_mit9313_mit9313_microarray,MICROARRAY,0h,0.213053866,1.0,not_significant
H1_N,Prochlorococcus MIT9313,PMT2231,10.1038/msb4100087_nitrogen_nitrogen_deprivation_mit9313_mit9313_microarray,MICROARRAY,48h,0.210670168,1.0,not_significant
H1_N,Prochlorococcus MIT9313,PMT2230,10.1038/msb4100087_nitrogen_nitrogen_deprivation_mit9313_mit9313_microarray,MICROARRAY,3h,0.20908299,1.0,not_significant
H1_N,Prochlorococcus MIT9313,PMT2235,10.1038/msb4100087_nitrogen_nitrogen_deprivation_mit9313_mit9313_microarray,MICROARRAY,48h,0.208251607,1.0,not_significant
H1_N,Prochlorococcus MIT9313,PMT2235,10.1038/msb4100087_nitrogen_nitrogen_deprivation_mit9313_mit9313_microarray,MICROARRAY,0h,-0.203725127,1.0,not_significant
H1_N,Prochlorococcus MIT9313,PMT2140,10.1038/msb4100087_nitrogen_nitrogen_deprivation_mit9313_mit9313_microarray,MICROARRAY,6h,0.203478283,1.0,not_significant
H1_N,Prochlorococcus MIT9313,PMT0894,10.1038/msb4100087_nitrogen_nitrogen_deprivation_mit9313_mit9313_microarray,MICROARRAY,6h,-0.202121252,1.0,not_significant
H1_N,Prochlorococcus MIT9313,PMT2230,10.1038/msb4100087_nitrogen_nitrogen_deprivation_mit9313_mit9313_microarray,MICROARRAY,6h,0.198778899,1.0,not_significant
H1_N,Prochlorococcus MIT9313,PMT2140,10.1038/msb4100087_nitrogen_nitrogen_deprivation_mit9313_mit9313_microarray,MICROARRAY,12h,-0.19460358,1.0,not_significant
H1_N,Prochlorococcus MIT9313,PMT2225,10.1038/msb4100087_nitrogen_nitrogen_deprivation_mit9313_mit9313_microarray,MICROARRAY,12h,-0.183671938,1.0,not_significant
H1_N,Prochlorococcus MIT9313,PMT2236,10.1038/msb4100087_nitrogen_nitrogen_deprivation_mit9313_mit9313_microarray,MICROARRAY,3h,0.172054669,1.0,not_significant
H1_N,Prochlorococcus MIT9313,PMT2235,10.1038/msb4100087_nitrogen_nitrogen_deprivation_mit9313_mit9313_microarray,MICROARRAY,3h,0.164968885,1.0,not_significant
H1_N,Prochlorococcus MIT9313,PMT0205,10.1038/msb4100087_nitrogen_nitrogen_deprivation_mit9313_mit9313_microarray,MICROARRAY,3h,0.159502007,1.0,not_significant
H1_N,Prochlorococcus MIT9313,PMT1853,10.1038/msb4100087_nitrogen_nitrogen_deprivation_mit9313_mit9313_microarray,MICROARRAY,0h,-0.156354162,1.0,not_significant
H1_N,Prochlorococcus MIT9313,PMT0897,10.1038/msb4100087_nitrogen_nitrogen_deprivation_mit9313_mit9313_microarray,MICROARRAY,24h,0.155605319,1.0,not_significant
H1_N,Prochlorococcus MIT9313,PMT0601,10.1038/msb4100087_nitrogen_nitrogen_deprivation_mit9313_mit9313_microarray,MICROARRAY,48h,0.152773848,1.0,not_significant
H1_N,Prochlorococcus MIT9313,PMT2230,10.1038/msb4100087_nitrogen_nitrogen_deprivation_mit9313_mit9313_microarray,MICROARRAY,12h,0.150309341,1.0,not_significant
H1_N,Prochlorococcus MIT9313,PMT2140,10.1038/msb4100087_nitrogen_nitrogen_deprivation_mit9313_mit9313_microarray,MICROARRAY,3h,0.148176001,1.0,not_significant
H1_N,Prochlorococcus MIT9313,PMT0205,10.1038/msb4100087_nitrogen_nitrogen_deprivation_mit9313_mit9313_microarray,MICROARRAY,24h,0.141625096,1.0,not_significant
H1_N,Prochlorococcus MIT9313,PMT0894,10.1038/msb4100087_nitrogen_nitrogen_deprivation_mit9313_mit9313_microarray,MICROARRAY,0h,-0.140371717,1.0,not_significant
H1_N,Prochlorococcus MIT9313,PMT0623,10.1038/msb4100087_nitrogen_nitrogen_deprivation_mit9313_mit9313_microarray,MICROARRAY,6h,-0.136175369,1.0,not_significant
H1_N,Prochlorococcus MIT9313,PMT2140,10.1038/msb4100087_nitrogen_nitrogen_deprivation_mit9313_mit9313_microarray,MICROARRAY,0h,0.133754129,1.0,not_significant
H1_N,Prochlorococcus MIT9313,PMT0896,10.1038/msb4100087_nitrogen_nitrogen_deprivation_mit9313_mit9313_microarray,MICROARRAY,6h,-0.129381878,1.0,not_significant
H1_N,Prochlorococcus MIT9313,PMT2236,10.1038/msb4100087_nitrogen_nitrogen_deprivation_mit9313_mit9313_microarray,MICROARRAY,0h,-0.120599636,1.0,not_significant
H1_N,Prochlorococcus MIT9313,PMT0205,10.1038/msb4100087_nitrogen_nitrogen_deprivation_mit9313_mit9313_microarray,MICROARRAY,6h,0.11642438,1.0,not_significant
H1_N,Prochlorococcus MIT9313,PMT1777,10.1038/msb4100087_nitrogen_nitrogen_deprivation_mit9313_mit9313_microarray,MICROARRAY,3h,-0.114830872,1.0,not_significant
H1_N,Prochlorococcus MIT9313,PMT2225,10.1038/msb4100087_nitrogen_nitrogen_deprivation_mit9313_mit9313_microarray,MICROARRAY,0h,0.111588365,1.0,not_significant
H1_N,Prochlorococcus MIT9313,PMT2230,10.1038/msb4100087_nitrogen_nitrogen_deprivation_mit9313_mit9313_microarray,MICROARRAY,0h,0.102302035,1.0,not_significant
H1_N,Prochlorococcus MIT9313,PMT2231,10.1038/msb4100087_nitrogen_nitrogen_deprivation_mit9313_mit9313_microarray,MICROARRAY,3h,-0.10205268,1.0,not_significant
H1_N,Prochlorococcus MIT9313,PMT2140,10.1038/msb4100087_nitrogen_nitrogen_deprivation_mit9313_mit9313_microarray,MICROARRAY,24h,-0.095752123,1.0,not_significant
H1_N,Prochlorococcus MIT9313,PMT0897,10.1038/msb4100087_nitrogen_nitrogen_deprivation_mit9313_mit9313_microarray,MICROARRAY,3h,0.094986295,1.0,not_significant
H1_N,Prochlorococcus MIT9313,PMT0896,10.1038/msb4100087_nitrogen_nitrogen_deprivation_mit9313_mit9313_microarray,MICROARRAY,0h,0.093114125,1.0,not_significant
H1_N,Prochlorococcus MIT9313,PMT0623,10.1038/msb4100087_nitrogen_nitrogen_deprivation_mit9313_mit9313_microarray,MICROARRAY,3h,0.092761999,1.0,not_significant
H1_N,Prochlorococcus MIT9313,PMT0897,10.1038/msb4100087_nitrogen_nitrogen_deprivation_mit9313_mit9313_microarray,MICROARRAY,12h,0.082667348,1.0,not_significant
H1_N,Prochlorococcus MIT9313,PMT1777,10.1038/msb4100087_nitrogen_nitrogen_deprivation_mit9313_mit9313_microarray,MICROARRAY,0h,0.07967965,1.0,not_significant
H1_N,Prochlorococcus MIT9313,PMT2231,10.1038/msb4100087_nitrogen_nitrogen_deprivation_mit9313_mit9313_microarray,MICROARRAY,0h,-0.06988362,1.0,not_significant
H1_N,Prochlorococcus MIT9313,PMT0894,10.1038/msb4100087_nitrogen_nitrogen_deprivation_mit9313_mit9313_microarray,MICROARRAY,3h,0.064267462,1.0,not_significant
H1_N,Prochlorococcus MIT9313,PMT2233,10.1038/msb4100087_nitrogen_nitrogen_deprivation_mit9313_mit9313_microarray,MICROARRAY,0h,-0.05073846,1.0,not_significant
H1_N,Prochlorococcus MIT9313,PMT2232,10.1038/msb4100087_nitrogen_nitrogen_deprivation_mit9313_mit9313_microarray,MICROARRAY,0h,0.037912093,1.0,not_significant
H1_N,Prochlorococcus MIT9313,PMT0897,10.1038/msb4100087_nitrogen_nitrogen_deprivation_mit9313_mit9313_microarray,MICROARRAY,0h,0.025921824,1.0,not_significant
H1_N,Prochlorococcus MIT9313,PMT2227,10.1038/msb4100087_nitrogen_nitrogen_deprivation_mit9313_mit9313_microarray,MICROARRAY,24h,0.020781208,1.0,not_significant
H1_N,Prochlorococcus MIT9313,PMT0623,10.1038/msb4100087_nitrogen_nitrogen_deprivation_mit9313_mit9313_microarray,MICROARRAY,24h,0.019889178,1.0,not_significant
H1_N,Prochlorococcus MIT9313,PMT0623,10.1038/msb4100087_nitrogen_nitrogen_deprivation_mit9313_mit9313_microarray,MICROARRAY,12h,0.017309404,1.0,not_significant
H1_N,Prochlorococcus MIT9313,PMT0896,10.1038/msb4100087_nitrogen_nitrogen_deprivation_mit9313_mit9313_microarray,MICROARRAY,3h,-0.016484455,1.0,not_significant
H1_N,Prochlorococcus MIT9313,PMT0205,10.1038/msb4100087_nitrogen_nitrogen_deprivation_mit9313_mit9313_microarray,MICROARRAY,12h,0.014918578,1.0,not_significant
H1_N,Prochlorococcus MIT9313,PMT0897,10.1038/msb4100087_nitrogen_nitrogen_deprivation_mit9313_mit9313_microarray,MICROARRAY,6h,-0.007783139,1.0,not_significant
H1_N,Prochlorococcus MIT9313,PMT2232,10.1038/msb4100087_nitrogen_nitrogen_deprivation_mit9313_mit9313_microarray,MICROARRAY,3h,0.00710968,1.0,not_significant
H1_N,Prochlorococcus MIT9313,PMT2226,10.1038/msb4100087_nitrogen_nitrogen_deprivation_mit9313_mit9313_microarray,MICROARRAY,12h,-0.006103848,1.0,not_significant
H1_N,Prochlorococcus MIT9313,PMT2226,10.1038/msb4100087_nitrogen_nitrogen_deprivation_mit9313_mit9313_microarray,MICROARRAY,3h,-0.003077707,1.0,not_significant
H1_N,Prochlorococcus MIT9313,PMT2239,10.1038/msb4100087_nitrogen_nitrogen_deprivation_mit9313_mit9313_microarray,MICROARRAY,0h,0.000214018,1.0,not_significant
H1_P,Prochlorococcus MED4,PMM0708,10.1073/pnas.0601301103_phosphorus_phosphate_starvation_med4_microarray,MICROARRAY,48h,162.295,0.0,significant_up
H1_P,Prochlorococcus MED4,PMM1416,10.1073/pnas.0601301103_phosphorus_phosphate_starvation_med4_microarray,MICROARRAY,48h,44.524,0.0,significant_up
H1_P,Prochlorococcus MED4,PMM0707,10.1073/pnas.0601301103_phosphorus_phosphate_starvation_med4_microarray,MICROARRAY,48h,29.907,0.0,significant_up
H1_P,Prochlorococcus MED4,PMM0708,10.1073/pnas.0601301103_phosphorus_phosphate_starvation_med4_microarray,MICROARRAY,24h,13.059,0.0,significant_up
H1_P,Prochlorococcus MED4,PMM0719,10.1073/pnas.0601301103_phosphorus_phosphate_starvation_med4_microarray,MICROARRAY,48h,12.183,0.0,significant_up
H1_P,Prochlorococcus MED4,PMM0723,10.1073/pnas.0601301103_phosphorus_phosphate_starvation_med4_microarray,MICROARRAY,48h,9.222,0.0,significant_up
H1_P,Prochlorococcus MED4,PMM1416,10.1073/pnas.0601301103_phosphorus_phosphate_starvation_med4_microarray,MICROARRAY,24h,9.086,0.0,significant_up
H1_P,Prochlorococcus MED4,PMM0724,10.1073/pnas.0601301103_phosphorus_phosphate_starvation_med4_microarray,MICROARRAY,48h,8.034,0.0,significant_up
H1_P,Prochlorococcus MED4,PMM0705,10.1073/pnas.0601301103_phosphorus_phosphate_starvation_med4_microarray,MICROARRAY,48h,5.298,0.0,significant_up
H1_P,Prochlorococcus MED4,PMM0713,10.1073/pnas.0601301103_phosphorus_phosphate_starvation_med4_microarray,MICROARRAY,48h,5.273,0.0001,significant_up
H1_P,Prochlorococcus MED4,PMM0710,10.1073/pnas.0601301103_phosphorus_phosphate_starvation_med4_microarray,MICROARRAY,48h,4.67,0.0,significant_up
H1_P,Prochlorococcus MED4,PMM0721,10.1073/pnas.0601301103_phosphorus_phosphate_starvation_med4_microarray,MICROARRAY,48h,4.356,0.0367,significant_up
H1_P,Prochlorococcus MED4,PMM0705,10.1073/pnas.0601301103_phosphorus_phosphate_starvation_med4_microarray,MICROARRAY,12h,3.49,0.0,significant_up
H1_P,Prochlorococcus MED4,PMM0705,10.1073/pnas.0601301103_phosphorus_phosphate_starvation_med4_microarray,MICROARRAY,24h,2.882,0.0001,significant_up
H1_P,Prochlorococcus MED4,PMM0707,10.1073/pnas.0601301103_phosphorus_phosphate_starvation_med4_microarray,MICROARRAY,24h,2.677,0.0053,significant_up
H1_P,Prochlorococcus MED4,PMM0706,10.1073/pnas.0601301103_phosphorus_phosphate_starvation_med4_microarray,MICROARRAY,48h,2.522,0.0084,significant_up
H1_P,Prochlorococcus MED4,PMM0713,10.1073/pnas.0601301103_phosphorus_phosphate_starvation_med4_microarray,MICROARRAY,12h,2.467,0.0011,significant_up
H1_P,Prochlorococcus MED4,PMM0713,10.1073/pnas.0601301103_phosphorus_phosphate_starvation_med4_microarray,MICROARRAY,24h,2.424,0.0,significant_up
H1_P,Prochlorococcus MED4,PMM0723,10.1073/pnas.0601301103_phosphorus_phosphate_starvation_med4_microarray,MICROARRAY,24h,2.264,0.0051,significant_up
H1_P,Prochlorococcus MED4,PMM0719,10.1073/pnas.0601301103_phosphorus_phosphate_starvation_med4_microarray,MICROARRAY,24h,2.257,0.0042,significant_up
H1_P,Prochlorococcus MED4,PMM0710,10.1073/pnas.0601301103_phosphorus_phosphate_starvation_med4_microarray,MICROARRAY,24h,2.232,0.0,significant_up
H1_P,Prochlorococcus MED4,PMM0705,10.1073/pnas.0601301103_phosphorus_phosphate_starvation_med4_microarray,MICROARRAY,4h,2.158,0.1601,not_significant
H1_P,Prochlorococcus MED4,PMM0708,10.1073/pnas.0601301103_phosphorus_phosphate_starvation_med4_microarray,MICROARRAY,12h,2.142,0.008,significant_up
H1_P,Prochlorococcus MED4,PMM0723,10.1073/pnas.0601301103_phosphorus_phosphate_starvation_med4_microarray,MICROARRAY,4h,1.866,0.2065,not_significant
H1_P,Prochlorococcus MED4,PMM0724,10.1073/pnas.0601301103_phosphorus_phosphate_starvation_med4_microarray,MICROARRAY,4h,1.728,0.2691,not_significant
H1_P,Prochlorococcus MED4,PMM1416,10.1073/pnas.0601301103_phosphorus_phosphate_starvation_med4_microarray,MICROARRAY,12h,1.537,0.164,not_significant
H1_P,Prochlorococcus MED4,PMM0723,10.1073/pnas.0601301103_phosphorus_phosphate_starvation_med4_microarray,MICROARRAY,12h,1.536,0.1464,not_significant
H1_P,Prochlorococcus MED4,PMM0706,10.1073/pnas.0601301103_phosphorus_phosphate_starvation_med4_microarray,MICROARRAY,24h,1.513,0.4544,not_significant
H1_P,Prochlorococcus MED4,PMM0706,10.1073/pnas.0601301103_phosphorus_phosphate_starvation_med4_microarray,MICROARRAY,12h,1.455,0.1464,not_significant
H1_P,Prochlorococcus MED4,PMM0707,10.1073/pnas.0601301103_phosphorus_phosphate_starvation_med4_microarray,MICROARRAY,0h,-1.381,0.2181,not_significant
H1_P,Prochlorococcus MED4,PMM0708,10.1073/pnas.0601301103_phosphorus_phosphate_starvation_med4_microarray,MICROARRAY,4h,1.336,0.4679,not_significant
H1_P,Prochlorococcus MED4,PMM0719,10.1073/pnas.0601301103_phosphorus_phosphate_starvation_med4_microarray,MICROARRAY,12h,1.313,0.4148,not_significant
H1_P,Prochlorococcus MED4,PMM0719,10.1073/pnas.0601301103_phosphorus_phosphate_starvation_med4_microarray,MICROARRAY,0h,-1.289,0.3027,not_significant
H1_P,Prochlorococcus MED4,PMM0724,10.1073/pnas.0601301103_phosphorus_phosphate_starvation_med4_microarray,MICROARRAY,24h,1.28,0.6342,not_significant
H1_P,Prochlorococcus MED4,PMM0724,10.1073/pnas.0601301103_phosphorus_phosphate_starvation_med4_microarray,MICROARRAY,0h,-1.275,0.2839,not_significant
H1_P,Prochlorococcus MED4,PMM0721,10.1073/pnas.0601301103_phosphorus_phosphate_starvation_med4_microarray,MICROARRAY,24h,1.245,0.6215,not_significant
H1_P,Prochlorococcus MED4,PMM0706,10.1073/pnas.0601301103_phosphorus_phosphate_starvation_med4_microarray,MICROARRAY,4h,1.241,0.4769,not_significant
H1_P,Prochlorococcus MED4,PMM0710,10.1073/pnas.0601301103_phosphorus_phosphate_starvation_med4_microarray,MICROARRAY,12h,1.202,0.3275,not_significant
H1_P,Prochlorococcus MED4,PMM0707,10.1073/pnas.0601301103_phosphorus_phosphate_starvation_med4_microarray,MICROARRAY,4h,1.161,0.5223,not_significant
H1_P,Prochlorococcus MED4,PMM0721,10.1073/pnas.0601301103_phosphorus_phosphate_starvation_med4_microarray,MICROARRAY,12h,-1.143,0.6188,not_significant
H1_P,Prochlorococcus MED4,PMM0710,10.1073/pnas.0601301103_phosphorus_phosphate_starvation_med4_microarray,MICROARRAY,0h,1.142,0.4626,not_significant
H1_P,Prochlorococcus MED4,PMM0713,10.1073/pnas.0601301103_phosphorus_phosphate_starvation_med4_microarray,MICROARRAY,4h,1.109,0.5695,not_significant
H1_P,Prochlorococcus MED4,PMM0723,10.1073/pnas.0601301103_phosphorus_phosphate_starvation_med4_microarray,MICROARRAY,0h,1.104,0.557,not_significant
H1_P,Prochlorococcus MED4,PMM0707,10.1073/pnas.0601301103_phosphorus_phosphate_starvation_med4_microarray,MICROARRAY,12h,1.094,0.7691,not_significant
H1_P,Prochlorococcus MED4,PMM0706,10.1073/pnas.0601301103_phosphorus_phosphate_starvation_med4_microarray,MICROARRAY,0h,-1.083,0.5734,not_significant
H1_P,Prochlorococcus MED4,PMM0708,10.1073/pnas.0601301103_phosphorus_phosphate_starvation_med4_microarray,MICROARRAY,0h,-1.055,0.6412,not_significant
H1_P,Prochlorococcus MED4,PMM0721,10.1073/pnas.0601301103_phosphorus_phosphate_starvation_med4_microarray,MICROARRAY,4h,1.052,0.5986,not_significant
H1_P,Prochlorococcus MED4,PMM0713,10.1073/pnas.0601301103_phosphorus_phosphate_starvation_med4_microarray,MICROARRAY,0h,-1.048,0.6416,not_significant
H1_P,Prochlorococcus MED4,PMM0710,10.1073/pnas.0601301103_phosphorus_phosphate_starvation_med4_microarray,MICROARRAY,4h,1.041,0.6121,not_significant
H1_P,Prochlorococcus MED4,PMM0719,10.1073/pnas.0601301103_phosphorus_phosphate_starvation_med4_microarray,MICROARRAY,4h,-1.034,0.6578,not_significant
H1_P,Prochlorococcus MED4,PMM1416,10.1073/pnas.0601301103_phosphorus_phosphate_starvation_med4_microarray,MICROARRAY,4h,1.02,0.653,not_significant
H1_P,Prochlorococcus MED4,PMM1416,10.1073/pnas.0601301103_phosphorus_phosphate_starvation_med4_microarray,MICROARRAY,0h,-1.017,0.6962,not_significant
H1_P,Prochlorococcus MED4,PMM0724,10.1073/pnas.0601301103_phosphorus_phosphate_starvation_med4_microarray,MICROARRAY,12h,1.012,0.8901,not_significant
H1_P,Prochlorococcus MED4,PMM0721,10.1073/pnas.0601301103_phosphorus_phosphate_starvation_med4_microarray,MICROARRAY,0h,1.011,0.6962,not_significant
H1_P,Prochlorococcus MED4,PMM0705,10.1073/pnas.0601301103_phosphorus_phosphate_starvation_med4_microarray,MICROARRAY,0h,1.01,0.7034,not_significant
H1_P,Prochlorococcus MIT9312,PMT9312_0720,10.1186/2046-9063-8-7_pi_limitation_mit9312_itraq,PROTEOMICS,stationary,3.2250368285170405,,significant_up
H1_P,Prochlorococcus MIT9312,PMT9312_0722,10.1186/2046-9063-8-7_pi_limitation_mit9312_itraq,PROTEOMICS,stationary,1.7331539556651812,,significant_up
H1_P,Prochlorococcus NATL2A,PMN2A_0439,10.1111/1462-2920.13104_phosphorus_plimited_natl2a_rnaseq_uninfected,RNASEQ,59h,6.75,0.03,significant_up
H1_P,Prochlorococcus NATL2A,PMN2A_0435,10.1111/1462-2920.13104_phosphorus_plimited_natl2a_rnaseq_uninfected,RNASEQ,46h,6.41,1.0,not_significant
H1_P,Prochlorococcus NATL2A,PMN2A_0435,10.1111/1462-2920.13104_phosphorus_plimited_natl2a_rnaseq_uninfected,RNASEQ,59h,5.91,0.18,not_significant
H1_P,Prochlorococcus NATL2A,PMN2A_0439,10.1111/1462-2920.13104_phosphorus_plimited_natl2a_rnaseq_uninfected,RNASEQ,46h,5.26,1.0,not_significant
H1_P,Prochlorococcus NATL2A,PMN2A_0439,10.1111/1462-2920.13104_phosphorus_plimited_natl2a_rnaseq_uninfected,RNASEQ,24h,4.96,0.88,not_significant
H1_P,Prochlorococcus NATL2A,PMN2A_0441,10.1111/1462-2920.13104_phosphorus_plimited_natl2a_rnaseq_uninfected,RNASEQ,59h,4.86,8.38e-06,significant_up
H1_P,Prochlorococcus NATL2A,PMN2A_0435,10.1111/1462-2920.13104_phosphorus_plimited_natl2a_rnaseq_uninfected,RNASEQ,24h,4.47,1.0,not_significant
H1_P,Prochlorococcus NATL2A,PMN2A_0441,10.1111/1462-2920.13104_phosphorus_plimited_natl2a_rnaseq_uninfected,RNASEQ,46h,4.47,0.04,significant_up
H1_P,Prochlorococcus NATL2A,PMN2A_0441,10.1111/1462-2920.13104_phosphorus_plimited_natl2a_rnaseq_uninfected,RNASEQ,24h,4.03,0.00054,significant_up
H1_P,Prochlorococcus NATL2A,PMN2A_0436,10.1111/1462-2920.13104_phosphorus_plimited_natl2a_rnaseq_uninfected,RNASEQ,59h,3.06,6.3e-11,significant_up
H1_P,Prochlorococcus NATL2A,PMN2A_0436,10.1111/1462-2920.13104_phosphorus_plimited_natl2a_rnaseq_uninfected,RNASEQ,24h,2.94,5.73e-14,significant_up
H1_P,Prochlorococcus NATL2A,PMN2A_0437,10.1111/1462-2920.13104_phosphorus_plimited_natl2a_rnaseq_uninfected,RNASEQ,4h,2.84,1.3e-19,significant_up
H1_P,Prochlorococcus NATL2A,PMN2A_0445,10.1111/1462-2920.13104_phosphorus_plimited_natl2a_rnaseq_uninfected,RNASEQ,4h,2.64,2.34e-26,significant_up
H1_P,Prochlorococcus NATL2A,PMN2A_0436,10.1111/1462-2920.13104_phosphorus_plimited_natl2a_rnaseq_uninfected,RNASEQ,46h,2.6,0.000817,significant_up
H1_P,Prochlorococcus NATL2A,PMN2A_0436,10.1111/1462-2920.13104_phosphorus_plimited_natl2a_rnaseq_uninfected,RNASEQ,4h,2.58,4.58e-12,significant_up
H1_P,Prochlorococcus NATL2A,PMN2A_0437,10.1111/1462-2920.13104_phosphorus_plimited_natl2a_rnaseq_uninfected,RNASEQ,24h,2.32,1.62e-08,significant_up
H1_P,Prochlorococcus NATL2A,PMN2A_0445,10.1111/1462-2920.13104_phosphorus_plimited_natl2a_rnaseq_uninfected,RNASEQ,24h,2.24,7.91e-18,significant_up
H1_P,Prochlorococcus NATL2A,PMN2A_0436,10.1111/1462-2920.13104_phosphorus_plimited_natl2a_rnaseq_uninfected,RNASEQ,59h (P added),2.14,0.000385,significant_up
H1_P,Prochlorococcus NATL2A,PMN2A_0445,10.1111/1462-2920.13104_phosphorus_plimited_natl2a_rnaseq_uninfected,RNASEQ,46h,1.95,0.00105,significant_up
H1_P,Prochlorococcus NATL2A,PMN2A_1827,10.1186/2046-9063-8-7_pi_limitation_natl2a_itraq,PROTEOMICS,mid-exponential,-1.9425276624624184,,significant_down
H1_P,Prochlorococcus NATL2A,PMN2A_0437,10.1111/1462-2920.13104_phosphorus_plimited_natl2a_rnaseq_uninfected,RNASEQ,59h,1.76,0.00443,significant_up
H1_P,Prochlorococcus NATL2A,PMN2A_0310,10.1111/1462-2920.13104_phosphorus_plimited_natl2a_rnaseq_uninfected,RNASEQ,59h,1.73,4.36e-05,significant_up
H1_P,Prochlorococcus NATL2A,PMN2A_0445,10.1111/1462-2920.13104_phosphorus_plimited_natl2a_rnaseq_uninfected,RNASEQ,59h,1.71,2.73e-07,significant_up
H1_P,Prochlorococcus NATL2A,PMN2A_0445,10.1111/1462-2920.13104_phosphorus_plimited_natl2a_rnaseq_uninfected,RNASEQ,50h (P added),1.58,0.00166,significant_up
H1_P,Prochlorococcus NATL2A,PMN2A_0441,10.1186/2046-9063-8-7_pi_limitation_natl2a_itraq,PROTEOMICS,mid-exponential,-1.5504986364099569,,significant_down
H1_P,Prochlorococcus NATL2A,PMN2A_0445,10.1111/1462-2920.13104_phosphorus_plimited_natl2a_rnaseq_uninfected,RNASEQ,59h (P added),1.53,8.01e-05,significant_up
H1_P,Prochlorococcus NATL2A,PMN2A_0309,10.1111/1462-2920.13104_phosphorus_plimited_natl2a_rnaseq_uninfected,RNASEQ,46h,1.5,0.32,not_significant
H1_P,Prochlorococcus NATL2A,PMN2A_0441,10.1111/1462-2920.13104_phosphorus_plimited_natl2a_rnaseq_uninfected,RNASEQ,50h (P added),1.46,0.58,not_significant
H1_P,Prochlorococcus NATL2A,PMN2A_0436,10.1111/1462-2920.13104_phosphorus_plimited_natl2a_rnaseq_uninfected,RNASEQ,50h (P added),1.44,0.08,not_significant
H1_P,Prochlorococcus NATL2A,PMN2A_0439,10.1111/1462-2920.13104_phosphorus_plimited_natl2a_rnaseq_uninfected,RNASEQ,50h (P added),1.35,0.99,not_significant
H1_P,Prochlorococcus NATL2A,PMN2A_0309,10.1111/1462-2920.13104_phosphorus_plimited_natl2a_rnaseq_uninfected,RNASEQ,59h,1.31,0.03,significant_up
H1_P,Prochlorococcus NATL2A,PMN2A_0435,10.1111/1462-2920.13104_phosphorus_plimited_natl2a_rnaseq_uninfected,RNASEQ,4h,1.22,1.0,not_significant
H1_P,Prochlorococcus NATL2A,PMN2A_0437,10.1111/1462-2920.13104_phosphorus_plimited_natl2a_rnaseq_uninfected,RNASEQ,59h (P added),1.19,0.25,not_significant
H1_P,Prochlorococcus NATL2A,PMN2A_0311,10.1111/1462-2920.13104_phosphorus_plimited_natl2a_rnaseq_uninfected,RNASEQ,59h,1.18,0.00121,significant_up
H1_P,Prochlorococcus NATL2A,PMN2A_0311,10.1111/1462-2920.13104_phosphorus_plimited_natl2a_rnaseq_uninfected,RNASEQ,46h,1.14,0.17,not_significant
H1_P,Prochlorococcus NATL2A,PMN2A_0435,10.1111/1462-2920.13104_phosphorus_plimited_natl2a_rnaseq_uninfected,RNASEQ,50h (P added),1.0,1.0,not_significant
H1_P,Prochlorococcus NATL2A,PMN2A_0310,10.1111/1462-2920.13104_phosphorus_plimited_natl2a_rnaseq_uninfected,RNASEQ,46h,0.91,1.0,not_significant
H1_P,Prochlorococcus NATL2A,PMN2A_0310,10.1111/1462-2920.13104_phosphorus_plimited_natl2a_rnaseq_uninfected,RNASEQ,24h,0.73,1.0,not_significant
H1_P,Prochlorococcus NATL2A,PMN2A_0309,10.1111/1462-2920.13104_phosphorus_plimited_natl2a_rnaseq_uninfected,RNASEQ,50h (P added),0.67,0.68,not_significant
H1_P,Prochlorococcus NATL2A,PMN2A_0441,10.1111/1462-2920.13104_phosphorus_plimited_natl2a_rnaseq_uninfected,RNASEQ,59h (P added),0.65,1.0,not_significant
H1_P,Prochlorococcus NATL2A,PMN2A_0439,10.1111/1462-2920.13104_phosphorus_plimited_natl2a_rnaseq_uninfected,RNASEQ,59h (P added),0.64,1.0,not_significant
H1_P,Prochlorococcus NATL2A,PMN2A_0309,10.1111/1462-2920.13104_phosphorus_plimited_natl2a_rnaseq_uninfected,RNASEQ,4h,0.62,1.0,not_significant
H1_P,Prochlorococcus NATL2A,PMN2A_0310,10.1111/1462-2920.13104_phosphorus_plimited_natl2a_rnaseq_uninfected,RNASEQ,59h (P added),0.57,0.84,not_significant
H1_P,Prochlorococcus NATL2A,PMN2A_0310,10.1111/1462-2920.13104_phosphorus_plimited_natl2a_rnaseq_uninfected,RNASEQ,4h,-0.54,1.0,not_significant
H1_P,Prochlorococcus NATL2A,PMN2A_0437,10.1111/1462-2920.13104_phosphorus_plimited_natl2a_rnaseq_uninfected,RNASEQ,50h (P added),-0.5,0.86,not_significant
H1_P,Prochlorococcus NATL2A,PMN2A_0311,10.1111/1462-2920.13104_phosphorus_plimited_natl2a_rnaseq_uninfected,RNASEQ,24h,0.48,1.0,not_significant
H1_P,Prochlorococcus NATL2A,PMN2A_0435,10.1111/1462-2920.13104_phosphorus_plimited_natl2a_rnaseq_uninfected,RNASEQ,59h (P added),0.45,1.0,not_significant
H1_P,Prochlorococcus NATL2A,PMN2A_0437,10.1111/1462-2920.13104_phosphorus_plimited_natl2a_rnaseq_uninfected,RNASEQ,46h,0.45,1.0,not_significant
H1_P,Prochlorococcus NATL2A,PMN2A_0309,10.1111/1462-2920.13104_phosphorus_plimited_natl2a_rnaseq_uninfected,RNASEQ,24h,0.43,1.0,not_significant
H1_P,Prochlorococcus NATL2A,PMN2A_0439,10.1111/1462-2920.13104_phosphorus_plimited_natl2a_rnaseq_uninfected,RNASEQ,4h,0.19,1.0,not_significant
H1_P,Prochlorococcus NATL2A,PMN2A_0309,10.1111/1462-2920.13104_phosphorus_plimited_natl2a_rnaseq_uninfected,RNASEQ,59h (P added),0.13,1.0,not_significant
H1_P,Prochlorococcus NATL2A,PMN2A_0311,10.1111/1462-2920.13104_phosphorus_plimited_natl2a_rnaseq_uninfected,RNASEQ,50h (P added),-0.13,1.0,not_significant
H1_P,Prochlorococcus NATL2A,PMN2A_0310,10.1111/1462-2920.13104_phosphorus_plimited_natl2a_rnaseq_uninfected,RNASEQ,50h (P added),0.11,1.0,not_significant
H1_P,Prochlorococcus NATL2A,PMN2A_0311,10.1111/1462-2920.13104_phosphorus_plimited_natl2a_rnaseq_uninfected,RNASEQ,4h,-0.11,1.0,not_significant
H1_P,Prochlorococcus NATL2A,PMN2A_0311,10.1111/1462-2920.13104_phosphorus_plimited_natl2a_rnaseq_uninfected,RNASEQ,59h (P added),-0.07,1.0,not_significant
H1_P,Prochlorococcus NATL2A,PMN2A_0441,10.1111/1462-2920.13104_phosphorus_plimited_natl2a_rnaseq_uninfected,RNASEQ,4h,0.03,1.0,not_significant
H1_P,Prochlorococcus MIT9313,PMT0993,10.1073/pnas.0601301103_phosphorus_phosphate_starvation_mit9313_microarray,MICROARRAY,24h,9.279,0.0,significant_up
H1_P,Prochlorococcus MIT9313,PMT0994,10.1073/pnas.0601301103_phosphorus_phosphate_starvation_mit9313_microarray,MICROARRAY,24h,7.385,0.0,significant_up
H1_P,Prochlorococcus MIT9313,PMT0993,10.1073/pnas.0601301103_phosphorus_phosphate_starvation_mit9313_microarray,MICROARRAY,12h,6.577,0.0003,significant_up
H1_P,Prochlorococcus MIT9313,PMT0508,10.1073/pnas.0601301103_phosphorus_phosphate_starvation_mit9313_microarray,MICROARRAY,24h,5.364,0.0,significant_up
H1_P,Prochlorococcus MIT9313,PMT1000,10.1073/pnas.0601301103_phosphorus_phosphate_starvation_mit9313_microarray,MICROARRAY,24h,4.21,0.0,significant_up
H1_P,Prochlorococcus MIT9313,PMT0994,10.1073/pnas.0601301103_phosphorus_phosphate_starvation_mit9313_microarray,MICROARRAY,12h,3.661,0.049,significant_up
H1_P,Prochlorococcus MIT9313,PMT0508,10.1073/pnas.0601301103_phosphorus_phosphate_starvation_mit9313_microarray,MICROARRAY,12h,2.349,0.0003,significant_up
H1_P,Prochlorococcus MIT9313,PMT1000,10.1073/pnas.0601301103_phosphorus_phosphate_starvation_mit9313_microarray,MICROARRAY,12h,1.661,0.0098,significant_up
H1_P,Prochlorococcus MIT9313,PMT0702,10.1073/pnas.0601301103_phosphorus_phosphate_starvation_mit9313_microarray,MICROARRAY,24h,1.656,0.0,significant_up
H1_P,Prochlorococcus MIT9313,PMT_0995,10.1073/pnas.0601301103_phosphorus_phosphate_starvation_mit9313_microarray,MICROARRAY,24h,1.386,0.0,significant_up
H1_P,Prochlorococcus MIT9313,PMT0701,10.1073/pnas.0601301103_phosphorus_phosphate_starvation_mit9313_microarray,MICROARRAY,24h,1.285,0.0014,significant_up
H1_P,Prochlorococcus MIT9313,PMT0702,10.1073/pnas.0601301103_phosphorus_phosphate_starvation_mit9313_microarray,MICROARRAY,0h,-1.275,0.9971,not_significant
H1_P,Prochlorococcus MIT9313,PMT0700,10.1073/pnas.0601301103_phosphorus_phosphate_starvation_mit9313_microarray,MICROARRAY,24h,1.211,0.023,significant_up
H1_P,Prochlorococcus MIT9313,PMT0993,10.1073/pnas.0601301103_phosphorus_phosphate_starvation_mit9313_microarray,MICROARRAY,4h,1.191,0.4553,not_significant
H1_P,Prochlorococcus MIT9313,PMT0994,10.1073/pnas.0601301103_phosphorus_phosphate_starvation_mit9313_microarray,MICROARRAY,4h,1.129,0.4487,not_significant
H1_P,Prochlorococcus MIT9313,PMT0702,10.1073/pnas.0601301103_phosphorus_phosphate_starvation_mit9313_microarray,MICROARRAY,12h,1.102,0.7149,not_significant
H1_P,Prochlorococcus MIT9313,PMT_0995,10.1073/pnas.0601301103_phosphorus_phosphate_starvation_mit9313_microarray,MICROARRAY,0h,-1.083,0.9971,not_significant
H1_P,Prochlorococcus MIT9313,PMT1000,10.1073/pnas.0601301103_phosphorus_phosphate_starvation_mit9313_microarray,MICROARRAY,0h,-1.071,0.9971,not_significant
H1_P,Prochlorococcus MIT9313,PMT0508,10.1073/pnas.0601301103_phosphorus_phosphate_starvation_mit9313_microarray,MICROARRAY,0h,-1.06,0.9971,not_significant
H1_P,Prochlorococcus MIT9313,PMT0700,10.1073/pnas.0601301103_phosphorus_phosphate_starvation_mit9313_microarray,MICROARRAY,0h,1.051,0.9971,not_significant
H1_P,Prochlorococcus MIT9313,PMT0701,10.1073/pnas.0601301103_phosphorus_phosphate_starvation_mit9313_microarray,MICROARRAY,12h,-1.049,0.952,not_significant
H1_P,Prochlorococcus MIT9313,PMT0700,10.1073/pnas.0601301103_phosphorus_phosphate_starvation_mit9313_microarray,MICROARRAY,12h,-1.038,0.9587,not_significant
H1_P,Prochlorococcus MIT9313,PMT0701,10.1073/pnas.0601301103_phosphorus_phosphate_starvation_mit9313_microarray,MICROARRAY,0h,-1.038,0.9971,not_significant
H1_P,Prochlorococcus MIT9313,PMT_0995,10.1073/pnas.0601301103_phosphorus_phosphate_starvation_mit9313_microarray,MICROARRAY,12h,1.035,0.9187,not_significant
H1_P,Prochlorococcus MIT9313,PMT0702,10.1073/pnas.0601301103_phosphorus_phosphate_starvation_mit9313_microarray,MICROARRAY,4h,1.033,0.9221,not_significant
H1_P,Prochlorococcus MIT9313,PMT0508,10.1073/pnas.0601301103_phosphorus_phosphate_starvation_mit9313_microarray,MICROARRAY,4h,1.022,0.9329,not_significant
H1_P,Prochlorococcus MIT9313,PMT_0995,10.1073/pnas.0601301103_phosphorus_phosphate_starvation_mit9313_microarray,MICROARRAY,4h,-1.021,0.9329,not_significant
H1_P,Prochlorococcus MIT9313,PMT0994,10.1073/pnas.0601301103_phosphorus_phosphate_starvation_mit9313_microarray,MICROARRAY,0h,1.013,0.9971,not_significant
H1_P,Prochlorococcus MIT9313,PMT1000,10.1073/pnas.0601301103_phosphorus_phosphate_starvation_mit9313_microarray,MICROARRAY,4h,-1.011,0.9591,not_significant
H1_P,Prochlorococcus MIT9313,PMT0993,10.1073/pnas.0601301103_phosphorus_phosphate_starvation_mit9313_microarray,MICROARRAY,0h,-1.009,0.9971,not_significant
H1_P,Prochlorococcus MIT9313,PMT0700,10.1073/pnas.0601301103_phosphorus_phosphate_starvation_mit9313_microarray,MICROARRAY,4h,-1.001,0.9632,not_significant
H1_P,Prochlorococcus MIT9313,PMT0701,10.1073/pnas.0601301103_phosphorus_phosphate_starvation_mit9313_microarray,MICROARRAY,4h,-1.001,0.9632,not_significant
positive_control_N,Prochlorococcus MED4,PMM0920,10.1038/msb4100087_nitrogen_nitrogen_deprivation_med4_med4_microarray,MICROARRAY,6h,5.06051169137151,0.01,significant_up
positive_control_N,Prochlorococcus MED4,PMM0246,10.1038/msb4100087_nitrogen_nitrogen_deprivation_med4_med4_microarray,MICROARRAY,6h,4.45086478182776,0.01,significant_up
positive_control_N,Prochlorococcus MED4,PMM0920,10.1038/msb4100087_nitrogen_nitrogen_deprivation_med4_med4_microarray,MICROARRAY,12h,4.14177961834331,0.01,significant_up
positive_control_N,Prochlorococcus MED4,PMM0920,10.1038/msb4100087_nitrogen_nitrogen_deprivation_med4_med4_microarray,MICROARRAY,24h,3.92174594063168,0.01,significant_up
positive_control_N,Prochlorococcus MED4,PMM0263,10.1101/2025.11.24.690089_growth_state_pro99lown_nutrient_starvation_med4_rnaseq_axenic,RNASEQ,day 14,3.8635086439112745,7.801311428232697e-10,significant_up
positive_control_N,Prochlorococcus MED4,PMM0920,10.1038/msb4100087_nitrogen_nitrogen_deprivation_med4_med4_microarray,MICROARRAY,48h,3.79888923224975,0.01,significant_up
positive_control_N,Prochlorococcus MED4,PMM0920,10.1038/msb4100087_nitrogen_nitrogen_deprivation_med4_med4_microarray,MICROARRAY,3h,3.75973171772578,0.01,significant_up
positive_control_N,Prochlorococcus MED4,PMM0263,10.1038/ismej.2017.88_nitrogen_stress_ndepleted_pro99_medium_med4_rnaseq,RNASEQ,3h,3.67,0.02,significant_up
positive_control_N,Prochlorococcus MED4,PMM0246,10.1101/2025.11.24.690089_growth_state_pro99lown_nutrient_starvation_med4_proteomics_axenic,PROTEOMICS,day 31,3.58713213602702,2.48270602762731e-07,significant_up
positive_control_N,Prochlorococcus MED4,PMM0920,10.1101/2025.11.24.690089_growth_state_pro99lown_nutrient_starvation_med4_rnaseq_axenic,RNASEQ,day 14,3.3569768863566645,7.395965792256581e-06,significant_up
positive_control_N,Prochlorococcus MED4,PMM0246,10.1101/2025.11.24.690089_growth_state_pro99lown_nutrient_starvation_med4_rnaseq_axenic,RNASEQ,day 14,3.352117316421244,1.0044699427936916e-05,significant_up
positive_control_N,Prochlorococcus MED4,PMM0965,10.1038/ismej.2017.88_nitrogen_stress_ndepleted_pro99_medium_med4_rnaseq,RNASEQ,24h,3.08,0.0,significant_up
positive_control_N,Prochlorococcus MED4,PMM0246,10.1038/msb4100087_nitrogen_nitrogen_deprivation_med4_med4_microarray,MICROARRAY,3h,3.038840754,1.0,not_significant
positive_control_N,Prochlorococcus MED4,PMM0246,10.1038/msb4100087_nitrogen_nitrogen_deprivation_med4_med4_microarray,MICROARRAY,12h,3.01927772296539,0.01,significant_up
positive_control_N,Prochlorococcus MED4,PMM0920,10.1038/ismej.2017.88_nitrogen_stress_ndepleted_pro99_medium_med4_rnaseq,RNASEQ,12h,2.85,0.0,significant_up
positive_control_N,Prochlorococcus MED4,PMM0246,10.1101/2025.11.24.690089_growth_state_pro99lown_nutrient_starvation_med4_proteomics_axenic,PROTEOMICS,day 89,2.67964712778727,2.53352928604394e-06,significant_up
positive_control_N,Prochlorococcus MED4,PMM0965,10.1038/ismej.2017.88_nitrogen_stress_ndepleted_pro99_medium_med4_rnaseq,RNASEQ,12h,2.6,0.0,significant_up
positive_control_N,Prochlorococcus MED4,PMM0920,10.1101/2025.11.24.690089_growth_state_pro99lown_nutrient_starvation_med4_proteomics_axenic,PROTEOMICS,day 89,2.52888647715251,3.51988774237846e-06,significant_up
positive_control_N,Prochlorococcus MED4,PMM0920,10.1038/ismej.2017.88_nitrogen_stress_ndepleted_pro99_medium_med4_rnaseq,RNASEQ,24h,2.45,0.0,significant_up
positive_control_N,Prochlorococcus MED4,PMM0263,10.1038/ismej.2017.88_nitrogen_stress_ndepleted_pro99_medium_med4_rnaseq,RNASEQ,12h,2.27,1.0,not_significant
positive_control_N,Prochlorococcus MED4,PMM0965,10.1101/2025.11.24.690089_growth_state_pro99lown_nutrient_starvation_med4_rnaseq_axenic,RNASEQ,day 14,2.264438881479556,0.0002324155619118,significant_up
positive_control_N,Prochlorococcus MED4,PMM0263,10.1038/ismej.2017.88_nitrogen_stress_ndepleted_pro99_medium_med4_rnaseq,RNASEQ,24h,2.26,1.0,not_significant
positive_control_N,Prochlorococcus MED4,PMM0246,10.1038/ismej.2017.88_nitrogen_stress_ndepleted_pro99_medium_med4_rnaseq,RNASEQ,24h,2.17,0.0,significant_up
positive_control_N,Prochlorococcus MED4,PMM0246,10.1038/msb4100087_nitrogen_nitrogen_deprivation_med4_med4_microarray,MICROARRAY,0h,-2.166458145,1.0,not_significant
positive_control_N,Prochlorococcus MED4,PMM0920,10.1101/2025.11.24.690089_growth_state_pro99lown_nutrient_starvation_med4_proteomics_axenic,PROTEOMICS,day 14,2.12048435211182,8.88446794862496e-05,significant_up
positive_control_N,Prochlorococcus MED4,PMM0965,10.1038/msb4100087_nitrogen_nitrogen_deprivation_med4_med4_microarray,MICROARRAY,6h,1.90550104081613,0.01,significant_up
positive_control_N,Prochlorococcus MED4,PMM0246,10.1101/2025.11.24.690089_growth_state_pro99lown_nutrient_starvation_med4_proteomics_axenic,PROTEOMICS,day 14,1.86500326792399,0.0002207182174203,significant_up
positive_control_N,Prochlorococcus MED4,PMM0246,10.1038/ismej.2017.88_nitrogen_stress_ndepleted_pro99_medium_med4_rnaseq,RNASEQ,12h,1.71,0.26,not_significant
positive_control_N,Prochlorococcus MED4,PMM0246,10.1038/msb4100087_nitrogen_nitrogen_deprivation_med4_med4_microarray,MICROARRAY,24h,1.67965300850396,0.01,significant_up
positive_control_N,Prochlorococcus MED4,PMM0965,10.1101/2025.11.24.690089_growth_state_pro99lown_nutrient_starvation_med4_proteomics_axenic,PROTEOMICS,day 14,1.60331058502197,0.0107429971839741,significant_up
positive_control_N,Prochlorococcus MED4,PMM0965,10.1038/ismej.2017.88_nitrogen_stress_ndepleted_pro99_medium_med4_rnaseq,RNASEQ,3h,-1.57,0.14,not_significant
positive_control_N,Prochlorococcus MED4,PMM0965,10.1038/msb4100087_nitrogen_nitrogen_deprivation_med4_med4_microarray,MICROARRAY,12h,1.5016806356999,0.01,significant_up
positive_control_N,Prochlorococcus MED4,PMM0920,10.1038/ismej.2017.88_nitrogen_stress_ndepleted_pro99_medium_med4_rnaseq,RNASEQ,3h,1.5,1.0,not_significant
positive_control_N,Prochlorococcus MED4,PMM0920,10.1101/2025.11.24.690089_growth_state_pro99lown_nutrient_starvation_med4_proteomics_axenic,PROTEOMICS,day 31,1.38018099466959,0.000453055859293,significant_up
positive_control_N,Prochlorococcus MED4,PMM0965,10.1101/2025.11.24.690089_growth_state_pro99lown_nutrient_starvation_med4_proteomics_axenic,PROTEOMICS,day 89,1.25440692901611,0.0130553170607451,significant_up
positive_control_N,Prochlorococcus MED4,PMM0965,10.1038/msb4100087_nitrogen_nitrogen_deprivation_med4_med4_microarray,MICROARRAY,48h,1.243182442,1.0,not_significant
positive_control_N,Prochlorococcus MED4,PMM0246,10.1038/msb4100087_nitrogen_nitrogen_deprivation_med4_med4_microarray,MICROARRAY,48h,1.22622802,1.0,not_significant
positive_control_N,Prochlorococcus MED4,PMM0965,10.1038/msb4100087_nitrogen_nitrogen_deprivation_med4_med4_microarray,MICROARRAY,3h,1.135729397,1.0,not_significant
positive_control_N,Prochlorococcus MED4,PMM0263,10.1038/msb4100087_nitrogen_nitrogen_deprivation_med4_med4_microarray,MICROARRAY,6h,1.09022039554685,0.01,significant_up
positive_control_N,Prochlorococcus MED4,PMM0965,10.1038/msb4100087_nitrogen_nitrogen_deprivation_med4_med4_microarray,MICROARRAY,24h,1.0838688978539,0.01,significant_up
positive_control_N,Prochlorococcus MED4,PMM0263,10.1038/msb4100087_nitrogen_nitrogen_deprivation_med4_med4_microarray,MICROARRAY,24h,1.05240145098823,0.01,significant_up
positive_control_N,Prochlorococcus MED4,PMM0263,10.1101/2025.11.24.690089_growth_state_pro99lown_nutrient_starvation_med4_proteomics_axenic,PROTEOMICS,day 89,1.01010862986247,0.0010926752597998,significant_up
positive_control_N,Prochlorococcus MED4,PMM0965,10.1101/2025.11.24.690089_growth_state_pro99lown_nutrient_starvation_med4_proteomics_axenic,PROTEOMICS,day 31,0.833249409993486,0.07384760350825,not_significant
positive_control_N,Prochlorococcus MED4,PMM0263,10.1038/msb4100087_nitrogen_nitrogen_deprivation_med4_med4_microarray,MICROARRAY,3h,0.801664843,1.0,not_significant
positive_control_N,Prochlorococcus MED4,PMM0263,10.1101/2025.11.24.690089_growth_state_pro99lown_nutrient_starvation_med4_proteomics_axenic,PROTEOMICS,day 31,0.647590637207035,0.015620114970028,not_significant
positive_control_N,Prochlorococcus MED4,PMM0263,10.1038/msb4100087_nitrogen_nitrogen_deprivation_med4_med4_microarray,MICROARRAY,12h,0.640798321,1.0,not_significant
positive_control_N,Prochlorococcus MED4,PMM0246,10.1038/ismej.2017.88_nitrogen_stress_ndepleted_pro99_medium_med4_rnaseq,RNASEQ,3h,0.57,1.0,not_significant
positive_control_N,Prochlorococcus MED4,PMM0920,10.1038/msb4100087_nitrogen_nitrogen_deprivation_med4_med4_microarray,MICROARRAY,0h,0.509219432,1.0,not_significant
positive_control_N,Prochlorococcus MED4,PMM0965,10.1038/msb4100087_nitrogen_nitrogen_deprivation_med4_med4_microarray,MICROARRAY,0h,0.27295992,1.0,not_significant
positive_control_N,Prochlorococcus MED4,PMM0263,10.1101/2025.11.24.690089_growth_state_pro99lown_nutrient_starvation_med4_proteomics_axenic,PROTEOMICS,day 14,0.270531654357914,0.395195546159753,not_significant
positive_control_N,Prochlorococcus MED4,PMM0263,10.1038/msb4100087_nitrogen_nitrogen_deprivation_med4_med4_microarray,MICROARRAY,48h,0.224138189,1.0,not_significant
positive_control_N,Prochlorococcus MED4,PMM0263,10.1038/msb4100087_nitrogen_nitrogen_deprivation_med4_med4_microarray,MICROARRAY,0h,0.055426249,1.0,not_significant
positive_control_N,Prochlorococcus MIT9313,PMT1831,10.1038/msb4100087_nitrogen_nitrogen_deprivation_mit9313_mit9313_microarray,MICROARRAY,12h,3.5581014323859,0.01,significant_up
positive_control_N,Prochlorococcus MIT9313,PMT1831,10.1038/msb4100087_nitrogen_nitrogen_deprivation_mit9313_mit9313_microarray,MICROARRAY,24h,3.5427379612893,0.01,significant_up
positive_control_N,Prochlorococcus MIT9313,PMT1831,10.1038/msb4100087_nitrogen_nitrogen_deprivation_mit9313_mit9313_microarray,MICROARRAY,6h,3.03245309533301,0.01,significant_up
positive_control_N,Prochlorococcus MIT9313,PMT1831,10.1038/msb4100087_nitrogen_nitrogen_deprivation_mit9313_mit9313_microarray,MICROARRAY,48h,2.91416175012933,0.01,significant_up
positive_control_N,Prochlorococcus MIT9313,PMT1853,10.1038/msb4100087_nitrogen_nitrogen_deprivation_mit9313_mit9313_microarray,MICROARRAY,12h,2.29358349814224,0.01,significant_up
positive_control_N,Prochlorococcus MIT9313,PMT1853,10.1038/msb4100087_nitrogen_nitrogen_deprivation_mit9313_mit9313_microarray,MICROARRAY,24h,2.21911420307216,0.01,significant_up
positive_control_N,Prochlorococcus MIT9313,PMT1853,10.1038/msb4100087_nitrogen_nitrogen_deprivation_mit9313_mit9313_microarray,MICROARRAY,6h,2.19273761141333,0.01,significant_up
positive_control_N,Prochlorococcus MIT9313,PMT1853,10.1038/msb4100087_nitrogen_nitrogen_deprivation_mit9313_mit9313_microarray,MICROARRAY,48h,2.08669928083333,0.01,significant_up
positive_control_N,Prochlorococcus MIT9313,PMT0601,10.1038/msb4100087_nitrogen_nitrogen_deprivation_mit9313_mit9313_microarray,MICROARRAY,12h,2.03050177230425,0.01,significant_up
positive_control_N,Prochlorococcus MIT9313,PMT1831,10.1038/msb4100087_nitrogen_nitrogen_deprivation_mit9313_mit9313_microarray,MICROARRAY,3h,1.941622064,1.0,not_significant
positive_control_N,Prochlorococcus MIT9313,PMT0601,10.1038/msb4100087_nitrogen_nitrogen_deprivation_mit9313_mit9313_microarray,MICROARRAY,6h,1.72452021817924,0.01,significant_up
positive_control_N,Prochlorococcus MIT9313,PMT0601,10.1038/msb4100087_nitrogen_nitrogen_deprivation_mit9313_mit9313_microarray,MICROARRAY,24h,1.54235498903119,0.01,significant_up
positive_control_N,Prochlorococcus MIT9313,PMT1853,10.1038/msb4100087_nitrogen_nitrogen_deprivation_mit9313_mit9313_microarray,MICROARRAY,3h,1.297411992,1.0,not_significant
positive_control_N,Prochlorococcus MIT9313,PMT2234,10.1038/msb4100087_nitrogen_nitrogen_deprivation_mit9313_mit9313_microarray,MICROARRAY,6h,1.05550344551044,0.01,significant_up
positive_control_N,Prochlorococcus MIT9313,PMT0601,10.1038/msb4100087_nitrogen_nitrogen_deprivation_mit9313_mit9313_microarray,MICROARRAY,3h,1.009663902,1.0,not_significant
positive_control_N,Prochlorococcus MIT9313,PMT2234,10.1038/msb4100087_nitrogen_nitrogen_deprivation_mit9313_mit9313_microarray,MICROARRAY,48h,0.831582294,1.0,not_significant
positive_control_N,Prochlorococcus MIT9313,PMT2234,10.1038/msb4100087_nitrogen_nitrogen_deprivation_mit9313_mit9313_microarray,MICROARRAY,12h,0.789840475,1.0,not_significant
positive_control_N,Prochlorococcus MIT9313,PMT2234,10.1038/msb4100087_nitrogen_nitrogen_deprivation_mit9313_mit9313_microarray,MICROARRAY,24h,0.71341191,1.0,not_significant
positive_control_N,Prochlorococcus MIT9313,PMT2234,10.1038/msb4100087_nitrogen_nitrogen_deprivation_mit9313_mit9313_microarray,MICROARRAY,3h,0.399675994,1.0,not_significant
positive_control_N,Prochlorococcus MIT9313,PMT0601,10.1038/msb4100087_nitrogen_nitrogen_deprivation_mit9313_mit9313_microarray,MICROARRAY,0h,-0.262190069,1.0,not_significant
positive_control_N,Prochlorococcus MIT9313,PMT1831,10.1038/msb4100087_nitrogen_nitrogen_deprivation_mit9313_mit9313_microarray,MICROARRAY,0h,-0.25024562,1.0,not_significant
positive_control_N,Prochlorococcus MIT9313,PMT2234,10.1038/msb4100087_nitrogen_nitrogen_deprivation_mit9313_mit9313_microarray,MICROARRAY,0h,0.213053866,1.0,not_significant
positive_control_N,Prochlorococcus MIT9313,PMT1853,10.1038/msb4100087_nitrogen_nitrogen_deprivation_mit9313_mit9313_microarray,MICROARRAY,0h,-0.156354162,1.0,not_significant
positive_control_N,Prochlorococcus MIT9313,PMT0601,10.1038/msb4100087_nitrogen_nitrogen_deprivation_mit9313_mit9313_microarray,MICROARRAY,48h,0.152773848,1.0,not_significant
positive_control_P,Prochlorococcus MED4,PMM0708,10.1073/pnas.0601301103_phosphorus_phosphate_starvation_med4_microarray,MICROARRAY,48h,162.295,0.0,significant_up
positive_control_P,Prochlorococcus MED4,PMM0708,10.1073/pnas.0601301103_phosphorus_phosphate_starvation_med4_microarray,MICROARRAY,24h,13.059,0.0,significant_up
positive_control_P,Prochlorococcus MED4,PMM0705,10.1073/pnas.0601301103_phosphorus_phosphate_starvation_med4_microarray,MICROARRAY,48h,5.298,0.0,significant_up
positive_control_P,Prochlorococcus MED4,PMM0710,10.1073/pnas.0601301103_phosphorus_phosphate_starvation_med4_microarray,MICROARRAY,48h,4.67,0.0,significant_up
positive_control_P,Prochlorococcus MED4,PMM0705,10.1073/pnas.0601301103_phosphorus_phosphate_starvation_med4_microarray,MICROARRAY,12h,3.49,0.0,significant_up
positive_control_P,Prochlorococcus MED4,PMM0705,10.1073/pnas.0601301103_phosphorus_phosphate_starvation_med4_microarray,MICROARRAY,24h,2.882,0.0001,significant_up
positive_control_P,Prochlorococcus MED4,PMM0706,10.1073/pnas.0601301103_phosphorus_phosphate_starvation_med4_microarray,MICROARRAY,48h,2.522,0.0084,significant_up
positive_control_P,Prochlorococcus MED4,PMM0710,10.1073/pnas.0601301103_phosphorus_phosphate_starvation_med4_microarray,MICROARRAY,24h,2.232,0.0,significant_up
positive_control_P,Prochlorococcus MED4,PMM0705,10.1073/pnas.0601301103_phosphorus_phosphate_starvation_med4_microarray,MICROARRAY,4h,2.158,0.1601,not_significant
positive_control_P,Prochlorococcus MED4,PMM0708,10.1073/pnas.0601301103_phosphorus_phosphate_starvation_med4_microarray,MICROARRAY,12h,2.142,0.008,significant_up
positive_control_P,Prochlorococcus MED4,PMM0706,10.1073/pnas.0601301103_phosphorus_phosphate_starvation_med4_microarray,MICROARRAY,24h,1.513,0.4544,not_significant
positive_control_P,Prochlorococcus MED4,PMM0706,10.1073/pnas.0601301103_phosphorus_phosphate_starvation_med4_microarray,MICROARRAY,12h,1.455,0.1464,not_significant
positive_control_P,Prochlorococcus MED4,PMM0708,10.1073/pnas.0601301103_phosphorus_phosphate_starvation_med4_microarray,MICROARRAY,4h,1.336,0.4679,not_significant
positive_control_P,Prochlorococcus MED4,PMM0706,10.1073/pnas.0601301103_phosphorus_phosphate_starvation_med4_microarray,MICROARRAY,4h,1.241,0.4769,not_significant
positive_control_P,Prochlorococcus MED4,PMM0710,10.1073/pnas.0601301103_phosphorus_phosphate_starvation_med4_microarray,MICROARRAY,12h,1.202,0.3275,not_significant
positive_control_P,Prochlorococcus MED4,PMM0710,10.1073/pnas.0601301103_phosphorus_phosphate_starvation_med4_microarray,MICROARRAY,0h,1.142,0.4626,not_significant
positive_control_P,Prochlorococcus MED4,PMM0706,10.1073/pnas.0601301103_phosphorus_phosphate_starvation_med4_microarray,MICROARRAY,0h,-1.083,0.5734,not_significant
positive_control_P,Prochlorococcus MED4,PMM0708,10.1073/pnas.0601301103_phosphorus_phosphate_starvation_med4_microarray,MICROARRAY,0h,-1.055,0.6412,not_significant
positive_control_P,Prochlorococcus MED4,PMM0710,10.1073/pnas.0601301103_phosphorus_phosphate_starvation_med4_microarray,MICROARRAY,4h,1.041,0.6121,not_significant
positive_control_P,Prochlorococcus MED4,PMM0705,10.1073/pnas.0601301103_phosphorus_phosphate_starvation_med4_microarray,MICROARRAY,0h,1.01,0.7034,not_significant
positive_control_P,Prochlorococcus MIT9312,PMT9312_0720,10.1186/2046-9063-8-7_pi_limitation_mit9312_itraq,PROTEOMICS,stationary,3.2250368285170405,,significant_up
positive_control_P,Prochlorococcus MIT9312,PMT9312_0722,10.1186/2046-9063-8-7_pi_limitation_mit9312_itraq,PROTEOMICS,stationary,1.7331539556651812,,significant_up
positive_control_P,Prochlorococcus NATL2A,PMN2A_0439,10.1111/1462-2920.13104_phosphorus_plimited_natl2a_rnaseq_uninfected,RNASEQ,59h,6.75,0.03,significant_up
positive_control_P,Prochlorococcus NATL2A,PMN2A_0439,10.1111/1462-2920.13104_phosphorus_plimited_natl2a_rnaseq_uninfected,RNASEQ,46h,5.26,1.0,not_significant
positive_control_P,Prochlorococcus NATL2A,PMN2A_0439,10.1111/1462-2920.13104_phosphorus_plimited_natl2a_rnaseq_uninfected,RNASEQ,24h,4.96,0.88,not_significant
positive_control_P,Prochlorococcus NATL2A,PMN2A_0441,10.1111/1462-2920.13104_phosphorus_plimited_natl2a_rnaseq_uninfected,RNASEQ,59h,4.86,8.38e-06,significant_up
positive_control_P,Prochlorococcus NATL2A,PMN2A_0441,10.1111/1462-2920.13104_phosphorus_plimited_natl2a_rnaseq_uninfected,RNASEQ,46h,4.47,0.04,significant_up
positive_control_P,Prochlorococcus NATL2A,PMN2A_0441,10.1111/1462-2920.13104_phosphorus_plimited_natl2a_rnaseq_uninfected,RNASEQ,24h,4.03,0.00054,significant_up
positive_control_P,Prochlorococcus NATL2A,PMN2A_0436,10.1111/1462-2920.13104_phosphorus_plimited_natl2a_rnaseq_uninfected,RNASEQ,59h,3.06,6.3e-11,significant_up
positive_control_P,Prochlorococcus NATL2A,PMN2A_0436,10.1111/1462-2920.13104_phosphorus_plimited_natl2a_rnaseq_uninfected,RNASEQ,24h,2.94,5.73e-14,significant_up
positive_control_P,Prochlorococcus NATL2A,PMN2A_0437,10.1111/1462-2920.13104_phosphorus_plimited_natl2a_rnaseq_uninfected,RNASEQ,4h,2.84,1.3e-19,significant_up
positive_control_P,Prochlorococcus NATL2A,PMN2A_0436,10.1111/1462-2920.13104_phosphorus_plimited_natl2a_rnaseq_uninfected,RNASEQ,46h,2.6,0.000817,significant_up
positive_control_P,Prochlorococcus NATL2A,PMN2A_0436,10.1111/1462-2920.13104_phosphorus_plimited_natl2a_rnaseq_uninfected,RNASEQ,4h,2.58,4.58e-12,significant_up
positive_control_P,Prochlorococcus NATL2A,PMN2A_0437,10.1111/1462-2920.13104_phosphorus_plimited_natl2a_rnaseq_uninfected,RNASEQ,24h,2.32,1.62e-08,significant_up
positive_control_P,Prochlorococcus NATL2A,PMN2A_0436,10.1111/1462-2920.13104_phosphorus_plimited_natl2a_rnaseq_uninfected,RNASEQ,59h (P added),2.14,0.000385,significant_up
positive_control_P,Prochlorococcus NATL2A,PMN2A_0437,10.1111/1462-2920.13104_phosphorus_plimited_natl2a_rnaseq_uninfected,RNASEQ,59h,1.76,0.00443,significant_up
positive_control_P,Prochlorococcus NATL2A,PMN2A_0441,10.1186/2046-9063-8-7_pi_limitation_natl2a_itraq,PROTEOMICS,mid-exponential,-1.5504986364099569,,significant_down
positive_control_P,Prochlorococcus NATL2A,PMN2A_0441,10.1111/1462-2920.13104_phosphorus_plimited_natl2a_rnaseq_uninfected,RNASEQ,50h (P added),1.46,0.58,not_significant
positive_control_P,Prochlorococcus NATL2A,PMN2A_0436,10.1111/1462-2920.13104_phosphorus_plimited_natl2a_rnaseq_uninfected,RNASEQ,50h (P added),1.44,0.08,not_significant
positive_control_P,Prochlorococcus NATL2A,PMN2A_0439,10.1111/1462-2920.13104_phosphorus_plimited_natl2a_rnaseq_uninfected,RNASEQ,50h (P added),1.35,0.99,not_significant
positive_control_P,Prochlorococcus NATL2A,PMN2A_0437,10.1111/1462-2920.13104_phosphorus_plimited_natl2a_rnaseq_uninfected,RNASEQ,59h (P added),1.19,0.25,not_significant
positive_control_P,Prochlorococcus NATL2A,PMN2A_0441,10.1111/1462-2920.13104_phosphorus_plimited_natl2a_rnaseq_uninfected,RNASEQ,59h (P added),0.65,1.0,not_significant
positive_control_P,Prochlorococcus NATL2A,PMN2A_0439,10.1111/1462-2920.13104_phosphorus_plimited_natl2a_rnaseq_uninfected,RNASEQ,59h (P added),0.64,1.0,not_significant
positive_control_P,Prochlorococcus NATL2A,PMN2A_0437,10.1111/1462-2920.13104_phosphorus_plimited_natl2a_rnaseq_uninfected,RNASEQ,50h (P added),-0.5,0.86,not_significant
positive_control_P,Prochlorococcus NATL2A,PMN2A_0437,10.1111/1462-2920.13104_phosphorus_plimited_natl2a_rnaseq_uninfected,RNASEQ,46h,0.45,1.0,not_significant
positive_control_P,Prochlorococcus NATL2A,PMN2A_0439,10.1111/1462-2920.13104_phosphorus_plimited_natl2a_rnaseq_uninfected,RNASEQ,4h,0.19,1.0,not_significant
positive_control_P,Prochlorococcus NATL2A,PMN2A_0441,10.1111/1462-2920.13104_phosphorus_plimited_natl2a_rnaseq_uninfected,RNASEQ,4h,0.03,1.0,not_significant
positive_control_P,Prochlorococcus MIT9313,PMT0993,10.1073/pnas.0601301103_phosphorus_phosphate_starvation_mit9313_microarray,MICROARRAY,24h,9.279,0.0,significant_up
positive_control_P,Prochlorococcus MIT9313,PMT0994,10.1073/pnas.0601301103_phosphorus_phosphate_starvation_mit9313_microarray,MICROARRAY,24h,7.385,0.0,significant_up
positive_control_P,Prochlorococcus MIT9313,PMT0993,10.1073/pnas.0601301103_phosphorus_phosphate_starvation_mit9313_microarray,MICROARRAY,12h,6.577,0.0003,significant_up
positive_control_P,Prochlorococcus MIT9313,PMT0508,10.1073/pnas.0601301103_phosphorus_phosphate_starvation_mit9313_microarray,MICROARRAY,24h,5.364,0.0,significant_up
positive_control_P,Prochlorococcus MIT9313,PMT0994,10.1073/pnas.0601301103_phosphorus_phosphate_starvation_mit9313_microarray,MICROARRAY,12h,3.661,0.049,significant_up
positive_control_P,Prochlorococcus MIT9313,PMT0508,10.1073/pnas.0601301103_phosphorus_phosphate_starvation_mit9313_microarray,MICROARRAY,12h,2.349,0.0003,significant_up
positive_control_P,Prochlorococcus MIT9313,PMT_0995,10.1073/pnas.0601301103_phosphorus_phosphate_starvation_mit9313_microarray,MICROARRAY,24h,1.386,0.0,significant_up
positive_control_P,Prochlorococcus MIT9313,PMT0993,10.1073/pnas.0601301103_phosphorus_phosphate_starvation_mit9313_microarray,MICROARRAY,4h,1.191,0.4553,not_significant
positive_control_P,Prochlorococcus MIT9313,PMT0994,10.1073/pnas.0601301103_phosphorus_phosphate_starvation_mit9313_microarray,MICROARRAY,4h,1.129,0.4487,not_significant
positive_control_P,Prochlorococcus MIT9313,PMT_0995,10.1073/pnas.0601301103_phosphorus_phosphate_starvation_mit9313_microarray,MICROARRAY,0h,-1.083,0.9971,not_significant
positive_control_P,Prochlorococcus MIT9313,PMT0508,10.1073/pnas.0601301103_phosphorus_phosphate_starvation_mit9313_microarray,MICROARRAY,0h,-1.06,0.9971,not_significant
positive_control_P,Prochlorococcus MIT9313,PMT_0995,10.1073/pnas.0601301103_phosphorus_phosphate_starvation_mit9313_microarray,MICROARRAY,12h,1.035,0.9187,not_significant
positive_control_P,Prochlorococcus MIT9313,PMT0508,10.1073/pnas.0601301103_phosphorus_phosphate_starvation_mit9313_microarray,MICROARRAY,4h,1.022,0.9329,not_significant
positive_control_P,Prochlorococcus MIT9313,PMT_0995,10.1073/pnas.0601301103_phosphorus_phosphate_starvation_mit9313_microarray,MICROARRAY,4h,-1.021,0.9329,not_significant
positive_control_P,Prochlorococcus MIT9313,PMT0994,10.1073/pnas.0601301103_phosphorus_phosphate_starvation_mit9313_microarray,MICROARRAY,0h,1.013,0.9971,not_significant
positive_control_P,Prochlorococcus MIT9313,PMT0993,10.1073/pnas.0601301103_phosphorus_phosphate_starvation_mit9313_microarray,MICROARRAY,0h,-1.009,0.9971,not_significant
background_N,Prochlorococcus MED4,PMM0627,10.1101/2025.11.24.690089_growth_state_pro99lown_nutrient_starvation_med4_rnaseq_axenic,RNASEQ,day 14,-5.775654354992291,1.88860603691474e-17,significant_down
background_N,Prochlorococcus MED4,PMM1452,10.1038/ismej.2017.88_nitrogen_stress_ndepleted_pro99_medium_med4_rnaseq,RNASEQ,12h,-5.53,0.0,significant_down
background_N,Prochlorococcus MED4,PMM0844,10.1101/2025.11.24.690089_growth_state_pro99lown_nutrient_starvation_med4_proteomics_axenic,PROTEOMICS,day 31,-5.5199400583903,0.0066579144580222,significant_down
background_N,Prochlorococcus MED4,PMM1519,10.1101/2025.11.24.690089_growth_state_pro99lown_nutrient_starvation_med4_rnaseq_axenic,RNASEQ,day 14,-5.470392135580254,2.4820324605392437e-27,significant_down
background_N,Prochlorococcus MED4,PMM1519,10.1101/2025.11.24.690089_growth_state_pro99lown_nutrient_starvation_med4_proteomics_axenic,PROTEOMICS,day 31,-5.03541628519694,5.13056174491967e-07,significant_down
background_N,Prochlorococcus MED4,PMM0315,10.1101/2025.11.24.690089_growth_state_pro99lown_nutrient_starvation_med4_rnaseq_axenic,RNASEQ,day 14,-4.9834320139481285,1.009774169901264e-19,significant_down
background_N,Prochlorococcus MED4,PMM0684,10.1101/2025.11.24.690089_growth_state_pro99lown_nutrient_starvation_med4_rnaseq_axenic,RNASEQ,day 14,4.737350948185801,4.4140577642682845e-12,significant_up
background_N,Prochlorococcus MED4,PMM1452,10.1038/ismej.2017.88_nitrogen_stress_ndepleted_pro99_medium_med4_rnaseq,RNASEQ,24h,-4.69,0.0,significant_down
background_N,Prochlorococcus MED4,PMM1988,10.1101/2025.11.24.690089_growth_state_pro99lown_nutrient_starvation_med4_rnaseq_axenic,RNASEQ,day 14,-4.680876901156191,3.3869136434193213e-13,significant_down
background_N,Prochlorococcus MED4,PMM0844,10.1101/2025.11.24.690089_growth_state_pro99lown_nutrient_starvation_med4_proteomics_axenic,PROTEOMICS,day 89,-4.59839216868082,0.0192474770007898,significant_down
background_N,Prochlorococcus MED4,PMM1452,10.1038/msb4100087_nitrogen_nitrogen_deprivation_med4_med4_microarray,MICROARRAY,12h,-4.44250020489064,0.01,significant_down
background_N,Prochlorococcus MED4,PMM0239,10.1101/2025.11.24.690089_growth_state_pro99lown_nutrient_starvation_med4_rnaseq_axenic,RNASEQ,day 14,-4.339753011337046,2.987772351339922e-15,significant_down
background_N,Prochlorococcus MED4,PMM1452,10.1038/msb4100087_nitrogen_nitrogen_deprivation_med4_med4_microarray,MICROARRAY,24h,-4.32896716299897,0.01,significant_down
background_N,Prochlorococcus MED4,PMM1452,10.1101/2025.11.24.690089_growth_state_pro99lown_nutrient_starvation_med4_rnaseq_axenic,RNASEQ,day 14,-4.059179745575669,0.0001634878140407,significant_down
background_N,Prochlorococcus MED4,PMM0844,10.1101/2025.11.24.690089_growth_state_pro99lown_nutrient_starvation_med4_rnaseq_axenic,RNASEQ,day 14,-3.9290560581176512,2.0737784405287577e-21,significant_down
background_N,Prochlorococcus MED4,PMM0315,10.1101/2025.11.24.690089_growth_state_pro99lown_nutrient_starvation_med4_proteomics_axenic,PROTEOMICS,day 31,-3.7902889251709,5.64096925308919e-09,significant_down
background_N,Prochlorococcus MED4,PMM1031,10.1038/ismej.2017.88_nitrogen_stress_ndepleted_pro99_medium_med4_rnaseq,RNASEQ,24h,3.74,0.0,significant_up
background_N,Prochlorococcus MED4,PMM1858,10.1101/2025.11.24.690089_growth_state_pro99lown_nutrient_starvation_med4_rnaseq_axenic,RNASEQ,day 14,-3.590792492771565,2.1814605885578425e-05,significant_down
background_N,Prochlorococcus MED4,PMM0996,10.1038/ismej.2017.88_nitrogen_stress_ndepleted_pro99_medium_med4_rnaseq,RNASEQ,12h,3.51,0.0,significant_up
background_N,Prochlorococcus MED4,PMM0844,10.1101/2025.11.24.690089_growth_state_pro99lown_nutrient_starvation_med4_proteomics_axenic,PROTEOMICS,day 14,-3.497483253479,0.124963274418705,not_significant
background_N,Prochlorococcus MED4,PMM1452,10.1038/msb4100087_nitrogen_nitrogen_deprivation_med4_med4_microarray,MICROARRAY,48h,-3.48063602196416,0.01,significant_down
background_N,Prochlorococcus MED4,PMM0307,10.1101/2025.11.24.690089_growth_state_pro99lown_nutrient_starvation_med4_rnaseq_axenic,RNASEQ,day 14,-3.471888780582807,1.0226578872542999e-16,significant_down
background_N,Prochlorococcus MED4,PMM0307,10.1038/ismej.2017.88_nitrogen_stress_ndepleted_pro99_medium_med4_rnaseq,RNASEQ,24h,-3.44,0.0,significant_down
background_N,Prochlorococcus MED4,PMM0627,10.1038/msb4100087_nitrogen_nitrogen_deprivation_med4_med4_microarray,MICROARRAY,48h,-3.42692649258277,0.01,significant_down
background_N,Prochlorococcus MED4,PMM0684,10.1038/ismej.2017.88_nitrogen_stress_ndepleted_pro99_medium_med4_rnaseq,RNASEQ,24h,3.38,0.0,significant_up
background_N,Prochlorococcus MED4,PMM1551,10.1101/2025.11.24.690089_growth_state_pro99lown_nutrient_starvation_med4_rnaseq_axenic,RNASEQ,day 14,-3.3670156732130074,2.6549997213792604e-16,significant_down
background_N,Prochlorococcus MED4,PMM0313,10.1038/ismej.2017.88_nitrogen_stress_ndepleted_pro99_medium_med4_rnaseq,RNASEQ,3h,3.35,0.0,significant_up
background_N,Prochlorococcus MED4,PMM1387,10.1038/ismej.2017.88_nitrogen_stress_ndepleted_pro99_medium_med4_rnaseq,RNASEQ,3h,-3.21,0.0,significant_down
background_N,Prochlorococcus MED4,PMM1345,10.1038/ismej.2017.88_nitrogen_stress_ndepleted_pro99_medium_med4_rnaseq,RNASEQ,12h,-3.13,0.0,significant_down
background_N,Prochlorococcus MED4,PMM0307,10.1038/ismej.2017.88_nitrogen_stress_ndepleted_pro99_medium_med4_rnaseq,RNASEQ,12h,-3.12,0.0,significant_down
background_N,Prochlorococcus MED4,PMM1452,10.1038/msb4100087_nitrogen_nitrogen_deprivation_med4_med4_microarray,MICROARRAY,6h,-3.10922823657052,0.01,significant_down
background_N,Prochlorococcus MED4,PMM0684,10.1038/msb4100087_nitrogen_nitrogen_deprivation_med4_med4_microarray,MICROARRAY,48h,3.09611250803725,0.01,significant_up
background_N,Prochlorococcus MED4,PMM1023,10.1038/msb4100087_nitrogen_nitrogen_deprivation_med4_med4_microarray,MICROARRAY,3h,-3.090274493,1.0,not_significant
background_N,Prochlorococcus MED4,PMM1405,10.1101/2025.11.24.690089_growth_state_pro99lown_nutrient_starvation_med4_proteomics_axenic,PROTEOMICS,day 31,-3.08877245585123,0.0003321695082856,significant_down
background_N,Prochlorococcus MED4,PMM0675,10.1038/msb4100087_nitrogen_nitrogen_deprivation_med4_med4_microarray,MICROARRAY,48h,-3.084275498,1.0,not_significant
background_N,Prochlorococcus MED4,PMM1519,10.1038/msb4100087_nitrogen_nitrogen_deprivation_med4_med4_microarray,MICROARRAY,48h,-3.04161162745084,0.01,significant_down
background_N,Prochlorococcus MED4,PMM0295,10.1101/2025.11.24.690089_growth_state_pro99lown_nutrient_starvation_med4_rnaseq_axenic,RNASEQ,day 14,-2.9933147598257195,4.567982753087138e-12,significant_down
background_N,Prochlorococcus MED4,PMM1031,10.1038/ismej.2017.88_nitrogen_stress_ndepleted_pro99_medium_med4_rnaseq,RNASEQ,12h,2.96,0.0,significant_up
background_N,Prochlorococcus MED4,PMM1276,10.1038/ismej.2017.88_nitrogen_stress_ndepleted_pro99_medium_med4_rnaseq,RNASEQ,24h,-2.96,0.0,significant_down
background_N,Prochlorococcus MED4,PMM1551,10.1038/msb4100087_nitrogen_nitrogen_deprivation_med4_med4_microarray,MICROARRAY,12h,-2.95306483302918,0.01,significant_down
background_N,Prochlorococcus MED4,PMM1519,10.1101/2025.11.24.690089_growth_state_pro99lown_nutrient_starvation_med4_proteomics_axenic,PROTEOMICS,day 89,-2.89338715871175,4.7950267110656e-05,significant_down
background_N,Prochlorococcus MED4,PMM1553,10.1038/msb4100087_nitrogen_nitrogen_deprivation_med4_med4_microarray,MICROARRAY,12h,-2.88748579586806,0.01,significant_down
background_N,Prochlorococcus MED4,PMM1543,10.1101/2025.11.24.690089_growth_state_pro99lown_nutrient_starvation_med4_rnaseq_axenic,RNASEQ,day 14,-2.8732341532526684,5.465705365717566e-10,significant_down
background_N,Prochlorococcus MED4,PMM0698,10.1101/2025.11.24.690089_growth_state_pro99lown_nutrient_starvation_med4_rnaseq_axenic,RNASEQ,day 14,2.859368312038584,4.874659645182705e-12,significant_up
background_N,Prochlorococcus MED4,PMM1345,10.1038/ismej.2017.88_nitrogen_stress_ndepleted_pro99_medium_med4_rnaseq,RNASEQ,24h,-2.84,0.0,significant_down
background_N,Prochlorococcus MED4,PMM0489,10.1101/2025.11.24.690089_growth_state_pro99lown_nutrient_starvation_med4_proteomics_axenic,PROTEOMICS,day 89,-2.770858446757,0.0001312608249289,significant_down
background_N,Prochlorococcus MED4,PMM0684,10.1038/ismej.2017.88_nitrogen_stress_ndepleted_pro99_medium_med4_rnaseq,RNASEQ,12h,2.77,0.01,significant_up
background_N,Prochlorococcus MED4,PMM1183,10.1101/2025.11.24.690089_growth_state_pro99lown_nutrient_starvation_med4_rnaseq_axenic,RNASEQ,day 14,-2.7612784406600017,2.1043255758904603e-10,significant_down
background_N,Prochlorococcus MED4,PMM0995,10.1038/msb4100087_nitrogen_nitrogen_deprivation_med4_med4_microarray,MICROARRAY,48h,-2.747643578,1.0,not_significant
background_N,Prochlorococcus MED4,PMM1322,10.1101/2025.11.24.690089_growth_state_pro99lown_nutrient_starvation_med4_rnaseq_axenic,RNASEQ,day 14,2.71105738716076,1.9515912445260838e-09,significant_up
background_N,Prochlorococcus MED4,PMM0014,10.1038/msb4100087_nitrogen_nitrogen_deprivation_med4_med4_microarray,MICROARRAY,48h,-2.699619884,1.0,not_significant
background_N,Prochlorococcus MED4,PMM0018,10.1038/msb4100087_nitrogen_nitrogen_deprivation_med4_med4_microarray,MICROARRAY,24h,-2.693442508,1.0,not_significant
background_N,Prochlorococcus MED4,PMM0315,10.1038/msb4100087_nitrogen_nitrogen_deprivation_med4_med4_microarray,MICROARRAY,48h,-2.69020731050977,0.01,significant_down
background_N,Prochlorococcus MED4,PMM1320,10.1038/msb4100087_nitrogen_nitrogen_deprivation_med4_med4_microarray,MICROARRAY,0h,-2.659920436,1.0,not_significant
background_N,Prochlorococcus MED4,PMM1405,10.1101/2025.11.24.690089_growth_state_pro99lown_nutrient_starvation_med4_proteomics_axenic,PROTEOMICS,day 89,-2.65264161427816,0.0010265872982329,significant_down
background_N,Prochlorococcus MED4,PMM1082,10.1101/2025.11.24.690089_growth_state_pro99lown_nutrient_starvation_med4_proteomics_axenic,PROTEOMICS,day 89,2.63499037424723,0.0004291059182139,significant_up
background_N,Prochlorococcus MED4,PMM0631,10.1101/2025.11.24.690089_growth_state_pro99lown_nutrient_starvation_med4_proteomics_axenic,PROTEOMICS,day 89,-2.63194561004639,0.0103472440988087,significant_down
background_N,Prochlorococcus MED4,PMM0684,10.1038/msb4100087_nitrogen_nitrogen_deprivation_med4_med4_microarray,MICROARRAY,24h,2.61635491443344,0.01,significant_up
background_N,Prochlorococcus MED4,PMM0317,10.1101/2025.11.24.690089_growth_state_pro99lown_nutrient_starvation_med4_proteomics_axenic,PROTEOMICS,day 31,-2.56779607137044,0.011269400857858,significant_down
background_N,Prochlorococcus MED4,PMM0360,10.1101/2025.11.24.690089_growth_state_pro99lown_nutrient_starvation_med4_rnaseq_axenic,RNASEQ,day 14,2.56522114841542,5.792986085705021e-06,significant_up
background_N,Prochlorococcus MED4,PMM0307,10.1038/msb4100087_nitrogen_nitrogen_deprivation_med4_med4_microarray,MICROARRAY,12h,-2.55452144061957,0.01,significant_down
background_N,Prochlorococcus MED4,PMM1460,10.1038/msb4100087_nitrogen_nitrogen_deprivation_med4_med4_microarray,MICROARRAY,0h,-2.535119547,1.0,not_significant
background_N,Prochlorococcus MED4,PMM0446,10.1038/ismej.2017.88_nitrogen_stress_ndepleted_pro99_medium_med4_rnaseq,RNASEQ,12h,2.49,0.0,significant_up
background_N,Prochlorococcus MED4,PMM0307,10.1038/msb4100087_nitrogen_nitrogen_deprivation_med4_med4_microarray,MICROARRAY,48h,-2.48801142364058,0.01,significant_down
background_N,Prochlorococcus MED4,PMM0317,10.1101/2025.11.24.690089_growth_state_pro99lown_nutrient_starvation_med4_rnaseq_axenic,RNASEQ,day 14,-2.462679393452951,2.2738402282922794e-10,significant_down
background_N,Prochlorococcus MED4,PMM0203,10.1038/ismej.2017.88_nitrogen_stress_ndepleted_pro99_medium_med4_rnaseq,RNASEQ,12h,-2.46,0.0,significant_down
background_N,Prochlorococcus MED4,PMM0675,10.1038/msb4100087_nitrogen_nitrogen_deprivation_med4_med4_microarray,MICROARRAY,24h,-2.432800473,1.0,not_significant
background_N,Prochlorococcus MED4,PMM0055,10.1038/ismej.2017.88_nitrogen_stress_ndepleted_pro99_medium_med4_rnaseq,RNASEQ,3h,2.43,0.0,significant_up
background_N,Prochlorococcus MED4,PMM1553,10.1038/ismej.2017.88_nitrogen_stress_ndepleted_pro99_medium_med4_rnaseq,RNASEQ,24h,-2.42,0.0,significant_down
background_N,Prochlorococcus MED4,PMM0812,10.1038/ismej.2017.88_nitrogen_stress_ndepleted_pro99_medium_med4_rnaseq,RNASEQ,24h,2.4,0.0,significant_up
background_N,Prochlorococcus MED4,PMM0853,10.1038/ismej.2017.88_nitrogen_stress_ndepleted_pro99_medium_med4_rnaseq,RNASEQ,3h,2.38,0.13,not_significant
background_N,Prochlorococcus MED4,PMM1276,10.1038/ismej.2017.88_nitrogen_stress_ndepleted_pro99_medium_med4_rnaseq,RNASEQ,12h,-2.34,0.0,significant_down
background_N,Prochlorococcus MED4,PMM1553,10.1101/2025.11.24.690089_growth_state_pro99lown_nutrient_starvation_med4_rnaseq_axenic,RNASEQ,day 14,-2.3234399076652967,9.656298715307776e-11,significant_down
background_N,Prochlorococcus MED4,PMM0943,10.1038/ismej.2017.88_nitrogen_stress_ndepleted_pro99_medium_med4_rnaseq,RNASEQ,12h,-2.32,0.04,significant_down
background_N,Prochlorococcus MED4,PMM0033,10.1101/2025.11.24.690089_growth_state_pro99lown_nutrient_starvation_med4_rnaseq_axenic,RNASEQ,day 14,2.3107579562838074,1.768520418989464e-06,significant_up
background_N,Prochlorococcus MED4,PMM0681,10.1038/ismej.2017.88_nitrogen_stress_ndepleted_pro99_medium_med4_rnaseq,RNASEQ,24h,2.3,0.0,significant_up
background_N,Prochlorococcus MED4,PMM1804,10.1101/2025.11.24.690089_growth_state_pro99lown_nutrient_starvation_med4_rnaseq_axenic,RNASEQ,day 14,2.2752631275457844,1.5924077149627605e-07,significant_up
background_N,Prochlorococcus MED4,PMM1948,10.1101/2025.11.24.690089_growth_state_pro99lown_nutrient_starvation_med4_rnaseq_axenic,RNASEQ,day 14,-2.272856912227012,0.1182641335464539,not_significant
background_N,Prochlorococcus MED4,PMM0489,10.1101/2025.11.24.690089_growth_state_pro99lown_nutrient_starvation_med4_proteomics_axenic,PROTEOMICS,day 31,-2.25971666971842,0.0005986700912079,significant_down
background_N,Prochlorococcus MED4,PMM0853,10.1101/2025.11.24.690089_growth_state_pro99lown_nutrient_starvation_med4_proteomics_axenic,PROTEOMICS,day 89,2.24015013376872,0.0006065568291305,significant_up
background_N,Prochlorococcus MED4,PMM0990,10.1101/2025.11.24.690089_growth_state_pro99lown_nutrient_starvation_med4_rnaseq_axenic,RNASEQ,day 14,2.2396677000146807,1.1371000644052488e-06,significant_up
background_N,Prochlorococcus MED4,PMM1553,10.1038/ismej.2017.88_nitrogen_stress_ndepleted_pro99_medium_med4_rnaseq,RNASEQ,12h,-2.23,0.0,significant_down
background_N,Prochlorococcus MED4,PMM0295,10.1038/ismej.2017.88_nitrogen_stress_ndepleted_pro99_medium_med4_rnaseq,RNASEQ,3h,-2.22,0.1,not_significant
background_N,Prochlorococcus MED4,PMM1183,10.1038/ismej.2017.88_nitrogen_stress_ndepleted_pro99_medium_med4_rnaseq,RNASEQ,24h,-2.22,0.0,significant_down
background_N,Prochlorococcus MED4,PMM1276,10.1101/2025.11.24.690089_growth_state_pro99lown_nutrient_starvation_med4_rnaseq_axenic,RNASEQ,day 14,-2.2111031500511515,2.787390920376712e-05,significant_down
background_N,Prochlorococcus MED4,PMM0295,10.1101/2025.11.24.690089_growth_state_pro99lown_nutrient_starvation_med4_proteomics_axenic,PROTEOMICS,day 31,-2.20674260457357,0.0003454293019383,significant_down
background_N,Prochlorococcus MED4,PMM0504,10.1038/msb4100087_nitrogen_nitrogen_deprivation_med4_med4_microarray,MICROARRAY,48h,-2.20583354,1.0,not_significant
background_N,Prochlorococcus MED4,PMM0698,10.1038/ismej.2017.88_nitrogen_stress_ndepleted_pro99_medium_med4_rnaseq,RNASEQ,24h,2.19,0.0,significant_up
background_N,Prochlorococcus MED4,PMM0996,10.1038/ismej.2017.88_nitrogen_stress_ndepleted_pro99_medium_med4_rnaseq,RNASEQ,24h,2.19,0.01,significant_up
background_N,Prochlorococcus MED4,PMM0307,10.1038/msb4100087_nitrogen_nitrogen_deprivation_med4_med4_microarray,MICROARRAY,24h,-2.16891014887918,0.01,significant_down
background_N,Prochlorococcus MED4,PMM0446,10.1038/msb4100087_nitrogen_nitrogen_deprivation_med4_med4_microarray,MICROARRAY,12h,2.15756607398414,0.01,significant_up
background_N,Prochlorococcus MED4,PMM1553,10.1038/msb4100087_nitrogen_nitrogen_deprivation_med4_med4_microarray,MICROARRAY,6h,-2.07854131396242,0.01,significant_down
background_N,Prochlorococcus MED4,PMM0659,10.1101/2025.11.24.690089_growth_state_pro99lown_nutrient_starvation_med4_rnaseq_axenic,RNASEQ,day 14,-2.068896580158336,8.43903586231837e-06,significant_down
background_N,Prochlorococcus MED4,PMM0018,10.1038/msb4100087_nitrogen_nitrogen_deprivation_med4_med4_microarray,MICROARRAY,48h,-2.066821565,1.0,not_significant
background_N,Prochlorococcus MED4,PMM0446,10.1038/ismej.2017.88_nitrogen_stress_ndepleted_pro99_medium_med4_rnaseq,RNASEQ,24h,2.06,0.01,significant_up
background_N,Prochlorococcus MED4,PMM0635,10.1101/2025.11.24.690089_growth_state_pro99lown_nutrient_starvation_med4_proteomics_axenic,PROTEOMICS,day 89,-2.04300149281819,0.0003323170498891,significant_down
background_N,Prochlorococcus MED4,PMM1543,10.1038/ismej.2017.88_nitrogen_stress_ndepleted_pro99_medium_med4_rnaseq,RNASEQ,3h,2.03,0.0,significant_up
background_N,Prochlorococcus MED4,PMM1553,10.1038/msb4100087_nitrogen_nitrogen_deprivation_med4_med4_microarray,MICROARRAY,48h,-2.01452322178397,0.01,significant_down
background_N,Prochlorococcus MED4,PMM1013,10.1101/2025.11.24.690089_growth_state_pro99lown_nutrient_starvation_med4_rnaseq_axenic,RNASEQ,day 14,2.0143684027383726,9.001421665896048e-06,significant_up
background_N,Prochlorococcus MED4,PMM1551,10.1038/msb4100087_nitrogen_nitrogen_deprivation_med4_med4_microarray,MICROARRAY,6h,-2.00738242593067,0.01,significant_down
background_N,Prochlorococcus MED4,PMM1519,10.1038/ismej.2017.88_nitrogen_stress_ndepleted_pro99_medium_med4_rnaseq,RNASEQ,24h,-2.0,0.0,significant_down
background_N,Prochlorococcus MED4,PMM1902,10.1101/2025.11.24.690089_growth_state_pro99lown_nutrient_starvation_med4_rnaseq_axenic,RNASEQ,day 14,-1.9967933622923453,0.0026145157433215,significant_down
background_N,Prochlorococcus MED4,PMM0203,10.1038/ismej.2017.88_nitrogen_stress_ndepleted_pro99_medium_med4_rnaseq,RNASEQ,24h,-1.98,0.0,significant_down
background_N,Prochlorococcus MED4,PMM0837,10.1101/2025.11.24.690089_growth_state_pro99lown_nutrient_starvation_med4_proteomics_axenic,PROTEOMICS,day 31,-1.96584892272949,0.0001242389513699,significant_down
background_N,Prochlorococcus MED4,PMM0317,10.1038/ismej.2017.88_nitrogen_stress_ndepleted_pro99_medium_med4_rnaseq,RNASEQ,24h,-1.93,0.0,significant_down
background_N,Prochlorococcus MED4,PMM0315,10.1101/2025.11.24.690089_growth_state_pro99lown_nutrient_starvation_med4_proteomics_axenic,PROTEOMICS,day 89,-1.91956233978272,1.68949279172032e-06,significant_down
background_N,Prochlorococcus MED4,PMM0129,10.1038/msb4100087_nitrogen_nitrogen_deprivation_med4_med4_microarray,MICROARRAY,0h,-1.906419884,1.0,not_significant
background_N,Prochlorococcus MED4,PMM0793,10.1101/2025.11.24.690089_growth_state_pro99lown_nutrient_starvation_med4_proteomics_axenic,PROTEOMICS,day 31,-1.9061164855957,5.16099980130533e-05,significant_down
background_N,Prochlorococcus MED4,PMM1519,10.1038/msb4100087_nitrogen_nitrogen_deprivation_med4_med4_microarray,MICROARRAY,12h,-1.88547167521436,0.01,significant_down
background_N,Prochlorococcus MED4,PMM0853,10.1101/2025.11.24.690089_growth_state_pro99lown_nutrient_starvation_med4_proteomics_axenic,PROTEOMICS,day 31,1.88251749674479,0.0019703464698961,significant_up
background_N,Prochlorococcus MED4,PMM1694,10.1101/2025.11.24.690089_growth_state_pro99lown_nutrient_starvation_med4_rnaseq_axenic,RNASEQ,day 14,1.874241863059064,3.719610500376729e-07,significant_up
background_N,Prochlorococcus MED4,PMM0446,10.1101/2025.11.24.690089_growth_state_pro99lown_nutrient_starvation_med4_rnaseq_axenic,RNASEQ,day 14,1.8725777470675296,4.026997250461714e-06,significant_up
background_N,Prochlorococcus MED4,PMM1551,10.1038/msb4100087_nitrogen_nitrogen_deprivation_med4_med4_microarray,MICROARRAY,24h,-1.86531638974812,0.01,significant_down
background_N,Prochlorococcus MED4,PMM0063,10.1038/ismej.2017.88_nitrogen_stress_ndepleted_pro99_medium_med4_rnaseq,RNASEQ,24h,1.85,0.19,not_significant
background_N,Prochlorococcus MED4,PMM0812,10.1038/ismej.2017.88_nitrogen_stress_ndepleted_pro99_medium_med4_rnaseq,RNASEQ,12h,1.85,0.73,not_significant
background_N,Prochlorococcus MED4,PMM0635,10.1101/2025.11.24.690089_growth_state_pro99lown_nutrient_starvation_med4_proteomics_axenic,PROTEOMICS,day 31,-1.84702110290527,0.0006734056983011,significant_down
background_N,Prochlorococcus MED4,PMM1031,10.1101/2025.11.24.690089_growth_state_pro99lown_nutrient_starvation_med4_rnaseq_axenic,RNASEQ,day 14,1.84284900424661,3.141165988132446e-10,significant_up
background_N,Prochlorococcus MED4,PMM0063,10.1038/ismej.2017.88_nitrogen_stress_ndepleted_pro99_medium_med4_rnaseq,RNASEQ,12h,1.82,0.89,not_significant
background_N,Prochlorococcus MED4,PMM0313,10.1038/msb4100087_nitrogen_nitrogen_deprivation_med4_med4_microarray,MICROARRAY,48h,1.812039231,1.0,not_significant
background_N,Prochlorococcus MED4,PMM1368,10.1038/ismej.2017.88_nitrogen_stress_ndepleted_pro99_medium_med4_rnaseq,RNASEQ,12h,1.81,0.37,not_significant
background_N,Prochlorococcus MED4,PMM1640,10.1038/ismej.2017.88_nitrogen_stress_ndepleted_pro99_medium_med4_rnaseq,RNASEQ,3h,-1.8,0.2,not_significant
background_N,Prochlorococcus MED4,PMM1082,10.1101/2025.11.24.690089_growth_state_pro99lown_nutrient_starvation_med4_proteomics_axenic,PROTEOMICS,day 31,1.79357719421387,0.0055127281119959,significant_up
background_N,Prochlorococcus MED4,PMM1257,10.1101/2025.11.24.690089_growth_state_pro99lown_nutrient_starvation_med4_rnaseq_axenic,RNASEQ,day 14,-1.792491016174099,1.86446123384255e-05,significant_down
background_N,Prochlorococcus MED4,PMM1553,10.1038/msb4100087_nitrogen_nitrogen_deprivation_med4_med4_microarray,MICROARRAY,24h,-1.78646817478829,0.01,significant_down
background_N,Prochlorococcus MED4,PMM0295,10.1038/msb4100087_nitrogen_nitrogen_deprivation_med4_med4_microarray,MICROARRAY,12h,-1.77798603859036,0.01,significant_down
background_N,Prochlorococcus MED4,PMM1243,10.1101/2025.11.24.690089_growth_state_pro99lown_nutrient_starvation_med4_proteomics_axenic,PROTEOMICS,day 89,-1.77704016367594,1.16160553812584e-05,significant_down
background_N,Prochlorococcus MED4,PMM0943,10.1038/ismej.2017.88_nitrogen_stress_ndepleted_pro99_medium_med4_rnaseq,RNASEQ,24h,-1.77,0.0,significant_down
background_N,Prochlorococcus MED4,PMM1387,10.1038/ismej.2017.88_nitrogen_stress_ndepleted_pro99_medium_med4_rnaseq,RNASEQ,12h,1.77,0.23,not_significant
background_N,Prochlorococcus MED4,PMM1634,10.1038/ismej.2017.88_nitrogen_stress_ndepleted_pro99_medium_med4_rnaseq,RNASEQ,12h,1.76,0.12,not_significant
background_N,Prochlorococcus MED4,PMM0295,10.1101/2025.11.24.690089_growth_state_pro99lown_nutrient_starvation_med4_proteomics_axenic,PROTEOMICS,day 89,-1.75256760915121,0.0018492801577816,significant_down
background_N,Prochlorococcus MED4,PMM1257,10.1038/ismej.2017.88_nitrogen_stress_ndepleted_pro99_medium_med4_rnaseq,RNASEQ,12h,-1.75,0.13,not_significant
background_N,Prochlorococcus MED4,PMM1216,10.1038/msb4100087_nitrogen_nitrogen_deprivation_med4_med4_microarray,MICROARRAY,24h,-1.74008722,1.0,not_significant
background_N,Prochlorococcus MED4,PMM0793,10.1101/2025.11.24.690089_growth_state_pro99lown_nutrient_starvation_med4_proteomics_axenic,PROTEOMICS,day 89,-1.73824151357015,0.0001070386037736,significant_down
background_N,Prochlorococcus MED4,PMM0014,10.1101/2025.11.24.690089_growth_state_pro99lown_nutrient_starvation_med4_rnaseq_axenic,RNASEQ,day 14,1.730205036337025,5.285581513603456e-05,significant_up
background_N,Prochlorococcus MED4,PMM0996,10.1038/msb4100087_nitrogen_nitrogen_deprivation_med4_med4_microarray,MICROARRAY,48h,1.713188854,1.0,not_significant
background_N,Prochlorococcus MED4,PMM1519,10.1038/msb4100087_nitrogen_nitrogen_deprivation_med4_med4_microarray,MICROARRAY,24h,-1.71309283642159,0.01,significant_down
background_N,Prochlorococcus MED4,PMM0844,10.1038/msb4100087_nitrogen_nitrogen_deprivation_med4_med4_microarray,MICROARRAY,48h,-1.708104591,1.0,not_significant
background_N,Prochlorococcus MED4,PMM0627,10.1101/2025.11.24.690089_growth_state_pro99lown_nutrient_starvation_med4_proteomics_axenic,PROTEOMICS,day 31,-1.70476786295573,0.0008185403511124,significant_down
background_N,Prochlorococcus MED4,PMM0033,10.1038/ismej.2017.88_nitrogen_stress_ndepleted_pro99_medium_med4_rnaseq,RNASEQ,3h,-1.7,0.25,not_significant
background_N,Prochlorococcus MED4,PMM0033,10.1101/2025.11.24.690089_growth_state_pro99lown_nutrient_starvation_med4_proteomics_axenic,PROTEOMICS,day 89,1.6966978708903,0.0516700366550884,not_significant
background_N,Prochlorococcus MED4,PMM0239,10.1038/ismej.2017.88_nitrogen_stress_ndepleted_pro99_medium_med4_rnaseq,RNASEQ,24h,-1.69,0.0,significant_down
background_N,Prochlorococcus MED4,PMM1694,10.1101/2025.11.24.690089_growth_state_pro99lown_nutrient_starvation_med4_proteomics_axenic,PROTEOMICS,day 31,1.67676099141439,5.18795377703721e-05,significant_up
background_N,Prochlorococcus MED4,PMM1361,10.1101/2025.11.24.690089_growth_state_pro99lown_nutrient_starvation_med4_proteomics_axenic,PROTEOMICS,day 31,-1.66842333475749,0.0001130485712374,significant_down
background_N,Prochlorococcus MED4,PMM0681,10.1038/ismej.2017.88_nitrogen_stress_ndepleted_pro99_medium_med4_rnaseq,RNASEQ,12h,1.66,0.1,not_significant
background_N,Prochlorococcus MED4,PMM0055,10.1038/msb4100087_nitrogen_nitrogen_deprivation_med4_med4_microarray,MICROARRAY,12h,1.6597841498239,0.01,significant_up
background_N,Prochlorococcus MED4,PMM1543,10.1038/msb4100087_nitrogen_nitrogen_deprivation_med4_med4_microarray,MICROARRAY,12h,-1.65602993386753,0.01,significant_down
background_N,Prochlorococcus MED4,PMM0089,10.1101/2025.11.24.690089_growth_state_pro99lown_nutrient_starvation_med4_rnaseq_axenic,RNASEQ,day 14,1.6506880915825597,7.63352970950241e-14,significant_up
background_N,Prochlorococcus MED4,PMM0119,10.1101/2025.11.24.690089_growth_state_pro99lown_nutrient_starvation_med4_rnaseq_axenic,RNASEQ,day 14,1.6395014743925116,0.0002610064965828,significant_up
background_N,Prochlorococcus MED4,PMM0317,10.1038/ismej.2017.88_nitrogen_stress_ndepleted_pro99_medium_med4_rnaseq,RNASEQ,3h,-1.62,0.85,not_significant
background_N,Prochlorococcus MED4,PMM0360,10.1038/msb4100087_nitrogen_nitrogen_deprivation_med4_med4_microarray,MICROARRAY,12h,1.61058745587729,0.01,significant_up
background_N,Prochlorococcus MED4,PMM1543,10.1101/2025.11.24.690089_growth_state_pro99lown_nutrient_starvation_med4_proteomics_axenic,PROTEOMICS,day 31,-1.60245768229167,0.0005154343483296,significant_down
background_N,Prochlorococcus MED4,PMM1551,10.1038/msb4100087_nitrogen_nitrogen_deprivation_med4_med4_microarray,MICROARRAY,48h,-1.597541511,1.0,not_significant
background_N,Prochlorococcus MED4,PMM0844,10.1038/ismej.2017.88_nitrogen_stress_ndepleted_pro99_medium_med4_rnaseq,RNASEQ,12h,-1.58,0.07,not_significant
background_N,Prochlorococcus MED4,PMM1013,10.1038/msb4100087_nitrogen_nitrogen_deprivation_med4_med4_microarray,MICROARRAY,12h,1.57405773100063,0.01,significant_up
background_N,Prochlorococcus MED4,PMM1543,10.1038/msb4100087_nitrogen_nitrogen_deprivation_med4_med4_microarray,MICROARRAY,24h,-1.57161292410991,0.01,significant_down
background_N,Prochlorococcus MED4,PMM1361,10.1101/2025.11.24.690089_growth_state_pro99lown_nutrient_starvation_med4_proteomics_axenic,PROTEOMICS,day 89,-1.57069683074951,0.0001790109875811,significant_down
background_N,Prochlorococcus MED4,PMM1257,10.1038/ismej.2017.88_nitrogen_stress_ndepleted_pro99_medium_med4_rnaseq,RNASEQ,3h,-1.57,0.23,not_significant
background_N,Prochlorococcus MED4,PMM0446,10.1038/msb4100087_nitrogen_nitrogen_deprivation_med4_med4_microarray,MICROARRAY,48h,1.566313948,1.0,not_significant
background_N,Prochlorococcus MED4,PMM0627,10.1038/ismej.2017.88_nitrogen_stress_ndepleted_pro99_medium_med4_rnaseq,RNASEQ,24h,-1.55,1.0,not_significant
background_N,Prochlorococcus MED4,PMM0732,10.1101/2025.11.24.690089_growth_state_pro99lown_nutrient_starvation_med4_rnaseq_axenic,RNASEQ,day 14,-1.5394735580663406,0.0014645946514881,significant_down
background_N,Prochlorococcus MED4,PMM1640,10.1101/2025.11.24.690089_growth_state_pro99lown_nutrient_starvation_med4_proteomics_axenic,PROTEOMICS,day 31,-1.53596305847168,0.0010720532010456,significant_down
background_N,Prochlorococcus MED4,PMM0446,10.1038/msb4100087_nitrogen_nitrogen_deprivation_med4_med4_microarray,MICROARRAY,6h,1.53019385605168,0.01,significant_up
background_N,Prochlorococcus MED4,PMM1387,10.1101/2025.11.24.690089_growth_state_pro99lown_nutrient_starvation_med4_rnaseq_axenic,RNASEQ,day 14,1.5299456312399682,0.001111000398477,significant_up
background_N,Prochlorococcus MED4,PMM1534,10.1038/msb4100087_nitrogen_nitrogen_deprivation_med4_med4_microarray,MICROARRAY,12h,-1.51982904707024,0.01,significant_down
background_N,Prochlorococcus MED4,PMM1013,10.1101/2025.11.24.690089_growth_state_pro99lown_nutrient_starvation_med4_proteomics_axenic,PROTEOMICS,day 14,1.51926644643148,0.0038345632351983,significant_up
background_N,Prochlorococcus MED4,PMM0315,10.1038/msb4100087_nitrogen_nitrogen_deprivation_med4_med4_microarray,MICROARRAY,24h,-1.51744897578947,0.01,significant_down
background_N,Prochlorococcus MED4,PMM0627,10.1038/msb4100087_nitrogen_nitrogen_deprivation_med4_med4_microarray,MICROARRAY,24h,-1.51330190282516,0.01,significant_down
background_N,Prochlorococcus MED4,PMM0627,10.1101/2025.11.24.690089_growth_state_pro99lown_nutrient_starvation_med4_proteomics_axenic,PROTEOMICS,day 89,-1.50448576609294,0.0020722983387133,significant_down
background_N,Prochlorococcus MED4,PMM1694,10.1038/ismej.2017.88_nitrogen_stress_ndepleted_pro99_medium_med4_rnaseq,RNASEQ,24h,1.5,0.06,not_significant
background_N,Prochlorococcus MED4,PMM1082,10.1038/msb4100087_nitrogen_nitrogen_deprivation_med4_med4_microarray,MICROARRAY,0h,-1.499178264,1.0,not_significant
background_N,Prochlorococcus MED4,PMM0313,10.1101/2025.11.24.690089_growth_state_pro99lown_nutrient_starvation_med4_proteomics_axenic,PROTEOMICS,day 14,-1.49836889902751,0.0024238163541028,significant_down
background_N,Prochlorococcus MED4,PMM0313,10.1101/2025.11.24.690089_growth_state_pro99lown_nutrient_starvation_med4_proteomics_axenic,PROTEOMICS,day 31,-1.49431864420573,0.0005160405054932,significant_down
background_N,Prochlorococcus MED4,PMM0844,10.1038/ismej.2017.88_nitrogen_stress_ndepleted_pro99_medium_med4_rnaseq,RNASEQ,24h,-1.49,0.02,significant_down
background_N,Prochlorococcus MED4,PMM1183,10.1038/ismej.2017.88_nitrogen_stress_ndepleted_pro99_medium_med4_rnaseq,RNASEQ,12h,-1.49,0.03,significant_down
background_N,Prochlorococcus MED4,PMM1368,10.1101/2025.11.24.690089_growth_state_pro99lown_nutrient_starvation_med4_proteomics_axenic,PROTEOMICS,day 31,-1.48347981770833,0.050794155680127,not_significant
background_N,Prochlorococcus MED4,PMM1013,10.1101/2025.11.24.690089_growth_state_pro99lown_nutrient_starvation_med4_proteomics_axenic,PROTEOMICS,day 31,1.4795347849528,0.0010066841908861,significant_up
background_N,Prochlorococcus MED4,PMM0809,10.1101/2025.11.24.690089_growth_state_pro99lown_nutrient_starvation_med4_rnaseq_axenic,RNASEQ,day 14,-1.4758207007536128,0.0027279006449784,significant_down
background_N,Prochlorococcus MED4,PMM0260,10.1038/ismej.2017.88_nitrogen_stress_ndepleted_pro99_medium_med4_rnaseq,RNASEQ,12h,1.47,0.5,not_significant
background_N,Prochlorococcus MED4,PMM1345,10.1101/2025.11.24.690089_growth_state_pro99lown_nutrient_starvation_med4_rnaseq_axenic,RNASEQ,day 14,-1.4697766228034208,2.0893119903953769e-07,significant_down
background_N,Prochlorococcus MED4,PMM1509,10.1038/msb4100087_nitrogen_nitrogen_deprivation_med4_med4_microarray,MICROARRAY,12h,-1.45257712487573,0.01,significant_down
background_N,Prochlorococcus MED4,PMM1372,10.1038/ismej.2017.88_nitrogen_stress_ndepleted_pro99_medium_med4_rnaseq,RNASEQ,3h,-1.45,0.5,not_significant
background_N,Prochlorococcus MED4,PMM0627,10.1038/ismej.2017.88_nitrogen_stress_ndepleted_pro99_medium_med4_rnaseq,RNASEQ,3h,-1.44,1.0,not_significant
background_N,Prochlorococcus MED4,PMM1387,10.1038/msb4100087_nitrogen_nitrogen_deprivation_med4_med4_microarray,MICROARRAY,48h,1.429019261,1.0,not_significant
background_N,Prochlorococcus MED4,PMM1183,10.1038/msb4100087_nitrogen_nitrogen_deprivation_med4_med4_microarray,MICROARRAY,12h,-1.41767380806177,0.01,significant_down
background_N,Prochlorococcus MED4,PMM0446,10.1038/msb4100087_nitrogen_nitrogen_deprivation_med4_med4_microarray,MICROARRAY,24h,1.41083144769982,0.01,significant_up
background_N,Prochlorococcus MED4,PMM0239,10.1038/ismej.2017.88_nitrogen_stress_ndepleted_pro99_medium_med4_rnaseq,RNASEQ,12h,-1.41,0.08,not_significant
background_N,Prochlorococcus MED4,PMM0307,10.1038/ismej.2017.88_nitrogen_stress_ndepleted_pro99_medium_med4_rnaseq,RNASEQ,3h,-1.41,1.0,not_significant
background_N,Prochlorococcus MED4,PMM1345,10.1038/msb4100087_nitrogen_nitrogen_deprivation_med4_med4_microarray,MICROARRAY,12h,-1.40706754646679,0.01,significant_down
background_N,Prochlorococcus MED4,PMM0446,10.1101/2025.11.24.690089_growth_state_pro99lown_nutrient_starvation_med4_proteomics_axenic,PROTEOMICS,day 89,-1.40359656016032,0.0408267606458829,significant_down
background_N,Prochlorococcus MED4,PMM0317,10.1038/ismej.2017.88_nitrogen_stress_ndepleted_pro99_medium_med4_rnaseq,RNASEQ,12h,-1.4,0.0,significant_down
background_N,Prochlorococcus MED4,PMM1551,10.1101/2025.11.24.690089_growth_state_pro99lown_nutrient_starvation_med4_proteomics_axenic,PROTEOMICS,day 89,1.39562447865804,0.0001721791907363,significant_up
background_N,Prochlorococcus MED4,PMM0458,10.1101/2025.11.24.690089_growth_state_pro99lown_nutrient_starvation_med4_rnaseq_axenic,RNASEQ,day 14,1.3878282665191302,0.0004272944540845,significant_up
background_N,Prochlorococcus MED4,PMM1183,10.1038/msb4100087_nitrogen_nitrogen_deprivation_med4_med4_microarray,MICROARRAY,24h,-1.38663708853281,0.01,significant_down
background_N,Prochlorococcus MED4,PMM0995,10.1038/msb4100087_nitrogen_nitrogen_deprivation_med4_med4_microarray,MICROARRAY,24h,-1.385158766,1.0,not_significant
background_N,Prochlorococcus MED4,PMM1460,10.1038/msb4100087_nitrogen_nitrogen_deprivation_med4_med4_microarray,MICROARRAY,12h,-1.380486839,1.0,not_significant
background_N,Prochlorococcus MED4,PMM2019,10.1101/2025.11.24.690089_growth_state_pro99lown_nutrient_starvation_med4_proteomics_axenic,PROTEOMICS,day 14,-1.37104765574137,0.0843564346005268,not_significant
background_N,Prochlorococcus MED4,PMM0203,10.1038/msb4100087_nitrogen_nitrogen_deprivation_med4_med4_microarray,MICROARRAY,6h,-1.36927223992109,0.01,significant_down
background_N,Prochlorococcus MED4,PMM0441,10.1101/2025.11.24.690089_growth_state_pro99lown_nutrient_starvation_med4_proteomics_axenic,PROTEOMICS,day 89,1.36706447601318,0.0950151010315402,not_significant
background_N,Prochlorococcus MED4,PMM0295,10.1038/msb4100087_nitrogen_nitrogen_deprivation_med4_med4_microarray,MICROARRAY,6h,-1.36591830252016,0.01,significant_down
background_N,Prochlorococcus MED4,PMM0203,10.1038/msb4100087_nitrogen_nitrogen_deprivation_med4_med4_microarray,MICROARRAY,12h,-1.36033984368776,0.01,significant_down
background_N,Prochlorococcus MED4,PMM0853,10.1038/ismej.2017.88_nitrogen_stress_ndepleted_pro99_medium_med4_rnaseq,RNASEQ,24h,-1.36,0.01,significant_down
background_N,Prochlorococcus MED4,PMM1509,10.1101/2025.11.24.690089_growth_state_pro99lown_nutrient_starvation_med4_proteomics_axenic,PROTEOMICS,day 89,1.3545134862264,2.34134126473883e-05,significant_up
background_N,Prochlorococcus MED4,PMM0996,10.1038/msb4100087_nitrogen_nitrogen_deprivation_med4_med4_microarray,MICROARRAY,6h,1.33470492845919,0.01,significant_up
background_N,Prochlorococcus MED4,PMM1821,10.1101/2025.11.24.690089_growth_state_pro99lown_nutrient_starvation_med4_rnaseq_axenic,RNASEQ,day 14,-1.3305255545122945,0.0016907124812603,significant_down
background_N,Prochlorococcus MED4,PMM1619,10.1101/2025.11.24.690089_growth_state_pro99lown_nutrient_starvation_med4_proteomics_axenic,PROTEOMICS,day 14,-1.33034737904867,0.0004454277422318,significant_down
background_N,Prochlorococcus MED4,PMM1534,10.1038/ismej.2017.88_nitrogen_stress_ndepleted_pro99_medium_med4_rnaseq,RNASEQ,24h,-1.33,0.02,significant_down
background_N,Prochlorococcus MED4,PMM0533,10.1038/ismej.2017.88_nitrogen_stress_ndepleted_pro99_medium_med4_rnaseq,RNASEQ,3h,-1.32,0.48,not_significant
background_N,Prochlorococcus MED4,PMM1013,10.1101/2025.11.24.690089_growth_state_pro99lown_nutrient_starvation_med4_proteomics_axenic,PROTEOMICS,day 89,1.31494363149007,0.0024325412839123,significant_up
background_N,Prochlorococcus MED4,PMM0315,10.1038/msb4100087_nitrogen_nitrogen_deprivation_med4_med4_microarray,MICROARRAY,12h,-1.31185042039052,0.01,significant_down
background_N,Prochlorococcus MED4,PMM1519,10.1038/ismej.2017.88_nitrogen_stress_ndepleted_pro99_medium_med4_rnaseq,RNASEQ,12h,-1.31,0.01,significant_down
background_N,Prochlorococcus MED4,PMM1509,10.1101/2025.11.24.690089_growth_state_pro99lown_nutrient_starvation_med4_rnaseq_axenic,RNASEQ,day 14,-1.3023359446477758,0.0001546067682289,significant_down
background_N,Prochlorococcus MED4,PMM0203,10.1038/ismej.2017.88_nitrogen_stress_ndepleted_pro99_medium_med4_rnaseq,RNASEQ,3h,-1.3,1.0,not_significant
background_N,Prochlorococcus MED4,PMM1031,10.1038/ismej.2017.88_nitrogen_stress_ndepleted_pro99_medium_med4_rnaseq,RNASEQ,3h,-1.3,0.64,not_significant
background_N,Prochlorococcus MED4,PMM0635,10.1038/msb4100087_nitrogen_nitrogen_deprivation_med4_med4_microarray,MICROARRAY,6h,1.29686936046905,0.01,significant_up
background_N,Prochlorococcus MED4,PMM0033,10.1038/msb4100087_nitrogen_nitrogen_deprivation_med4_med4_microarray,MICROARRAY,12h,1.28822951183976,0.01,significant_up
background_N,Prochlorococcus MED4,PMM0063,10.1038/msb4100087_nitrogen_nitrogen_deprivation_med4_med4_microarray,MICROARRAY,48h,1.28603078,1.0,not_significant
background_N,Prochlorococcus MED4,PMM0239,10.1101/2025.11.24.690089_growth_state_pro99lown_nutrient_starvation_med4_proteomics_axenic,PROTEOMICS,day 89,1.2855011622111,0.413315032791422,not_significant
background_N,Prochlorococcus MED4,PMM1694,10.1101/2025.11.24.690089_growth_state_pro99lown_nutrient_starvation_med4_proteomics_axenic,PROTEOMICS,day 89,1.28069655100504,0.0004056537652836,significant_up
background_N,Prochlorococcus MED4,PMM0681,10.1038/ismej.2017.88_nitrogen_stress_ndepleted_pro99_medium_med4_rnaseq,RNASEQ,3h,-1.28,0.11,not_significant
background_N,Prochlorococcus MED4,PMM1634,10.1038/ismej.2017.88_nitrogen_stress_ndepleted_pro99_medium_med4_rnaseq,RNASEQ,3h,1.28,0.64,not_significant
background_N,Prochlorococcus MED4,PMM0018,10.1038/msb4100087_nitrogen_nitrogen_deprivation_med4_med4_microarray,MICROARRAY,12h,-1.275147027,1.0,not_significant
background_N,Prochlorococcus MED4,PMM1102,10.1038/msb4100087_nitrogen_nitrogen_deprivation_med4_med4_microarray,MICROARRAY,24h,-1.272252726,1.0,not_significant
background_N,Prochlorococcus MED4,PMM0260,10.1038/ismej.2017.88_nitrogen_stress_ndepleted_pro99_medium_med4_rnaseq,RNASEQ,24h,1.27,0.4,not_significant
background_N,Prochlorococcus MED4,PMM0295,10.1038/ismej.2017.88_nitrogen_stress_ndepleted_pro99_medium_med4_rnaseq,RNASEQ,12h,-1.27,0.45,not_significant
background_N,Prochlorococcus MED4,PMM1534,10.1038/msb4100087_nitrogen_nitrogen_deprivation_med4_med4_microarray,MICROARRAY,6h,-1.26807468179319,0.01,significant_down
background_N,Prochlorococcus MED4,PMM0441,10.1038/ismej.2017.88_nitrogen_stress_ndepleted_pro99_medium_med4_rnaseq,RNASEQ,24h,1.26,0.19,not_significant
background_N,Prochlorococcus MED4,PMM1634,10.1038/ismej.2017.88_nitrogen_stress_ndepleted_pro99_medium_med4_rnaseq,RNASEQ,24h,1.25,0.28,not_significant
background_N,Prochlorococcus MED4,PMM0646,10.1101/2025.11.24.690089_growth_state_pro99lown_nutrient_starvation_med4_proteomics_axenic,PROTEOMICS,day 89,-1.24977334340413,0.0220839493062544,significant_down
background_N,Prochlorococcus MED4,PMM1056,10.1038/msb4100087_nitrogen_nitrogen_deprivation_med4_med4_microarray,MICROARRAY,24h,-1.248298638,1.0,not_significant
background_N,Prochlorococcus MED4,PMM0033,10.1101/2025.11.24.690089_growth_state_pro99lown_nutrient_starvation_med4_proteomics_axenic,PROTEOMICS,day 14,-1.24691486358643,0.234500196665965,not_significant
background_N,Prochlorococcus MED4,PMM1452,10.1101/2025.11.24.690089_growth_state_pro99lown_nutrient_starvation_med4_proteomics_axenic,PROTEOMICS,day 89,-1.23635323842366,0.0001473796609841,significant_down
background_N,Prochlorococcus MED4,PMM1692,10.1101/2025.11.24.690089_growth_state_pro99lown_nutrient_starvation_med4_rnaseq_axenic,RNASEQ,day 14,1.2336811877561842,0.0001793956391483,significant_up
background_N,Prochlorococcus MED4,PMM1517,10.1038/msb4100087_nitrogen_nitrogen_deprivation_med4_med4_microarray,MICROARRAY,0h,-1.217325584,1.0,not_significant
background_N,Prochlorococcus MED4,PMM1452,10.1038/msb4100087_nitrogen_nitrogen_deprivation_med4_med4_microarray,MICROARRAY,3h,-1.213517575,1.0,not_significant
background_N,Prochlorococcus MED4,PMM0698,10.1038/ismej.2017.88_nitrogen_stress_ndepleted_pro99_medium_med4_rnaseq,RNASEQ,3h,-1.21,0.27,not_significant
background_N,Prochlorococcus MED4,PMM0732,10.1101/2025.11.24.690089_growth_state_pro99lown_nutrient_starvation_med4_proteomics_axenic,PROTEOMICS,day 89,1.20992310841878,0.0003629336010313,significant_up
background_N,Prochlorococcus MED4,PMM0175,10.1101/2025.11.24.690089_growth_state_pro99lown_nutrient_starvation_med4_proteomics_axenic,PROTEOMICS,day 31,1.20432535807292,0.0008523050672818,significant_up
background_N,Prochlorococcus MED4,PMM1543,10.1038/msb4100087_nitrogen_nitrogen_deprivation_med4_med4_microarray,MICROARRAY,3h,-1.202749651,1.0,not_significant
background_N,Prochlorococcus MED4,PMM0996,10.1038/msb4100087_nitrogen_nitrogen_deprivation_med4_med4_microarray,MICROARRAY,12h,1.20124773442206,0.01,significant_up
background_N,Prochlorococcus MED4,PMM1563,10.1038/ismej.2017.88_nitrogen_stress_ndepleted_pro99_medium_med4_rnaseq,RNASEQ,24h,-1.2,1.0,not_significant
background_N,Prochlorococcus MED4,PMM0129,10.1038/msb4100087_nitrogen_nitrogen_deprivation_med4_med4_microarray,MICROARRAY,12h,-1.190234777,1.0,not_significant
background_N,Prochlorococcus MED4,PMM1694,10.1038/ismej.2017.88_nitrogen_stress_ndepleted_pro99_medium_med4_rnaseq,RNASEQ,12h,1.19,0.4,not_significant
background_N,Prochlorococcus MED4,PMM1023,10.1038/msb4100087_nitrogen_nitrogen_deprivation_med4_med4_microarray,MICROARRAY,24h,-1.189769887,1.0,not_significant
background_N,Prochlorococcus MED4,PMM0295,10.1038/msb4100087_nitrogen_nitrogen_deprivation_med4_med4_microarray,MICROARRAY,24h,-1.188911771,1.0,not_significant
background_N,Prochlorococcus MED4,PMM0646,10.1101/2025.11.24.690089_growth_state_pro99lown_nutrient_starvation_med4_rnaseq_axenic,RNASEQ,day 14,1.1830250527824535,0.0001390804395234,significant_up
background_N,Prochlorococcus MED4,PMM0018,10.1038/msb4100087_nitrogen_nitrogen_deprivation_med4_med4_microarray,MICROARRAY,6h,-1.182444677,1.0,not_significant
background_N,Prochlorococcus MED4,PMM0996,10.1101/2025.11.24.690089_growth_state_pro99lown_nutrient_starvation_med4_rnaseq_axenic,RNASEQ,day 14,1.181663987036058,0.0045800343646198,significant_up
background_N,Prochlorococcus MED4,PMM1276,10.1038/ismej.2017.88_nitrogen_stress_ndepleted_pro99_medium_med4_rnaseq,RNASEQ,3h,-1.18,1.0,not_significant
background_N,Prochlorococcus MED4,PMM1345,10.1038/msb4100087_nitrogen_nitrogen_deprivation_med4_med4_microarray,MICROARRAY,24h,-1.17809039185204,0.01,significant_down
background_N,Prochlorococcus MED4,PMM0574,10.1101/2025.11.24.690089_growth_state_pro99lown_nutrient_starvation_med4_rnaseq_axenic,RNASEQ,day 14,-1.1777029456935126,0.0018056216793005,significant_down
background_N,Prochlorococcus MED4,PMM0996,10.1101/2025.11.24.690089_growth_state_pro99lown_nutrient_starvation_med4_proteomics_axenic,PROTEOMICS,day 14,1.17408593495687,0.0953082435899384,not_significant
background_N,Prochlorococcus MED4,PMM0055,10.1038/msb4100087_nitrogen_nitrogen_deprivation_med4_med4_microarray,MICROARRAY,6h,1.17375814346197,0.01,significant_up
background_N,Prochlorococcus MED4,PMM0878,10.1101/2025.11.24.690089_growth_state_pro99lown_nutrient_starvation_med4_proteomics_axenic,PROTEOMICS,day 89,1.17148049672445,0.0003966806141793,significant_up
background_N,Prochlorococcus MED4,PMM0586,10.1101/2025.11.24.690089_growth_state_pro99lown_nutrient_starvation_med4_proteomics_axenic,PROTEOMICS,day 31,-1.16959953308105,0.0227066305626767,significant_down
background_N,Prochlorococcus MED4,PMM0446,10.1101/2025.11.24.690089_growth_state_pro99lown_nutrient_starvation_med4_proteomics_axenic,PROTEOMICS,day 31,-1.16715304056803,0.0772964266282662,not_significant
background_N,Prochlorococcus MED4,PMM0844,10.1038/msb4100087_nitrogen_nitrogen_deprivation_med4_med4_microarray,MICROARRAY,12h,-1.16695378712075,0.01,significant_down
background_N,Prochlorococcus MED4,PMM1368,10.1038/msb4100087_nitrogen_nitrogen_deprivation_med4_med4_microarray,MICROARRAY,48h,1.160377406,1.0,not_significant
background_N,Prochlorococcus MED4,PMM1023,10.1101/2025.11.24.690089_growth_state_pro99lown_nutrient_starvation_med4_rnaseq_axenic,RNASEQ,day 14,1.1584390605172712,0.3835545034459395,not_significant
background_N,Prochlorococcus MED4,PMM1056,10.1038/msb4100087_nitrogen_nitrogen_deprivation_med4_med4_microarray,MICROARRAY,12h,-1.152349501,1.0,not_significant
background_N,Prochlorococcus MED4,PMM0307,10.1038/msb4100087_nitrogen_nitrogen_deprivation_med4_med4_microarray,MICROARRAY,6h,-1.14782326329696,0.01,significant_down
background_N,Prochlorococcus MED4,PMM0489,10.1038/msb4100087_nitrogen_nitrogen_deprivation_med4_med4_microarray,MICROARRAY,0h,-1.145271469,1.0,not_significant
background_N,Prochlorococcus MED4,PMM0504,10.1038/msb4100087_nitrogen_nitrogen_deprivation_med4_med4_microarray,MICROARRAY,3h,-1.143986565,1.0,not_significant
background_N,Prochlorococcus MED4,PMM1640,10.1101/2025.11.24.690089_growth_state_pro99lown_nutrient_starvation_med4_proteomics_axenic,PROTEOMICS,day 89,-1.13935693105062,0.007909626749701,significant_down
background_N,Prochlorococcus MED4,PMM1102,10.1038/msb4100087_nitrogen_nitrogen_deprivation_med4_med4_microarray,MICROARRAY,12h,-1.133780713,1.0,not_significant
background_N,Prochlorococcus MED4,PMM0878,10.1101/2025.11.24.690089_growth_state_pro99lown_nutrient_starvation_med4_proteomics_axenic,PROTEOMICS,day 31,1.13291676839193,0.0005028894676613,significant_up
background_N,Prochlorococcus MED4,PMM0489,10.1038/msb4100087_nitrogen_nitrogen_deprivation_med4_med4_microarray,MICROARRAY,48h,-1.132849208,1.0,not_significant
background_N,Prochlorococcus MED4,PMM0315,10.1038/ismej.2017.88_nitrogen_stress_ndepleted_pro99_medium_med4_rnaseq,RNASEQ,12h,-1.13,0.96,not_significant
background_N,Prochlorococcus MED4,PMM0529,10.1038/msb4100087_nitrogen_nitrogen_deprivation_med4_med4_microarray,MICROARRAY,6h,-1.125673676,1.0,not_significant
background_N,Prochlorococcus MED4,PMM1553,10.1038/msb4100087_nitrogen_nitrogen_deprivation_med4_med4_microarray,MICROARRAY,3h,-1.122850986,1.0,not_significant
background_N,Prochlorococcus MED4,PMM0844,10.1038/msb4100087_nitrogen_nitrogen_deprivation_med4_med4_microarray,MICROARRAY,24h,-1.11321609381591,0.01,significant_down
background_N,Prochlorococcus MED4,PMM0033,10.1038/ismej.2017.88_nitrogen_stress_ndepleted_pro99_medium_med4_rnaseq,RNASEQ,24h,1.11,1.0,not_significant
background_N,Prochlorococcus MED4,PMM0635,10.1101/2025.11.24.690089_growth_state_pro99lown_nutrient_starvation_med4_rnaseq_axenic,RNASEQ,day 14,1.1078648135114646,0.0176422910718979,significant_up
background_N,Prochlorococcus MED4,PMM1056,10.1101/2025.11.24.690089_growth_state_pro99lown_nutrient_starvation_med4_rnaseq_axenic,RNASEQ,day 14,1.1066001404154215,0.1878443842627571,not_significant
background_N,Prochlorococcus MED4,PMM0533,10.1101/2025.11.24.690089_growth_state_pro99lown_nutrient_starvation_med4_proteomics_axenic,PROTEOMICS,day 89,-1.1041301091512,4.25437768976135e-05,significant_down
background_N,Prochlorococcus MED4,PMM1361,10.1038/msb4100087_nitrogen_nitrogen_deprivation_med4_med4_microarray,MICROARRAY,3h,1.101026001,1.0,not_significant
background_N,Prochlorococcus MED4,PMM0315,10.1038/ismej.2017.88_nitrogen_stress_ndepleted_pro99_medium_med4_rnaseq,RNASEQ,24h,-1.1,0.95,not_significant
background_N,Prochlorococcus MED4,PMM1543,10.1038/msb4100087_nitrogen_nitrogen_deprivation_med4_med4_microarray,MICROARRAY,6h,-1.09668474707075,0.01,significant_down
background_N,Prochlorococcus MED4,PMM0533,10.1101/2025.11.24.690089_growth_state_pro99lown_nutrient_starvation_med4_proteomics_axenic,PROTEOMICS,day 31,-1.09042803446451,4.92280428253386e-05,significant_down
background_N,Prochlorococcus MED4,PMM1322,10.1038/ismej.2017.88_nitrogen_stress_ndepleted_pro99_medium_med4_rnaseq,RNASEQ,24h,1.09,0.55,not_significant
background_N,Prochlorococcus MED4,PMM0646,10.1101/2025.11.24.690089_growth_state_pro99lown_nutrient_starvation_med4_proteomics_axenic,PROTEOMICS,day 14,-1.08230686187744,0.0896782324779093,not_significant
background_N,Prochlorococcus MED4,PMM1023,10.1038/msb4100087_nitrogen_nitrogen_deprivation_med4_med4_microarray,MICROARRAY,0h,-1.080519347,1.0,not_significant
background_N,Prochlorococcus MED4,PMM0684,10.1038/ismej.2017.88_nitrogen_stress_ndepleted_pro99_medium_med4_rnaseq,RNASEQ,3h,-1.08,1.0,not_significant
background_N,Prochlorococcus MED4,PMM1257,10.1038/ismej.2017.88_nitrogen_stress_ndepleted_pro99_medium_med4_rnaseq,RNASEQ,24h,-1.08,0.15,not_significant
background_N,Prochlorococcus MED4,PMM0698,10.1038/msb4100087_nitrogen_nitrogen_deprivation_med4_med4_microarray,MICROARRAY,48h,1.076550494,1.0,not_significant
background_N,Prochlorococcus MED4,PMM0063,10.1038/msb4100087_nitrogen_nitrogen_deprivation_med4_med4_microarray,MICROARRAY,6h,1.074269298015,0.01,significant_up
background_N,Prochlorococcus MED4,PMM0809,10.1038/msb4100087_nitrogen_nitrogen_deprivation_med4_med4_microarray,MICROARRAY,24h,-1.07331396,1.0,not_significant
background_N,Prochlorococcus MED4,PMM0635,10.1038/msb4100087_nitrogen_nitrogen_deprivation_med4_med4_microarray,MICROARRAY,12h,1.07244766757041,0.01,significant_up
background_N,Prochlorococcus MED4,PMM0441,10.1038/ismej.2017.88_nitrogen_stress_ndepleted_pro99_medium_med4_rnaseq,RNASEQ,12h,1.07,0.4,not_significant
background_N,Prochlorococcus MED4,PMM1551,10.1038/ismej.2017.88_nitrogen_stress_ndepleted_pro99_medium_med4_rnaseq,RNASEQ,12h,-1.06,0.22,not_significant
background_N,Prochlorococcus MED4,PMM1619,10.1101/2025.11.24.690089_growth_state_pro99lown_nutrient_starvation_med4_proteomics_axenic,PROTEOMICS,day 31,-1.05927975972493,0.0005209942497819,significant_down
background_N,Prochlorococcus MED4,PMM0996,10.1038/msb4100087_nitrogen_nitrogen_deprivation_med4_med4_microarray,MICROARRAY,3h,1.057954869,1.0,not_significant
background_N,Prochlorococcus MED4,PMM1517,10.1038/msb4100087_nitrogen_nitrogen_deprivation_med4_med4_microarray,MICROARRAY,6h,1.05045715,1.0,not_significant
background_N,Prochlorococcus MED4,PMM0793,10.1038/msb4100087_nitrogen_nitrogen_deprivation_med4_med4_microarray,MICROARRAY,48h,-1.049282729,1.0,not_significant
background_N,Prochlorococcus MED4,PMM0203,10.1101/2025.11.24.690089_growth_state_pro99lown_nutrient_starvation_med4_proteomics_axenic,PROTEOMICS,day 89,1.03873093922933,0.0008841768729979,significant_up
background_N,Prochlorococcus MED4,PMM0574,10.1038/msb4100087_nitrogen_nitrogen_deprivation_med4_med4_microarray,MICROARRAY,48h,-1.036543069,1.0,not_significant
background_N,Prochlorococcus MED4,PMM0203,10.1038/msb4100087_nitrogen_nitrogen_deprivation_med4_med4_microarray,MICROARRAY,24h,-1.032436001,1.0,not_significant
background_N,Prochlorococcus MED4,PMM0878,10.1038/ismej.2017.88_nitrogen_stress_ndepleted_pro99_medium_med4_rnaseq,RNASEQ,12h,-1.03,0.42,not_significant
background_N,Prochlorococcus MED4,PMM1694,10.1101/2025.11.24.690089_growth_state_pro99lown_nutrient_starvation_med4_proteomics_axenic,PROTEOMICS,day 14,1.02876504262288,0.0073723566589062,significant_up
background_N,Prochlorococcus MED4,PMM1553,10.1101/2025.11.24.690089_growth_state_pro99lown_nutrient_starvation_med4_proteomics_axenic,PROTEOMICS,day 89,-1.02791627248129,0.0287447254647045,significant_down
background_N,Prochlorococcus MED4,PMM1509,10.1038/msb4100087_nitrogen_nitrogen_deprivation_med4_med4_microarray,MICROARRAY,6h,-1.02373875485943,0.01,significant_down
background_N,Prochlorococcus MED4,PMM1322,10.1101/2025.11.24.690089_growth_state_pro99lown_nutrient_starvation_med4_proteomics_axenic,PROTEOMICS,day 14,1.02310530344645,0.0062795923098885,significant_up
background_N,Prochlorococcus MED4,PMM1387,10.1038/ismej.2017.88_nitrogen_stress_ndepleted_pro99_medium_med4_rnaseq,RNASEQ,24h,1.02,0.43,not_significant
background_N,Prochlorococcus MED4,PMM1551,10.1038/ismej.2017.88_nitrogen_stress_ndepleted_pro99_medium_med4_rnaseq,RNASEQ,24h,-1.02,0.19,not_significant
background_N,Prochlorococcus MED4,PMM0732,10.1101/2025.11.24.690089_growth_state_pro99lown_nutrient_starvation_med4_proteomics_axenic,PROTEOMICS,day 31,1.01943715413412,0.0011637433200392,significant_up
background_N,Prochlorococcus MED4,PMM0990,10.1101/2025.11.24.690089_growth_state_pro99lown_nutrient_starvation_med4_proteomics_axenic,PROTEOMICS,day 31,1.01357396443685,0.015620114970028,significant_up
background_N,Prochlorococcus MED4,PMM1551,10.1038/msb4100087_nitrogen_nitrogen_deprivation_med4_med4_microarray,MICROARRAY,3h,-1.009108261,1.0,not_significant
background_N,Prochlorococcus MED4,PMM1243,10.1101/2025.11.24.690089_growth_state_pro99lown_nutrient_starvation_med4_proteomics_axenic,PROTEOMICS,day 31,-1.0078665415446,0.0009071572128911,significant_down
background_N,Prochlorococcus MED4,PMM0504,10.1038/msb4100087_nitrogen_nitrogen_deprivation_med4_med4_microarray,MICROARRAY,0h,-1.006967993,1.0,not_significant
background_N,Prochlorococcus MED4,PMM1023,10.1038/msb4100087_nitrogen_nitrogen_deprivation_med4_med4_microarray,MICROARRAY,12h,-1.004180026,1.0,not_significant
background_N,Prochlorococcus MED4,PMM1013,10.1038/msb4100087_nitrogen_nitrogen_deprivation_med4_med4_microarray,MICROARRAY,6h,1.000414733,1.0,not_significant
background_N,Prochlorococcus MED4,PMM0627,10.1038/ismej.2017.88_nitrogen_stress_ndepleted_pro99_medium_med4_rnaseq,RNASEQ,12h,-1.0,0.94,not_significant
background_N,Prochlorococcus MED4,PMM1543,10.1038/msb4100087_nitrogen_nitrogen_deprivation_med4_med4_microarray,MICROARRAY,48h,-0.992388237,1.0,not_significant
background_N,Prochlorococcus MED4,PMM0732,10.1038/ismej.2017.88_nitrogen_stress_ndepleted_pro99_medium_med4_rnaseq,RNASEQ,3h,-0.99,0.34,not_significant
background_N,Prochlorococcus MED4,PMM1543,10.1038/ismej.2017.88_nitrogen_stress_ndepleted_pro99_medium_med4_rnaseq,RNASEQ,24h,-0.99,0.27,not_significant
background_N,Prochlorococcus MED4,PMM0732,10.1038/msb4100087_nitrogen_nitrogen_deprivation_med4_med4_microarray,MICROARRAY,6h,0.988838680955239,0.01,significant_up
background_N,Prochlorococcus MED4,PMM1257,10.1038/msb4100087_nitrogen_nitrogen_deprivation_med4_med4_microarray,MICROARRAY,48h,-0.986744105,1.0,not_significant
background_N,Prochlorococcus MED4,PMM0809,10.1038/msb4100087_nitrogen_nitrogen_deprivation_med4_med4_microarray,MICROARRAY,3h,-0.976259163,1.0,not_significant
background_N,Prochlorococcus MED4,PMM1203,10.1101/2025.11.24.690089_growth_state_pro99lown_nutrient_starvation_med4_rnaseq_axenic,RNASEQ,day 14,0.974596380321714,0.002121026942682,not_significant
background_N,Prochlorococcus MED4,PMM1534,10.1101/2025.11.24.690089_growth_state_pro99lown_nutrient_starvation_med4_proteomics_axenic,PROTEOMICS,day 14,-0.973844210306803,0.0813337981616658,not_significant
background_N,Prochlorococcus MED4,PMM0055,10.1101/2025.11.24.690089_growth_state_pro99lown_nutrient_starvation_med4_rnaseq_axenic,RNASEQ,day 14,0.973557127931306,0.0255763067903086,not_significant
background_N,Prochlorococcus MED4,PMM0055,10.1038/msb4100087_nitrogen_nitrogen_deprivation_med4_med4_microarray,MICROARRAY,24h,0.971134987,1.0,not_significant
background_N,Prochlorococcus MED4,PMM0853,10.1101/2025.11.24.690089_growth_state_pro99lown_nutrient_starvation_med4_proteomics_axenic,PROTEOMICS,day 14,-0.97066847483317,0.128683239300323,not_significant
background_N,Prochlorococcus MED4,PMM1543,10.1101/2025.11.24.690089_growth_state_pro99lown_nutrient_starvation_med4_proteomics_axenic,PROTEOMICS,day 89,-0.958949724833171,0.0142249293100494,not_significant
background_N,Prochlorococcus MED4,PMM1368,10.1038/msb4100087_nitrogen_nitrogen_deprivation_med4_med4_microarray,MICROARRAY,3h,0.95823332,1.0,not_significant
background_N,Prochlorococcus MED4,PMM0203,10.1038/msb4100087_nitrogen_nitrogen_deprivation_med4_med4_microarray,MICROARRAY,48h,-0.953605192,1.0,not_significant
background_N,Prochlorococcus MED4,PMM1322,10.1038/ismej.2017.88_nitrogen_stress_ndepleted_pro99_medium_med4_rnaseq,RNASEQ,12h,0.95,0.97,not_significant
background_N,Prochlorococcus MED4,PMM0063,10.1038/msb4100087_nitrogen_nitrogen_deprivation_med4_med4_microarray,MICROARRAY,24h,0.942691952,1.0,not_significant
background_N,Prochlorococcus MED4,PMM0018,10.1038/msb4100087_nitrogen_nitrogen_deprivation_med4_med4_microarray,MICROARRAY,3h,-0.934824456,1.0,not_significant
background_N,Prochlorococcus MED4,PMM0529,10.1038/msb4100087_nitrogen_nitrogen_deprivation_med4_med4_microarray,MICROARRAY,12h,-0.932566036,1.0,not_significant
background_N,Prochlorococcus MED4,PMM1345,10.1101/2025.11.24.690089_growth_state_pro99lown_nutrient_starvation_med4_proteomics_axenic,PROTEOMICS,day 31,0.932032267252608,0.105901477754577,not_significant
background_N,Prochlorococcus MED4,PMM0809,10.1038/msb4100087_nitrogen_nitrogen_deprivation_med4_med4_microarray,MICROARRAY,48h,-0.931792167,1.0,not_significant
background_N,Prochlorococcus MED4,PMM0441,10.1101/2025.11.24.690089_growth_state_pro99lown_nutrient_starvation_med4_proteomics_axenic,PROTEOMICS,day 14,-0.931082089742026,0.360445567567509,not_significant
background_N,Prochlorococcus MED4,PMM0033,10.1038/ismej.2017.88_nitrogen_stress_ndepleted_pro99_medium_med4_rnaseq,RNASEQ,12h,0.93,0.96,not_significant
background_N,Prochlorococcus MED4,PMM0239,10.1038/msb4100087_nitrogen_nitrogen_deprivation_med4_med4_microarray,MICROARRAY,48h,-0.929113016,1.0,not_significant
background_N,Prochlorococcus MED4,PMM0702,10.1101/2025.11.24.690089_growth_state_pro99lown_nutrient_starvation_med4_rnaseq_axenic,RNASEQ,day 14,0.9236422811122842,0.0015564402323276,not_significant
background_N,Prochlorococcus MED4,PMM1140,10.1038/msb4100087_nitrogen_nitrogen_deprivation_med4_med4_microarray,MICROARRAY,48h,-0.921870932,1.0,not_significant
background_N,Prochlorococcus MED4,PMM0295,10.1038/msb4100087_nitrogen_nitrogen_deprivation_med4_med4_microarray,MICROARRAY,48h,-0.920615032,1.0,not_significant
background_N,Prochlorococcus MED4,PMM1619,10.1101/2025.11.24.690089_growth_state_pro99lown_nutrient_starvation_med4_rnaseq_axenic,RNASEQ,day 14,-0.917683496921084,0.0005171822713989,not_significant
background_N,Prochlorococcus MED4,PMM1534,10.1038/msb4100087_nitrogen_nitrogen_deprivation_med4_med4_microarray,MICROARRAY,24h,-0.917638124,1.0,not_significant
background_N,Prochlorococcus MED4,PMM0055,10.1101/2025.11.24.690089_growth_state_pro99lown_nutrient_starvation_med4_proteomics_axenic,PROTEOMICS,day 14,0.917125384012858,0.0843564346005268,not_significant
background_N,Prochlorococcus MED4,PMM0175,10.1038/msb4100087_nitrogen_nitrogen_deprivation_med4_med4_microarray,MICROARRAY,24h,-0.913521139,1.0,not_significant
background_N,Prochlorococcus MED4,PMM0317,10.1038/msb4100087_nitrogen_nitrogen_deprivation_med4_med4_microarray,MICROARRAY,24h,-0.911167385,1.0,not_significant
background_N,Prochlorococcus MED4,PMM1509,10.1038/msb4100087_nitrogen_nitrogen_deprivation_med4_med4_microarray,MICROARRAY,24h,-0.903310053,1.0,not_significant
background_N,Prochlorococcus MED4,PMM0675,10.1101/2025.11.24.690089_growth_state_pro99lown_nutrient_starvation_med4_proteomics_axenic,PROTEOMICS,day 89,-0.902995109558108,0.0085262948459594,not_significant
background_N,Prochlorococcus MED4,PMM0203,10.1038/msb4100087_nitrogen_nitrogen_deprivation_med4_med4_microarray,MICROARRAY,3h,-0.896345937,1.0,not_significant
background_N,Prochlorococcus MED4,PMM0458,10.1038/msb4100087_nitrogen_nitrogen_deprivation_med4_med4_microarray,MICROARRAY,0h,-0.895567708,1.0,not_significant
background_N,Prochlorococcus MED4,PMM0014,10.1038/msb4100087_nitrogen_nitrogen_deprivation_med4_med4_microarray,MICROARRAY,3h,-0.894736803,1.0,not_significant
background_N,Prochlorococcus MED4,PMM1013,10.1038/msb4100087_nitrogen_nitrogen_deprivation_med4_med4_microarray,MICROARRAY,48h,0.89091152,1.0,not_significant
background_N,Prochlorococcus MED4,PMM1534,10.1101/2025.11.24.690089_growth_state_pro99lown_nutrient_starvation_med4_rnaseq_axenic,RNASEQ,day 14,-0.8875966565314225,2.492447550346764e-07,not_significant
background_N,Prochlorococcus MED4,PMM0313,10.1101/2025.11.24.690089_growth_state_pro99lown_nutrient_starvation_med4_proteomics_axenic,PROTEOMICS,day 89,-0.886411348978678,0.0150255994083776,not_significant
background_N,Prochlorococcus MED4,PMM1203,10.1038/msb4100087_nitrogen_nitrogen_deprivation_med4_med4_microarray,MICROARRAY,48h,-0.886119395,1.0,not_significant
background_N,Prochlorococcus MED4,PMM0990,10.1038/msb4100087_nitrogen_nitrogen_deprivation_med4_med4_microarray,MICROARRAY,12h,-0.885577184,1.0,not_significant
background_N,Prochlorococcus MED4,PMM0684,10.1038/msb4100087_nitrogen_nitrogen_deprivation_med4_med4_microarray,MICROARRAY,12h,0.88487092,1.0,not_significant
background_N,Prochlorococcus MED4,PMM0996,10.1101/2025.11.24.690089_growth_state_pro99lown_nutrient_starvation_med4_proteomics_axenic,PROTEOMICS,day 31,0.883522033691407,0.115306332122522,not_significant
background_N,Prochlorococcus MED4,PMM1257,10.1101/2025.11.24.690089_growth_state_pro99lown_nutrient_starvation_med4_proteomics_axenic,PROTEOMICS,day 89,0.88332970937093,0.0033453871996032,not_significant
background_N,Prochlorococcus MED4,PMM0055,10.1038/ismej.2017.88_nitrogen_stress_ndepleted_pro99_medium_med4_rnaseq,RNASEQ,12h,0.88,0.68,not_significant
background_N,Prochlorococcus MED4,PMM1534,10.1101/2025.11.24.690089_growth_state_pro99lown_nutrient_starvation_med4_proteomics_axenic,PROTEOMICS,day 89,-0.878163337707519,0.0557978862969446,not_significant
background_N,Prochlorococcus MED4,PMM0732,10.1038/msb4100087_nitrogen_nitrogen_deprivation_med4_med4_microarray,MICROARRAY,48h,0.875205543,1.0,not_significant
background_N,Prochlorococcus MED4,PMM0812,10.1038/msb4100087_nitrogen_nitrogen_deprivation_med4_med4_microarray,MICROARRAY,48h,0.863829877,1.0,not_significant
background_N,Prochlorococcus MED4,PMM1460,10.1038/msb4100087_nitrogen_nitrogen_deprivation_med4_med4_microarray,MICROARRAY,3h,-0.863173594,1.0,not_significant
background_N,Prochlorococcus MED4,PMM0063,10.1038/ismej.2017.88_nitrogen_stress_ndepleted_pro99_medium_med4_rnaseq,RNASEQ,3h,-0.85,1.0,not_significant
background_N,Prochlorococcus MED4,PMM0055,10.1038/msb4100087_nitrogen_nitrogen_deprivation_med4_med4_microarray,MICROARRAY,48h,0.84854414,1.0,not_significant
background_N,Prochlorococcus MED4,PMM0295,10.1038/ismej.2017.88_nitrogen_stress_ndepleted_pro99_medium_med4_rnaseq,RNASEQ,24h,-0.84,0.21,not_significant
background_N,Prochlorococcus MED4,PMM1519,10.1038/msb4100087_nitrogen_nitrogen_deprivation_med4_med4_microarray,MICROARRAY,6h,-0.838431472,1.0,not_significant
background_N,Prochlorococcus MED4,PMM1387,10.1038/msb4100087_nitrogen_nitrogen_deprivation_med4_med4_microarray,MICROARRAY,6h,0.837921329,1.0,not_significant
background_N,Prochlorococcus MED4,PMM0844,10.1038/ismej.2017.88_nitrogen_stress_ndepleted_pro99_medium_med4_rnaseq,RNASEQ,3h,0.83,1.0,not_significant
background_N,Prochlorococcus MED4,PMM0033,10.1101/2025.11.24.690089_growth_state_pro99lown_nutrient_starvation_med4_proteomics_axenic,PROTEOMICS,day 31,0.82878081003825,0.316148481894382,not_significant
background_N,Prochlorococcus MED4,PMM1345,10.1101/2025.11.24.690089_growth_state_pro99lown_nutrient_starvation_med4_proteomics_axenic,PROTEOMICS,day 14,-0.828205426534016,0.249725605198513,not_significant
background_N,Prochlorococcus MED4,PMM1619,10.1038/msb4100087_nitrogen_nitrogen_deprivation_med4_med4_microarray,MICROARRAY,6h,-0.823697476,1.0,not_significant
background_N,Prochlorococcus MED4,PMM1216,10.1038/msb4100087_nitrogen_nitrogen_deprivation_med4_med4_microarray,MICROARRAY,6h,-0.821952074,1.0,not_significant
background_N,Prochlorococcus MED4,PMM1183,10.1038/msb4100087_nitrogen_nitrogen_deprivation_med4_med4_microarray,MICROARRAY,6h,-0.821029665,1.0,not_significant
background_N,Prochlorococcus MED4,PMM0659,10.1038/ismej.2017.88_nitrogen_stress_ndepleted_pro99_medium_med4_rnaseq,RNASEQ,12h,-0.82,0.04,not_significant
background_N,Prochlorococcus MED4,PMM1405,10.1038/ismej.2017.88_nitrogen_stress_ndepleted_pro99_medium_med4_rnaseq,RNASEQ,3h,-0.82,0.88,not_significant
background_N,Prochlorococcus MED4,PMM1534,10.1038/ismej.2017.88_nitrogen_stress_ndepleted_pro99_medium_med4_rnaseq,RNASEQ,12h,-0.82,0.23,not_significant
background_N,Prochlorococcus MED4,PMM1619,10.1038/msb4100087_nitrogen_nitrogen_deprivation_med4_med4_microarray,MICROARRAY,12h,-0.816200286,1.0,not_significant
background_N,Prochlorococcus MED4,PMM0239,10.1038/msb4100087_nitrogen_nitrogen_deprivation_med4_med4_microarray,MICROARRAY,6h,-0.812793931,1.0,not_significant
background_N,Prochlorococcus MED4,PMM1243,10.1038/msb4100087_nitrogen_nitrogen_deprivation_med4_med4_microarray,MICROARRAY,24h,-0.812464037,1.0,not_significant
background_N,Prochlorococcus MED4,PMM1551,10.1101/2025.11.24.690089_growth_state_pro99lown_nutrient_starvation_med4_proteomics_axenic,PROTEOMICS,day 31,0.810736974080403,0.0070312063884112,not_significant
background_N,Prochlorococcus MED4,PMM1140,10.1038/msb4100087_nitrogen_nitrogen_deprivation_med4_med4_microarray,MICROARRAY,0h,-0.810385984,1.0,not_significant
background_N,Prochlorococcus MED4,PMM1543,10.1101/2025.11.24.690089_growth_state_pro99lown_nutrient_starvation_med4_proteomics_axenic,PROTEOMICS,day 14,-0.807517687479655,0.0763006356023809,not_significant
background_N,Prochlorococcus MED4,PMM1102,10.1038/msb4100087_nitrogen_nitrogen_deprivation_med4_med4_microarray,MICROARRAY,3h,-0.806825937,1.0,not_significant
background_N,Prochlorococcus MED4,PMM0129,10.1101/2025.11.24.690089_growth_state_pro99lown_nutrient_starvation_med4_proteomics_axenic,PROTEOMICS,day 89,-0.806330045064289,0.13227056292414,not_significant
background_N,Prochlorococcus MED4,PMM1519,10.1038/ismej.2017.88_nitrogen_stress_ndepleted_pro99_medium_med4_rnaseq,RNASEQ,3h,0.8,1.0,not_significant
background_N,Prochlorococcus MED4,PMM1216,10.1101/2025.11.24.690089_growth_state_pro99lown_nutrient_starvation_med4_proteomics_axenic,PROTEOMICS,day 89,-0.797744433085122,0.0036673703204449,not_significant
background_N,Prochlorococcus MED4,PMM0635,10.1101/2025.11.24.690089_growth_state_pro99lown_nutrient_starvation_med4_proteomics_axenic,PROTEOMICS,day 14,0.797194480896,0.137568533299268,not_significant
background_N,Prochlorococcus MED4,PMM1320,10.1038/msb4100087_nitrogen_nitrogen_deprivation_med4_med4_microarray,MICROARRAY,3h,-0.794535831,1.0,not_significant
background_N,Prochlorococcus MED4,PMM1372,10.1101/2025.11.24.690089_growth_state_pro99lown_nutrient_starvation_med4_rnaseq_axenic,RNASEQ,day 14,-0.7933268172058155,0.1635470467892849,not_significant
background_N,Prochlorococcus MED4,PMM0313,10.1038/msb4100087_nitrogen_nitrogen_deprivation_med4_med4_microarray,MICROARRAY,24h,0.791639616,1.0,not_significant
background_N,Prochlorococcus MED4,PMM1694,10.1038/msb4100087_nitrogen_nitrogen_deprivation_med4_med4_microarray,MICROARRAY,12h,0.791424833,1.0,not_significant
background_N,Prochlorococcus MED4,PMM0014,10.1101/2025.11.24.690089_growth_state_pro99lown_nutrient_starvation_med4_proteomics_axenic,PROTEOMICS,day 31,-0.788850784301758,0.0842159533770693,not_significant
background_N,Prochlorococcus MED4,PMM0586,10.1038/ismej.2017.88_nitrogen_stress_ndepleted_pro99_medium_med4_rnaseq,RNASEQ,24h,-0.78,0.3,not_significant
background_N,Prochlorococcus MED4,PMM1640,10.1038/msb4100087_nitrogen_nitrogen_deprivation_med4_med4_microarray,MICROARRAY,48h,-0.777861611,1.0,not_significant
background_N,Prochlorococcus MED4,PMM0239,10.1038/msb4100087_nitrogen_nitrogen_deprivation_med4_med4_microarray,MICROARRAY,12h,-0.772350723,1.0,not_significant
background_N,Prochlorococcus MED4,PMM0033,10.1038/msb4100087_nitrogen_nitrogen_deprivation_med4_med4_microarray,MICROARRAY,6h,0.770825883,1.0,not_significant
background_N,Prochlorococcus MED4,PMM1210,10.1101/2025.11.24.690089_growth_state_pro99lown_nutrient_starvation_med4_proteomics_axenic,PROTEOMICS,day 89,-0.770191510518393,0.007909626749701,not_significant
background_N,Prochlorococcus MED4,PMM0533,10.1038/ismej.2017.88_nitrogen_stress_ndepleted_pro99_medium_med4_rnaseq,RNASEQ,24h,-0.77,0.28,not_significant
background_N,Prochlorococcus MED4,PMM0317,10.1038/msb4100087_nitrogen_nitrogen_deprivation_med4_med4_microarray,MICROARRAY,48h,-0.769495332,1.0,not_significant
background_N,Prochlorococcus MED4,PMM1243,10.1038/msb4100087_nitrogen_nitrogen_deprivation_med4_med4_microarray,MICROARRAY,6h,-0.768787626,1.0,not_significant
background_N,Prochlorococcus MED4,PMM0063,10.1038/msb4100087_nitrogen_nitrogen_deprivation_med4_med4_microarray,MICROARRAY,12h,0.768209252,1.0,not_significant
background_N,Prochlorococcus MED4,PMM1460,10.1101/2025.11.24.690089_growth_state_pro99lown_nutrient_starvation_med4_proteomics_axenic,PROTEOMICS,day 89,-0.76353867848714,0.106651020278011,not_significant
background_N,Prochlorococcus MED4,PMM1013,10.1038/msb4100087_nitrogen_nitrogen_deprivation_med4_med4_microarray,MICROARRAY,24h,0.761487521,1.0,not_significant
background_N,Prochlorococcus MED4,PMM1320,10.1038/msb4100087_nitrogen_nitrogen_deprivation_med4_med4_microarray,MICROARRAY,48h,-0.759911695,1.0,not_significant
background_N,Prochlorococcus MED4,PMM0529,10.1038/msb4100087_nitrogen_nitrogen_deprivation_med4_med4_microarray,MICROARRAY,24h,-0.759488208,1.0,not_significant
background_N,Prochlorococcus MED4,PMM0995,10.1038/msb4100087_nitrogen_nitrogen_deprivation_med4_med4_microarray,MICROARRAY,0h,-0.757270375,1.0,not_significant
background_N,Prochlorococcus MED4,PMM1345,10.1101/2025.11.24.690089_growth_state_pro99lown_nutrient_starvation_med4_proteomics_axenic,PROTEOMICS,day 89,0.755492210388188,0.196766934863002,not_significant
background_N,Prochlorococcus MED4,PMM1023,10.1038/msb4100087_nitrogen_nitrogen_deprivation_med4_med4_microarray,MICROARRAY,48h,-0.753246783,1.0,not_significant
background_N,Prochlorococcus MED4,PMM1387,10.1038/msb4100087_nitrogen_nitrogen_deprivation_med4_med4_microarray,MICROARRAY,3h,0.752073159,1.0,not_significant
background_N,Prochlorococcus MED4,PMM0063,10.1101/2025.11.24.690089_growth_state_pro99lown_nutrient_starvation_med4_rnaseq_axenic,RNASEQ,day 14,0.7502750445937079,0.005572972422749,not_significant
background_N,Prochlorococcus MED4,PMM1551,10.1038/ismej.2017.88_nitrogen_stress_ndepleted_pro99_medium_med4_rnaseq,RNASEQ,3h,0.75,1.0,not_significant
background_N,Prochlorococcus MED4,PMM2019,10.1101/2025.11.24.690089_growth_state_pro99lown_nutrient_starvation_med4_rnaseq_axenic,RNASEQ,day 14,0.7499979246968431,0.0322414789493717,not_significant
background_N,Prochlorococcus MED4,PMM0533,10.1101/2025.11.24.690089_growth_state_pro99lown_nutrient_starvation_med4_rnaseq_axenic,RNASEQ,day 14,0.748009268780312,0.0013434573935178,not_significant
background_N,Prochlorococcus MED4,PMM0996,10.1038/msb4100087_nitrogen_nitrogen_deprivation_med4_med4_microarray,MICROARRAY,24h,0.744368821,1.0,not_significant
background_N,Prochlorococcus MED4,PMM0878,10.1101/2025.11.24.690089_growth_state_pro99lown_nutrient_starvation_med4_proteomics_axenic,PROTEOMICS,day 14,0.743573824564617,0.0247853386361211,not_significant
background_N,Prochlorococcus MED4,PMM1368,10.1101/2025.11.24.690089_growth_state_pro99lown_nutrient_starvation_med4_proteomics_axenic,PROTEOMICS,day 14,0.739150047302247,0.44157646413709,not_significant
background_N,Prochlorococcus MED4,PMM0698,10.1038/msb4100087_nitrogen_nitrogen_deprivation_med4_med4_microarray,MICROARRAY,12h,0.73218531,1.0,not_significant
background_N,Prochlorococcus MED4,PMM0533,10.1038/ismej.2017.88_nitrogen_stress_ndepleted_pro99_medium_med4_rnaseq,RNASEQ,12h,-0.73,0.42,not_significant
background_N,Prochlorococcus MED4,PMM0732,10.1038/msb4100087_nitrogen_nitrogen_deprivation_med4_med4_microarray,MICROARRAY,12h,0.724969735,1.0,not_significant
background_N,Prochlorococcus MED4,PMM1140,10.1038/msb4100087_nitrogen_nitrogen_deprivation_med4_med4_microarray,MICROARRAY,12h,-0.724246794,1.0,not_significant
background_N,Prochlorococcus MED4,PMM0812,10.1101/2025.11.24.690089_growth_state_pro99lown_nutrient_starvation_med4_rnaseq_axenic,RNASEQ,day 14,0.7237856393191489,0.1162141343864074,not_significant
background_N,Prochlorococcus MED4,PMM0995,10.1038/msb4100087_nitrogen_nitrogen_deprivation_med4_med4_microarray,MICROARRAY,12h,-0.723614681,1.0,not_significant
background_N,Prochlorococcus MED4,PMM0014,10.1038/msb4100087_nitrogen_nitrogen_deprivation_med4_med4_microarray,MICROARRAY,0h,-0.723340224,1.0,not_significant
background_N,Prochlorococcus MED4,PMM0529,10.1101/2025.11.24.690089_growth_state_pro99lown_nutrient_starvation_med4_proteomics_axenic,PROTEOMICS,day 89,0.72284730275472,0.0348453227940225,not_significant
background_N,Prochlorococcus MED4,PMM0990,10.1038/msb4100087_nitrogen_nitrogen_deprivation_med4_med4_microarray,MICROARRAY,48h,-0.722291179,1.0,not_significant
background_N,Prochlorococcus MED4,PMM0033,10.1038/msb4100087_nitrogen_nitrogen_deprivation_med4_med4_microarray,MICROARRAY,3h,0.720839482,1.0,not_significant
background_N,Prochlorococcus MED4,PMM1183,10.1038/ismej.2017.88_nitrogen_stress_ndepleted_pro99_medium_med4_rnaseq,RNASEQ,3h,-0.72,1.0,not_significant
background_N,Prochlorococcus MED4,PMM1372,10.1038/ismej.2017.88_nitrogen_stress_ndepleted_pro99_medium_med4_rnaseq,RNASEQ,12h,-0.72,0.44,not_significant
background_N,Prochlorococcus MED4,PMM1387,10.1038/msb4100087_nitrogen_nitrogen_deprivation_med4_med4_microarray,MICROARRAY,24h,0.719184782,1.0,not_significant
background_N,Prochlorococcus MED4,PMM0646,10.1038/msb4100087_nitrogen_nitrogen_deprivation_med4_med4_microarray,MICROARRAY,48h,0.718808671,1.0,not_significant
background_N,Prochlorococcus MED4,PMM0313,10.1101/2025.11.24.690089_growth_state_pro99lown_nutrient_starvation_med4_rnaseq_axenic,RNASEQ,day 14,-0.7183220318316748,0.001043610251204,not_significant
background_N,Prochlorococcus MED4,PMM0458,10.1038/msb4100087_nitrogen_nitrogen_deprivation_med4_med4_microarray,MICROARRAY,12h,0.718154307,1.0,not_significant
background_N,Prochlorococcus MED4,PMM0684,10.1038/msb4100087_nitrogen_nitrogen_deprivation_med4_med4_microarray,MICROARRAY,6h,0.716041614,1.0,not_significant
background_N,Prochlorococcus MED4,PMM1509,10.1101/2025.11.24.690089_growth_state_pro99lown_nutrient_starvation_med4_proteomics_axenic,PROTEOMICS,day 31,0.71554692586263,0.0026597145042422,not_significant
background_N,Prochlorococcus MED4,PMM0203,10.1101/2025.11.24.690089_growth_state_pro99lown_nutrient_starvation_med4_rnaseq_axenic,RNASEQ,day 14,-0.7144956590369728,0.0155326427382338,not_significant
background_N,Prochlorococcus MED4,PMM0646,10.1038/msb4100087_nitrogen_nitrogen_deprivation_med4_med4_microarray,MICROARRAY,6h,0.713234238,1.0,not_significant
background_N,Prochlorococcus MED4,PMM0943,10.1101/2025.11.24.690089_growth_state_pro99lown_nutrient_starvation_med4_proteomics_axenic,PROTEOMICS,day 14,-0.710200309753416,0.157381533320451,not_significant
background_N,Prochlorococcus MED4,PMM0812,10.1038/msb4100087_nitrogen_nitrogen_deprivation_med4_med4_microarray,MICROARRAY,12h,-0.704907523,1.0,not_significant
background_N,Prochlorococcus MED4,PMM1619,10.1038/ismej.2017.88_nitrogen_stress_ndepleted_pro99_medium_med4_rnaseq,RNASEQ,3h,-0.7,1.0,not_significant
background_N,Prochlorococcus MED4,PMM1243,10.1038/msb4100087_nitrogen_nitrogen_deprivation_med4_med4_microarray,MICROARRAY,12h,-0.69768382,1.0,not_significant
background_N,Prochlorococcus MED4,PMM1210,10.1038/msb4100087_nitrogen_nitrogen_deprivation_med4_med4_microarray,MICROARRAY,0h,-0.695710653,1.0,not_significant
background_N,Prochlorococcus MED4,PMM0446,10.1101/2025.11.24.690089_growth_state_pro99lown_nutrient_starvation_med4_proteomics_axenic,PROTEOMICS,day 14,-0.695516904195148,0.404033571025935,not_significant
background_N,Prochlorococcus MED4,PMM0702,10.1038/msb4100087_nitrogen_nitrogen_deprivation_med4_med4_microarray,MICROARRAY,3h,-0.694985217,1.0,not_significant
background_N,Prochlorococcus MED4,PMM0586,10.1101/2025.11.24.690089_growth_state_pro99lown_nutrient_starvation_med4_proteomics_axenic,PROTEOMICS,day 89,-0.693309466044104,0.159703735511549,not_significant
background_N,Prochlorococcus MED4,PMM0063,10.1101/2025.11.24.690089_growth_state_pro99lown_nutrient_starvation_med4_proteomics_axenic,PROTEOMICS,day 14,0.692933082580569,0.0525121830338065,not_significant
background_N,Prochlorococcus MED4,PMM0533,10.1038/msb4100087_nitrogen_nitrogen_deprivation_med4_med4_microarray,MICROARRAY,48h,-0.691820376,1.0,not_significant
background_N,Prochlorococcus MED4,PMM0698,10.1038/ismej.2017.88_nitrogen_stress_ndepleted_pro99_medium_med4_rnaseq,RNASEQ,12h,0.69,0.71,not_significant
background_N,Prochlorococcus MED4,PMM1715,10.1101/2025.11.24.690089_growth_state_pro99lown_nutrient_starvation_med4_proteomics_axenic,PROTEOMICS,day 14,0.688464800516763,0.088719876777003,not_significant
background_N,Prochlorococcus MED4,PMM0586,10.1038/msb4100087_nitrogen_nitrogen_deprivation_med4_med4_microarray,MICROARRAY,3h,0.684411115,1.0,not_significant
background_N,Prochlorococcus MED4,PMM0943,10.1038/ismej.2017.88_nitrogen_stress_ndepleted_pro99_medium_med4_rnaseq,RNASEQ,3h,0.68,1.0,not_significant
background_N,Prochlorococcus MED4,PMM1368,10.1101/2025.11.24.690089_growth_state_pro99lown_nutrient_starvation_med4_rnaseq_axenic,RNASEQ,day 14,0.6797520563771339,0.0925546714105558,not_significant
background_N,Prochlorococcus MED4,PMM0702,10.1038/msb4100087_nitrogen_nitrogen_deprivation_med4_med4_microarray,MICROARRAY,12h,0.679509489,1.0,not_significant
background_N,Prochlorococcus MED4,PMM0563,10.1101/2025.11.24.690089_growth_state_pro99lown_nutrient_starvation_med4_proteomics_axenic,PROTEOMICS,day 31,0.679318745930993,0.297409760474708,not_significant
background_N,Prochlorococcus MED4,PMM1031,10.1038/msb4100087_nitrogen_nitrogen_deprivation_med4_med4_microarray,MICROARRAY,6h,0.677813972,1.0,not_significant
background_N,Prochlorococcus MED4,PMM1619,10.1038/msb4100087_nitrogen_nitrogen_deprivation_med4_med4_microarray,MICROARRAY,24h,-0.67422332,1.0,not_significant
background_N,Prochlorococcus MED4,PMM0675,10.1038/msb4100087_nitrogen_nitrogen_deprivation_med4_med4_microarray,MICROARRAY,3h,-0.672796761,1.0,not_significant
background_N,Prochlorococcus MED4,PMM1460,10.1038/msb4100087_nitrogen_nitrogen_deprivation_med4_med4_microarray,MICROARRAY,6h,-0.671434259,1.0,not_significant
background_N,Prochlorococcus MED4,PMM0175,10.1038/msb4100087_nitrogen_nitrogen_deprivation_med4_med4_microarray,MICROARRAY,12h,-0.671398735,1.0,not_significant
background_N,Prochlorococcus MED4,PMM0018,10.1038/msb4100087_nitrogen_nitrogen_deprivation_med4_med4_microarray,MICROARRAY,0h,-0.667268716,1.0,not_significant
background_N,Prochlorococcus MED4,PMM0489,10.1038/msb4100087_nitrogen_nitrogen_deprivation_med4_med4_microarray,MICROARRAY,24h,-0.666290703,1.0,not_significant
background_N,Prochlorococcus MED4,PMM0360,10.1038/msb4100087_nitrogen_nitrogen_deprivation_med4_med4_microarray,MICROARRAY,6h,0.666021417,1.0,not_significant
background_N,Prochlorococcus MED4,PMM1361,10.1038/msb4100087_nitrogen_nitrogen_deprivation_med4_med4_microarray,MICROARRAY,48h,0.665605722,1.0,not_significant
background_N,Prochlorococcus MED4,PMM0533,10.1038/msb4100087_nitrogen_nitrogen_deprivation_med4_med4_microarray,MICROARRAY,24h,-0.665578929,1.0,not_significant
background_N,Prochlorococcus MED4,PMM1216,10.1038/msb4100087_nitrogen_nitrogen_deprivation_med4_med4_microarray,MICROARRAY,12h,-0.665435512,1.0,not_significant
background_N,Prochlorococcus MED4,PMM0635,10.1038/msb4100087_nitrogen_nitrogen_deprivation_med4_med4_microarray,MICROARRAY,3h,0.663702312,1.0,not_significant
background_N,Prochlorococcus MED4,PMM1517,10.1038/msb4100087_nitrogen_nitrogen_deprivation_med4_med4_microarray,MICROARRAY,3h,0.661000128,1.0,not_significant
background_N,Prochlorococcus MED4,PMM0094,10.1101/2025.11.24.690089_growth_state_pro99lown_nutrient_starvation_med4_rnaseq_axenic,RNASEQ,day 14,-0.6607254883996062,0.0701956973580346,not_significant
background_N,Prochlorococcus MED4,PMM0313,10.1038/ismej.2017.88_nitrogen_stress_ndepleted_pro99_medium_med4_rnaseq,RNASEQ,12h,-0.66,0.64,not_significant
background_N,Prochlorococcus MED4,PMM1715,10.1038/msb4100087_nitrogen_nitrogen_deprivation_med4_med4_microarray,MICROARRAY,3h,-0.657397768,1.0,not_significant
background_N,Prochlorococcus MED4,PMM0574,10.1101/2025.11.24.690089_growth_state_pro99lown_nutrient_starvation_med4_proteomics_axenic,PROTEOMICS,day 31,0.656460444132487,0.144651386194396,not_significant
background_N,Prochlorococcus MED4,PMM0837,10.1038/msb4100087_nitrogen_nitrogen_deprivation_med4_med4_microarray,MICROARRAY,24h,-0.654010266,1.0,not_significant
background_N,Prochlorococcus MED4,PMM0203,10.1101/2025.11.24.690089_growth_state_pro99lown_nutrient_starvation_med4_proteomics_axenic,PROTEOMICS,day 14,-0.652259508768716,0.0416838452967613,not_significant
background_N,Prochlorococcus MED4,PMM1361,10.1038/msb4100087_nitrogen_nitrogen_deprivation_med4_med4_microarray,MICROARRAY,6h,0.650132788,1.0,not_significant
background_N,Prochlorococcus MED4,PMM1405,10.1038/ismej.2017.88_nitrogen_stress_ndepleted_pro99_medium_med4_rnaseq,RNASEQ,24h,0.65,0.66,not_significant
background_N,Prochlorococcus MED4,PMM0317,10.1101/2025.11.24.690089_growth_state_pro99lown_nutrient_starvation_med4_proteomics_axenic,PROTEOMICS,day 14,-0.648633639017738,0.610409549745909,not_significant
background_N,Prochlorococcus MED4,PMM1640,10.1101/2025.11.24.690089_growth_state_pro99lown_nutrient_starvation_med4_rnaseq_axenic,RNASEQ,day 14,0.6420818675871475,0.0918052464856701,not_significant
background_N,Prochlorococcus MED4,PMM0315,10.1038/ismej.2017.88_nitrogen_stress_ndepleted_pro99_medium_med4_rnaseq,RNASEQ,3h,-0.64,1.0,not_significant
background_N,Prochlorococcus MED4,PMM0574,10.1038/ismej.2017.88_nitrogen_stress_ndepleted_pro99_medium_med4_rnaseq,RNASEQ,24h,-0.64,0.48,not_significant
background_N,Prochlorococcus MED4,PMM1405,10.1038/msb4100087_nitrogen_nitrogen_deprivation_med4_med4_microarray,MICROARRAY,48h,0.638832673,1.0,not_significant
background_N,Prochlorococcus MED4,PMM0260,10.1038/msb4100087_nitrogen_nitrogen_deprivation_med4_med4_microarray,MICROARRAY,0h,-0.637391345,1.0,not_significant
background_N,Prochlorococcus MED4,PMM0837,10.1101/2025.11.24.690089_growth_state_pro99lown_nutrient_starvation_med4_proteomics_axenic,PROTEOMICS,day 89,-0.634740511576337,0.0882446148509271,not_significant
background_N,Prochlorococcus MED4,PMM0659,10.1038/msb4100087_nitrogen_nitrogen_deprivation_med4_med4_microarray,MICROARRAY,24h,-0.630577015,1.0,not_significant
background_N,Prochlorococcus MED4,PMM1368,10.1038/ismej.2017.88_nitrogen_stress_ndepleted_pro99_medium_med4_rnaseq,RNASEQ,3h,-0.63,0.95,not_significant
background_N,Prochlorococcus MED4,PMM0586,10.1038/msb4100087_nitrogen_nitrogen_deprivation_med4_med4_microarray,MICROARRAY,6h,0.628499131,1.0,not_significant
background_N,Prochlorococcus MED4,PMM0529,10.1038/msb4100087_nitrogen_nitrogen_deprivation_med4_med4_microarray,MICROARRAY,48h,-0.628242261,1.0,not_significant
background_N,Prochlorococcus MED4,PMM0129,10.1038/msb4100087_nitrogen_nitrogen_deprivation_med4_med4_microarray,MICROARRAY,24h,-0.62735116,1.0,not_significant
background_N,Prochlorococcus MED4,PMM1913,10.1101/2025.11.24.690089_growth_state_pro99lown_nutrient_starvation_med4_rnaseq_axenic,RNASEQ,day 14,-0.6265796800301889,0.0357112174405876,not_significant
background_N,Prochlorococcus MED4,PMM0489,10.1038/msb4100087_nitrogen_nitrogen_deprivation_med4_med4_microarray,MICROARRAY,12h,-0.624936085,1.0,not_significant
background_N,Prochlorococcus MED4,PMM1634,10.1101/2025.11.24.690089_growth_state_pro99lown_nutrient_starvation_med4_proteomics_axenic,PROTEOMICS,day 89,0.624845822652176,0.000955321013891,not_significant
background_N,Prochlorococcus MED4,PMM0853,10.1101/2025.11.24.690089_growth_state_pro99lown_nutrient_starvation_med4_rnaseq_axenic,RNASEQ,day 14,-0.622160369169203,0.1554596049545603,not_significant
background_N,Prochlorococcus MED4,PMM0441,10.1038/ismej.2017.88_nitrogen_stress_ndepleted_pro99_medium_med4_rnaseq,RNASEQ,3h,-0.62,1.0,not_significant
background_N,Prochlorococcus MED4,PMM1715,10.1038/msb4100087_nitrogen_nitrogen_deprivation_med4_med4_microarray,MICROARRAY,48h,-0.614218319,1.0,not_significant
background_N,Prochlorococcus MED4,PMM1216,10.1038/msb4100087_nitrogen_nitrogen_deprivation_med4_med4_microarray,MICROARRAY,3h,-0.613496758,1.0,not_significant
background_N,Prochlorococcus MED4,PMM1551,10.1038/msb4100087_nitrogen_nitrogen_deprivation_med4_med4_microarray,MICROARRAY,0h,0.613127627,1.0,not_significant
background_N,Prochlorococcus MED4,PMM0698,10.1038/msb4100087_nitrogen_nitrogen_deprivation_med4_med4_microarray,MICROARRAY,6h,0.611600961,1.0,not_significant
background_N,Prochlorococcus MED4,PMM0295,10.1038/msb4100087_nitrogen_nitrogen_deprivation_med4_med4_microarray,MICROARRAY,0h,-0.609193611,1.0,not_significant
background_N,Prochlorococcus MED4,PMM1534,10.1038/msb4100087_nitrogen_nitrogen_deprivation_med4_med4_microarray,MICROARRAY,48h,-0.608141423,1.0,not_significant
background_N,Prochlorococcus MED4,PMM1534,10.1101/2025.11.24.690089_growth_state_pro99lown_nutrient_starvation_med4_proteomics_axenic,PROTEOMICS,day 31,-0.602425893147786,0.168696770407529,not_significant
background_N,Prochlorococcus MED4,PMM0563,10.1038/msb4100087_nitrogen_nitrogen_deprivation_med4_med4_microarray,MICROARRAY,3h,-0.600609922,1.0,not_significant
background_N,Prochlorococcus MED4,PMM0239,10.1038/ismej.2017.88_nitrogen_stress_ndepleted_pro99_medium_med4_rnaseq,RNASEQ,3h,-0.6,0.83,not_significant
background_N,Prochlorococcus MED4,PMM0793,10.1101/2025.11.24.690089_growth_state_pro99lown_nutrient_starvation_med4_rnaseq_axenic,RNASEQ,day 14,-0.5994516082441821,0.0926588156037063,not_significant
background_N,Prochlorococcus MED4,PMM0119,10.1038/msb4100087_nitrogen_nitrogen_deprivation_med4_med4_microarray,MICROARRAY,12h,-0.599169787,1.0,not_significant
background_N,Prochlorococcus MED4,PMM1140,10.1038/msb4100087_nitrogen_nitrogen_deprivation_med4_med4_microarray,MICROARRAY,3h,-0.598649539,1.0,not_significant
background_N,Prochlorococcus MED4,PMM0203,10.1101/2025.11.24.690089_growth_state_pro99lown_nutrient_starvation_med4_proteomics_axenic,PROTEOMICS,day 31,0.596065521240238,0.023170019247163,not_significant
background_N,Prochlorococcus MED4,PMM0384,10.1101/2025.11.24.690089_growth_state_pro99lown_nutrient_starvation_med4_proteomics_axenic,PROTEOMICS,day 89,0.594228426615394,0.0178873042546967,not_significant
background_N,Prochlorococcus MED4,PMM0239,10.1038/msb4100087_nitrogen_nitrogen_deprivation_med4_med4_microarray,MICROARRAY,3h,-0.594044642,1.0,not_significant
background_N,Prochlorococcus MED4,PMM1368,10.1038/msb4100087_nitrogen_nitrogen_deprivation_med4_med4_microarray,MICROARRAY,12h,0.591265649,1.0,not_significant
background_N,Prochlorococcus MED4,PMM0313,10.1038/ismej.2017.88_nitrogen_stress_ndepleted_pro99_medium_med4_rnaseq,RNASEQ,24h,-0.59,0.55,not_significant
background_N,Prochlorococcus MED4,PMM0586,10.1101/2025.11.24.690089_growth_state_pro99lown_nutrient_starvation_med4_proteomics_axenic,PROTEOMICS,day 14,-0.589841524759923,0.340146638381866,not_significant
background_N,Prochlorococcus MED4,PMM0033,10.1038/msb4100087_nitrogen_nitrogen_deprivation_med4_med4_microarray,MICROARRAY,48h,0.588407964,1.0,not_significant
background_N,Prochlorococcus MED4,PMM0175,10.1038/msb4100087_nitrogen_nitrogen_deprivation_med4_med4_microarray,MICROARRAY,0h,-0.587721047,1.0,not_significant
background_N,Prochlorococcus MED4,PMM0702,10.1038/msb4100087_nitrogen_nitrogen_deprivation_med4_med4_microarray,MICROARRAY,48h,0.584837753,1.0,not_significant
background_N,Prochlorococcus MED4,PMM0878,10.1038/msb4100087_nitrogen_nitrogen_deprivation_med4_med4_microarray,MICROARRAY,12h,0.582632832,1.0,not_significant
background_N,Prochlorococcus MED4,PMM1534,10.1038/msb4100087_nitrogen_nitrogen_deprivation_med4_med4_microarray,MICROARRAY,3h,-0.57675555,1.0,not_significant
background_N,Prochlorococcus MED4,PMM1102,10.1038/msb4100087_nitrogen_nitrogen_deprivation_med4_med4_microarray,MICROARRAY,6h,-0.575139199,1.0,not_significant
background_N,Prochlorococcus MED4,PMM1694,10.1038/ismej.2017.88_nitrogen_stress_ndepleted_pro99_medium_med4_rnaseq,RNASEQ,3h,-0.57,0.84,not_significant
background_N,Prochlorococcus MED4,PMM1715,10.1101/2025.11.24.690089_growth_state_pro99lown_nutrient_starvation_med4_proteomics_axenic,PROTEOMICS,day 89,0.569102287292479,0.0837682488514467,not_significant
background_N,Prochlorococcus MED4,PMM0574,10.1101/2025.11.24.690089_growth_state_pro99lown_nutrient_starvation_med4_proteomics_axenic,PROTEOMICS,day 14,0.563860257466634,0.328413866248571,not_significant
background_N,Prochlorococcus MED4,PMM0089,10.1101/2025.11.24.690089_growth_state_pro99lown_nutrient_starvation_med4_proteomics_axenic,PROTEOMICS,day 14,-0.560723940531413,0.146056905284732,not_significant
background_N,Prochlorococcus MED4,PMM1460,10.1038/msb4100087_nitrogen_nitrogen_deprivation_med4_med4_microarray,MICROARRAY,48h,-0.559837324,1.0,not_significant
background_N,Prochlorococcus MED4,PMM1320,10.1101/2025.11.24.690089_growth_state_pro99lown_nutrient_starvation_med4_rnaseq_axenic,RNASEQ,day 14,-0.558372649753564,0.1701340905607276,not_significant
background_N,Prochlorococcus MED4,PMM0681,10.1101/2025.11.24.690089_growth_state_pro99lown_nutrient_starvation_med4_rnaseq_axenic,RNASEQ,day 14,0.5569361904090344,0.0474884916556425,not_significant
background_N,Prochlorococcus MED4,PMM0995,10.1038/msb4100087_nitrogen_nitrogen_deprivation_med4_med4_microarray,MICROARRAY,6h,-0.554012429,1.0,not_significant
background_N,Prochlorococcus MED4,PMM0793,10.1038/msb4100087_nitrogen_nitrogen_deprivation_med4_med4_microarray,MICROARRAY,3h,-0.553735889,1.0,not_significant
background_N,Prochlorococcus MED4,PMM1405,10.1038/msb4100087_nitrogen_nitrogen_deprivation_med4_med4_microarray,MICROARRAY,24h,-0.551046361,1.0,not_significant
background_N,Prochlorococcus MED4,PMM1509,10.1038/ismej.2017.88_nitrogen_stress_ndepleted_pro99_medium_med4_rnaseq,RNASEQ,12h,0.55,0.93,not_significant
background_N,Prochlorococcus MED4,PMM0995,10.1038/msb4100087_nitrogen_nitrogen_deprivation_med4_med4_microarray,MICROARRAY,3h,-0.549603432,1.0,not_significant
background_N,Prochlorococcus MED4,PMM0844,10.1038/msb4100087_nitrogen_nitrogen_deprivation_med4_med4_microarray,MICROARRAY,6h,-0.548711927,1.0,not_significant
background_N,Prochlorococcus MED4,PMM0489,10.1038/msb4100087_nitrogen_nitrogen_deprivation_med4_med4_microarray,MICROARRAY,3h,0.54835516,1.0,not_significant
background_N,Prochlorococcus MED4,PMM1694,10.1038/msb4100087_nitrogen_nitrogen_deprivation_med4_med4_microarray,MICROARRAY,48h,-0.548309107,1.0,not_significant
background_N,Prochlorococcus MED4,PMM0659,10.1038/msb4100087_nitrogen_nitrogen_deprivation_med4_med4_microarray,MICROARRAY,48h,-0.545906097,1.0,not_significant
background_N,Prochlorococcus MED4,PMM1257,10.1101/2025.11.24.690089_growth_state_pro99lown_nutrient_starvation_med4_proteomics_axenic,PROTEOMICS,day 31,0.545472462972003,0.0408168782148124,not_significant
background_N,Prochlorococcus MED4,PMM1509,10.1038/ismej.2017.88_nitrogen_stress_ndepleted_pro99_medium_med4_rnaseq,RNASEQ,3h,0.54,1.0,not_significant
background_N,Prochlorococcus MED4,PMM0129,10.1101/2025.11.24.690089_growth_state_pro99lown_nutrient_starvation_med4_proteomics_axenic,PROTEOMICS,day 31,-0.532576243082683,0.307476346921295,not_significant
background_N,Prochlorococcus MED4,PMM0586,10.1038/msb4100087_nitrogen_nitrogen_deprivation_med4_med4_microarray,MICROARRAY,12h,0.531072987,1.0,not_significant
background_N,Prochlorococcus MED4,PMM0441,10.1038/msb4100087_nitrogen_nitrogen_deprivation_med4_med4_microarray,MICROARRAY,6h,0.529282564,1.0,not_significant
background_N,Prochlorococcus MED4,PMM0313,10.1038/msb4100087_nitrogen_nitrogen_deprivation_med4_med4_microarray,MICROARRAY,12h,0.528883108,1.0,not_significant
background_N,Prochlorococcus MED4,PMM0119,10.1038/msb4100087_nitrogen_nitrogen_deprivation_med4_med4_microarray,MICROARRAY,6h,-0.527344959,1.0,not_significant
background_N,Prochlorococcus MED4,PMM1102,10.1038/msb4100087_nitrogen_nitrogen_deprivation_med4_med4_microarray,MICROARRAY,0h,-0.526778951,1.0,not_significant
background_N,Prochlorococcus MED4,PMM1082,10.1038/msb4100087_nitrogen_nitrogen_deprivation_med4_med4_microarray,MICROARRAY,3h,-0.525672271,1.0,not_significant
background_N,Prochlorococcus MED4,PMM0489,10.1101/2025.11.24.690089_growth_state_pro99lown_nutrient_starvation_med4_rnaseq_axenic,RNASEQ,day 14,0.5254014927638728,0.0071189380420478,not_significant
background_N,Prochlorococcus MED4,PMM0635,10.1038/msb4100087_nitrogen_nitrogen_deprivation_med4_med4_microarray,MICROARRAY,48h,0.523364708,1.0,not_significant
background_N,Prochlorococcus MED4,PMM1056,10.1038/msb4100087_nitrogen_nitrogen_deprivation_med4_med4_microarray,MICROARRAY,0h,-0.520999703,1.0,not_significant
background_N,Prochlorococcus MED4,PMM0175,10.1101/2025.11.24.690089_growth_state_pro99lown_nutrient_starvation_med4_proteomics_axenic,PROTEOMICS,day 89,0.519203503926595,0.080142393297825,not_significant
background_N,Prochlorococcus MED4,PMM1509,10.1038/msb4100087_nitrogen_nitrogen_deprivation_med4_med4_microarray,MICROARRAY,3h,-0.518161157,1.0,not_significant
background_N,Prochlorococcus MED4,PMM0844,10.1038/msb4100087_nitrogen_nitrogen_deprivation_med4_med4_microarray,MICROARRAY,0h,-0.516268796,1.0,not_significant
background_N,Prochlorococcus MED4,PMM0094,10.1038/msb4100087_nitrogen_nitrogen_deprivation_med4_med4_microarray,MICROARRAY,48h,-0.515665801,1.0,not_significant
background_N,Prochlorococcus MED4,PMM1345,10.1038/msb4100087_nitrogen_nitrogen_deprivation_med4_med4_microarray,MICROARRAY,48h,-0.514494033,1.0,not_significant
background_N,Prochlorococcus MED4,PMM0504,10.1038/msb4100087_nitrogen_nitrogen_deprivation_med4_med4_microarray,MICROARRAY,24h,-0.513594432,1.0,not_significant
background_N,Prochlorococcus MED4,PMM1619,10.1101/2025.11.24.690089_growth_state_pro99lown_nutrient_starvation_med4_proteomics_axenic,PROTEOMICS,day 89,-0.512461026509604,0.03967352795152,not_significant
background_N,Prochlorococcus MED4,PMM0574,10.1038/msb4100087_nitrogen_nitrogen_deprivation_med4_med4_microarray,MICROARRAY,12h,0.51228443,1.0,not_significant
background_N,Prochlorococcus MED4,PMM0089,10.1101/2025.11.24.690089_growth_state_pro99lown_nutrient_starvation_med4_proteomics_axenic,PROTEOMICS,day 31,-0.509742736816403,0.099856643476891,not_significant
background_N,Prochlorococcus MED4,PMM1320,10.1038/msb4100087_nitrogen_nitrogen_deprivation_med4_med4_microarray,MICROARRAY,24h,-0.506551635,1.0,not_significant
background_N,Prochlorococcus MED4,PMM0646,10.1101/2025.11.24.690089_growth_state_pro99lown_nutrient_starvation_med4_proteomics_axenic,PROTEOMICS,day 31,-0.504934310913088,0.31486710565853,not_significant
background_N,Prochlorococcus MED4,PMM1210,10.1038/msb4100087_nitrogen_nitrogen_deprivation_med4_med4_microarray,MICROARRAY,6h,-0.504832292,1.0,not_significant
background_N,Prochlorococcus MED4,PMM0033,10.1038/msb4100087_nitrogen_nitrogen_deprivation_med4_med4_microarray,MICROARRAY,24h,0.504450204,1.0,not_significant
background_N,Prochlorococcus MED4,PMM0990,10.1101/2025.11.24.690089_growth_state_pro99lown_nutrient_starvation_med4_proteomics_axenic,PROTEOMICS,day 89,0.501900672912596,0.205692145642808,not_significant
background_N,Prochlorococcus MED4,PMM1216,10.1101/2025.11.24.690089_growth_state_pro99lown_nutrient_starvation_med4_rnaseq_axenic,RNASEQ,day 14,0.5016064278375609,0.4726625324426328,not_significant
background_N,Prochlorococcus MED4,PMM1102,10.1038/msb4100087_nitrogen_nitrogen_deprivation_med4_med4_microarray,MICROARRAY,48h,-0.499685013,1.0,not_significant
background_N,Prochlorococcus MED4,PMM0529,10.1101/2025.11.24.690089_growth_state_pro99lown_nutrient_starvation_med4_proteomics_axenic,PROTEOMICS,day 31,0.499520619710286,0.122389789553671,not_significant
background_N,Prochlorococcus MED4,PMM0698,10.1038/msb4100087_nitrogen_nitrogen_deprivation_med4_med4_microarray,MICROARRAY,0h,-0.499418516,1.0,not_significant
background_N,Prochlorococcus MED4,PMM1405,10.1038/msb4100087_nitrogen_nitrogen_deprivation_med4_med4_microarray,MICROARRAY,6h,0.49667841,1.0,not_significant
background_N,Prochlorococcus MED4,PMM1509,10.1101/2025.11.24.690089_growth_state_pro99lown_nutrient_starvation_med4_proteomics_axenic,PROTEOMICS,day 14,-0.49327309926351,0.0578834009284135,not_significant
background_N,Prochlorococcus MED4,PMM0659,10.1038/msb4100087_nitrogen_nitrogen_deprivation_med4_med4_microarray,MICROARRAY,6h,0.490917621,1.0,not_significant
background_N,Prochlorococcus MED4,PMM0504,10.1038/msb4100087_nitrogen_nitrogen_deprivation_med4_med4_microarray,MICROARRAY,6h,-0.489344352,1.0,not_significant
background_N,Prochlorococcus MED4,PMM0659,10.1038/msb4100087_nitrogen_nitrogen_deprivation_med4_med4_microarray,MICROARRAY,0h,-0.489240342,1.0,not_significant
background_N,Prochlorococcus MED4,PMM1553,10.1101/2025.11.24.690089_growth_state_pro99lown_nutrient_starvation_med4_proteomics_axenic,PROTEOMICS,day 14,-0.488676389058433,0.382627727274361,not_significant
background_N,Prochlorococcus MED4,PMM0809,10.1038/msb4100087_nitrogen_nitrogen_deprivation_med4_med4_microarray,MICROARRAY,6h,-0.4863151,1.0,not_significant
background_N,Prochlorococcus MED4,PMM0239,10.1101/2025.11.24.690089_growth_state_pro99lown_nutrient_starvation_med4_proteomics_axenic,PROTEOMICS,day 31,0.483174641927082,0.76461847678342,not_significant
background_N,Prochlorococcus MED4,PMM0089,10.1101/2025.11.24.690089_growth_state_pro99lown_nutrient_starvation_med4_proteomics_axenic,PROTEOMICS,day 89,0.482913653055828,0.12338548145308,not_significant
background_N,Prochlorococcus MED4,PMM1183,10.1038/msb4100087_nitrogen_nitrogen_deprivation_med4_med4_microarray,MICROARRAY,48h,-0.482354461,1.0,not_significant
background_N,Prochlorococcus MED4,PMM0675,10.1101/2025.11.24.690089_growth_state_pro99lown_nutrient_starvation_med4_proteomics_axenic,PROTEOMICS,day 31,0.480346043904623,0.1176388319056,not_significant
background_N,Prochlorococcus MED4,PMM1563,10.1038/msb4100087_nitrogen_nitrogen_deprivation_med4_med4_microarray,MICROARRAY,48h,0.479459898,1.0,not_significant
background_N,Prochlorococcus MED4,PMM0990,10.1038/msb4100087_nitrogen_nitrogen_deprivation_med4_med4_microarray,MICROARRAY,24h,-0.474292789,1.0,not_significant
background_N,Prochlorococcus MED4,PMM1372,10.1101/2025.11.24.690089_growth_state_pro99lown_nutrient_starvation_med4_proteomics_axenic,PROTEOMICS,day 89,0.473295529683432,0.272473146524141,not_significant
background_N,Prochlorococcus MED4,PMM0458,10.1101/2025.11.24.690089_growth_state_pro99lown_nutrient_starvation_med4_proteomics_axenic,PROTEOMICS,day 14,0.473193804423017,0.287376484400473,not_significant
background_N,Prochlorococcus MED4,PMM1257,10.1038/msb4100087_nitrogen_nitrogen_deprivation_med4_med4_microarray,MICROARRAY,24h,-0.472275866,1.0,not_significant
background_N,Prochlorococcus MED4,PMM0175,10.1101/2025.11.24.690089_growth_state_pro99lown_nutrient_starvation_med4_rnaseq_axenic,RNASEQ,day 14,0.4715860661343428,0.1397586003442455,not_significant
background_N,Prochlorococcus MED4,PMM1405,10.1038/msb4100087_nitrogen_nitrogen_deprivation_med4_med4_microarray,MICROARRAY,3h,0.470812593,1.0,not_significant
background_N,Prochlorococcus MED4,PMM0129,10.1101/2025.11.24.690089_growth_state_pro99lown_nutrient_starvation_med4_proteomics_axenic,PROTEOMICS,day 14,-0.470587730407712,0.499365626220549,not_significant
background_N,Prochlorococcus MED4,PMM1082,10.1101/2025.11.24.690089_growth_state_pro99lown_nutrient_starvation_med4_proteomics_axenic,PROTEOMICS,day 14,0.467972755432132,0.541374904573504,not_significant
background_N,Prochlorococcus MED4,PMM1345,10.1038/msb4100087_nitrogen_nitrogen_deprivation_med4_med4_microarray,MICROARRAY,6h,-0.466298011,1.0,not_significant
background_N,Prochlorococcus MED4,PMM0129,10.1038/msb4100087_nitrogen_nitrogen_deprivation_med4_med4_microarray,MICROARRAY,48h,-0.461939549,1.0,not_significant
background_N,Prochlorococcus MED4,PMM1634,10.1038/msb4100087_nitrogen_nitrogen_deprivation_med4_med4_microarray,MICROARRAY,48h,-0.460169093,1.0,not_significant
background_N,Prochlorococcus MED4,PMM0631,10.1038/msb4100087_nitrogen_nitrogen_deprivation_med4_med4_microarray,MICROARRAY,3h,0.45844728,1.0,not_significant
background_N,Prochlorococcus MED4,PMM1322,10.1038/msb4100087_nitrogen_nitrogen_deprivation_med4_med4_microarray,MICROARRAY,12h,0.458173612,1.0,not_significant
background_N,Prochlorococcus MED4,PMM0441,10.1038/msb4100087_nitrogen_nitrogen_deprivation_med4_med4_microarray,MICROARRAY,48h,-0.456764623,1.0,not_significant
background_N,Prochlorococcus MED4,PMM0675,10.1038/msb4100087_nitrogen_nitrogen_deprivation_med4_med4_microarray,MICROARRAY,12h,-0.455311188,1.0,not_significant
background_N,Prochlorococcus MED4,PMM1102,10.1101/2025.11.24.690089_growth_state_pro99lown_nutrient_starvation_med4_rnaseq_axenic,RNASEQ,day 14,-0.4533728132202189,0.2757038401125412,not_significant
background_N,Prochlorococcus MED4,PMM0239,10.1101/2025.11.24.690089_growth_state_pro99lown_nutrient_starvation_med4_proteomics_axenic,PROTEOMICS,day 14,-0.452885627746587,0.848894046690609,not_significant
background_N,Prochlorococcus MED4,PMM1056,10.1038/msb4100087_nitrogen_nitrogen_deprivation_med4_med4_microarray,MICROARRAY,6h,0.451897928,1.0,not_significant
background_N,Prochlorococcus MED4,PMM0681,10.1101/2025.11.24.690089_growth_state_pro99lown_nutrient_starvation_med4_proteomics_axenic,PROTEOMICS,day 14,0.451220512390137,0.253411465502693,not_significant
background_N,Prochlorococcus MED4,PMM0089,10.1038/msb4100087_nitrogen_nitrogen_deprivation_med4_med4_microarray,MICROARRAY,3h,-0.450004627,1.0,not_significant
background_N,Prochlorococcus MED4,PMM0659,10.1038/ismej.2017.88_nitrogen_stress_ndepleted_pro99_medium_med4_rnaseq,RNASEQ,3h,-0.45,1.0,not_significant
background_N,Prochlorococcus MED4,PMM0574,10.1038/msb4100087_nitrogen_nitrogen_deprivation_med4_med4_microarray,MICROARRAY,0h,-0.448170552,1.0,not_significant
background_N,Prochlorococcus MED4,PMM0119,10.1038/msb4100087_nitrogen_nitrogen_deprivation_med4_med4_microarray,MICROARRAY,3h,-0.447571294,1.0,not_significant
background_N,Prochlorococcus MED4,PMM1243,10.1101/2025.11.24.690089_growth_state_pro99lown_nutrient_starvation_med4_rnaseq_axenic,RNASEQ,day 14,0.4469653138037197,0.2583027964128095,not_significant
background_N,Prochlorococcus MED4,PMM1612,10.1101/2025.11.24.690089_growth_state_pro99lown_nutrient_starvation_med4_rnaseq_axenic,RNASEQ,day 14,0.4454733604690625,0.4726625324426328,not_significant
background_N,Prochlorococcus MED4,PMM0702,10.1038/msb4100087_nitrogen_nitrogen_deprivation_med4_med4_microarray,MICROARRAY,6h,-0.44410091,1.0,not_significant
background_N,Prochlorococcus MED4,PMM1322,10.1101/2025.11.24.690089_growth_state_pro99lown_nutrient_starvation_med4_proteomics_axenic,PROTEOMICS,day 89,0.444085121154785,0.103764320102756,not_significant
background_N,Prochlorococcus MED4,PMM0014,10.1101/2025.11.24.690089_growth_state_pro99lown_nutrient_starvation_med4_proteomics_axenic,PROTEOMICS,day 14,-0.4431289037068669,0.454606670716485,not_significant
background_N,Prochlorococcus MED4,PMM0063,10.1101/2025.11.24.690089_growth_state_pro99lown_nutrient_starvation_med4_proteomics_axenic,PROTEOMICS,day 89,0.439890225728353,0.119941202440938,not_significant
background_N,Prochlorococcus MED4,PMM0317,10.1038/msb4100087_nitrogen_nitrogen_deprivation_med4_med4_microarray,MICROARRAY,0h,-0.438872752,1.0,not_significant
background_N,Prochlorococcus MED4,PMM1517,10.1101/2025.11.24.690089_growth_state_pro99lown_nutrient_starvation_med4_proteomics_axenic,PROTEOMICS,day 89,-0.438715934753417,0.193318254169618,not_significant
background_N,Prochlorococcus MED4,PMM1692,10.1101/2025.11.24.690089_growth_state_pro99lown_nutrient_starvation_med4_proteomics_axenic,PROTEOMICS,day 89,0.43834590911865,0.132049230902307,not_significant
background_N,Prochlorococcus MED4,PMM0489,10.1101/2025.11.24.690089_growth_state_pro99lown_nutrient_starvation_med4_proteomics_axenic,PROTEOMICS,day 14,0.43021297454834,0.530867148491846,not_significant
background_N,Prochlorococcus MED4,PMM0307,10.1038/msb4100087_nitrogen_nitrogen_deprivation_med4_med4_microarray,MICROARRAY,3h,-0.427388016,1.0,not_significant
background_N,Prochlorococcus MED4,PMM0384,10.1101/2025.11.24.690089_growth_state_pro99lown_nutrient_starvation_med4_proteomics_axenic,PROTEOMICS,day 14,0.426386197408041,0.139541557329309,not_significant
background_N,Prochlorococcus MED4,PMM0574,10.1101/2025.11.24.690089_growth_state_pro99lown_nutrient_starvation_med4_proteomics_axenic,PROTEOMICS,day 89,0.425545692443847,0.358848745405388,not_significant
background_N,Prochlorococcus MED4,PMM1640,10.1038/msb4100087_nitrogen_nitrogen_deprivation_med4_med4_microarray,MICROARRAY,0h,-0.424043923,1.0,not_significant
background_N,Prochlorococcus MED4,PMM1345,10.1038/msb4100087_nitrogen_nitrogen_deprivation_med4_med4_microarray,MICROARRAY,0h,-0.423454002,1.0,not_significant
background_N,Prochlorococcus MED4,PMM1102,10.1101/2025.11.24.690089_growth_state_pro99lown_nutrient_starvation_med4_proteomics_axenic,PROTEOMICS,day 89,0.422153155008951,0.297949744954372,not_significant
background_N,Prochlorococcus MED4,PMM0533,10.1038/msb4100087_nitrogen_nitrogen_deprivation_med4_med4_microarray,MICROARRAY,6h,-0.421934844,1.0,not_significant
background_N,Prochlorococcus MED4,PMM0014,10.1038/msb4100087_nitrogen_nitrogen_deprivation_med4_med4_microarray,MICROARRAY,12h,-0.421120598,1.0,not_significant
background_N,Prochlorococcus MED4,PMM1715,10.1101/2025.11.24.690089_growth_state_pro99lown_nutrient_starvation_med4_proteomics_axenic,PROTEOMICS,day 31,0.421026865641274,0.18489516684892,not_significant
background_N,Prochlorococcus MED4,PMM1452,10.1101/2025.11.24.690089_growth_state_pro99lown_nutrient_starvation_med4_proteomics_axenic,PROTEOMICS,day 14,-0.42042509714762,0.15089917335605,not_significant
background_N,Prochlorococcus MED4,PMM0574,10.1038/msb4100087_nitrogen_nitrogen_deprivation_med4_med4_microarray,MICROARRAY,24h,-0.420096541,1.0,not_significant
background_N,Prochlorococcus MED4,PMM0943,10.1038/msb4100087_nitrogen_nitrogen_deprivation_med4_med4_microarray,MICROARRAY,12h,-0.41705772,1.0,not_significant
background_N,Prochlorococcus MED4,PMM0943,10.1038/msb4100087_nitrogen_nitrogen_deprivation_med4_med4_microarray,MICROARRAY,3h,-0.416790057,1.0,not_significant
background_N,Prochlorococcus MED4,PMM0812,10.1038/msb4100087_nitrogen_nitrogen_deprivation_med4_med4_microarray,MICROARRAY,3h,-0.416748487,1.0,not_significant
background_N,Prochlorococcus MED4,PMM1056,10.1038/msb4100087_nitrogen_nitrogen_deprivation_med4_med4_microarray,MICROARRAY,3h,-0.415966684,1.0,not_significant
background_N,Prochlorococcus MED4,PMM0317,10.1038/msb4100087_nitrogen_nitrogen_deprivation_med4_med4_microarray,MICROARRAY,12h,-0.414857462,1.0,not_significant
background_N,Prochlorococcus MED4,PMM1056,10.1101/2025.11.24.690089_growth_state_pro99lown_nutrient_starvation_med4_proteomics_axenic,PROTEOMICS,day 31,-0.414338429768884,0.277345530538492,not_significant
background_N,Prochlorococcus MED4,PMM0129,10.1038/msb4100087_nitrogen_nitrogen_deprivation_med4_med4_microarray,MICROARRAY,3h,-0.414296644,1.0,not_significant
background_N,Prochlorococcus MED4,PMM1140,10.1101/2025.11.24.690089_growth_state_pro99lown_nutrient_starvation_med4_proteomics_axenic,PROTEOMICS,day 31,-0.413611094156899,0.110363447832807,not_significant
background_N,Prochlorococcus MED4,PMM0990,10.1038/msb4100087_nitrogen_nitrogen_deprivation_med4_med4_microarray,MICROARRAY,6h,0.413584691,1.0,not_significant
background_N,Prochlorococcus MED4,PMM1203,10.1101/2025.11.24.690089_growth_state_pro99lown_nutrient_starvation_med4_proteomics_axenic,PROTEOMICS,day 31,0.413577397664388,0.040099286060842,not_significant
background_N,Prochlorococcus MED4,PMM0260,10.1038/msb4100087_nitrogen_nitrogen_deprivation_med4_med4_microarray,MICROARRAY,6h,-0.41039678,1.0,not_significant
background_N,Prochlorococcus MED4,PMM0837,10.1038/msb4100087_nitrogen_nitrogen_deprivation_med4_med4_microarray,MICROARRAY,0h,-0.409447318,1.0,not_significant
background_N,Prochlorococcus MED4,PMM0441,10.1038/msb4100087_nitrogen_nitrogen_deprivation_med4_med4_microarray,MICROARRAY,0h,-0.408777117,1.0,not_significant
background_N,Prochlorococcus MED4,PMM0175,10.1038/msb4100087_nitrogen_nitrogen_deprivation_med4_med4_microarray,MICROARRAY,48h,0.408190141,1.0,not_significant
background_N,Prochlorococcus MED4,PMM0812,10.1038/msb4100087_nitrogen_nitrogen_deprivation_med4_med4_microarray,MICROARRAY,6h,-0.407807552,1.0,not_significant
background_N,Prochlorococcus MED4,PMM1203,10.1038/msb4100087_nitrogen_nitrogen_deprivation_med4_med4_microarray,MICROARRAY,0h,-0.403634697,1.0,not_significant
background_N,Prochlorococcus MED4,PMM0563,10.1101/2025.11.24.690089_growth_state_pro99lown_nutrient_starvation_med4_rnaseq_axenic,RNASEQ,day 14,-0.4034138247465273,0.4896110824768581,not_significant
background_N,Prochlorococcus MED4,PMM1243,10.1038/msb4100087_nitrogen_nitrogen_deprivation_med4_med4_microarray,MICROARRAY,0h,-0.398733074,1.0,not_significant
background_N,Prochlorococcus MED4,PMM0809,10.1038/msb4100087_nitrogen_nitrogen_deprivation_med4_med4_microarray,MICROARRAY,0h,-0.396805402,1.0,not_significant
background_N,Prochlorococcus MED4,PMM0646,10.1038/msb4100087_nitrogen_nitrogen_deprivation_med4_med4_microarray,MICROARRAY,24h,0.39660241,1.0,not_significant
background_N,Prochlorococcus MED4,PMM0239,10.1038/msb4100087_nitrogen_nitrogen_deprivation_med4_med4_microarray,MICROARRAY,24h,-0.396434583,1.0,not_significant
background_N,Prochlorococcus MED4,PMM0175,10.1038/msb4100087_nitrogen_nitrogen_deprivation_med4_med4_microarray,MICROARRAY,6h,-0.396013449,1.0,not_significant
background_N,Prochlorococcus MED4,PMM1082,10.1038/msb4100087_nitrogen_nitrogen_deprivation_med4_med4_microarray,MICROARRAY,12h,-0.395343187,1.0,not_significant
background_N,Prochlorococcus MED4,PMM1210,10.1038/msb4100087_nitrogen_nitrogen_deprivation_med4_med4_microarray,MICROARRAY,24h,-0.395265224,1.0,not_significant
background_N,Prochlorococcus MED4,PMM1563,10.1038/msb4100087_nitrogen_nitrogen_deprivation_med4_med4_microarray,MICROARRAY,6h,0.393386875,1.0,not_significant
background_N,Prochlorococcus MED4,PMM1551,10.1101/2025.11.24.690089_growth_state_pro99lown_nutrient_starvation_med4_proteomics_axenic,PROTEOMICS,day 14,-0.391873995463051,0.246070553112563,not_significant
background_N,Prochlorococcus MED4,PMM0659,10.1038/ismej.2017.88_nitrogen_stress_ndepleted_pro99_medium_med4_rnaseq,RNASEQ,24h,0.39,1.0,not_significant
background_N,Prochlorococcus MED4,PMM0853,10.1038/ismej.2017.88_nitrogen_stress_ndepleted_pro99_medium_med4_rnaseq,RNASEQ,12h,-0.39,0.56,not_significant
background_N,Prochlorococcus MED4,PMM1634,10.1101/2025.11.24.690089_growth_state_pro99lown_nutrient_starvation_med4_rnaseq_axenic,RNASEQ,day 14,-0.389937578798003,0.1613551856142503,not_significant
background_N,Prochlorococcus MED4,PMM1517,10.1101/2025.11.24.690089_growth_state_pro99lown_nutrient_starvation_med4_proteomics_axenic,PROTEOMICS,day 31,0.389493306477864,0.234634909509007,not_significant
background_N,Prochlorococcus MED4,PMM1634,10.1038/msb4100087_nitrogen_nitrogen_deprivation_med4_med4_microarray,MICROARRAY,3h,-0.389163907,1.0,not_significant
background_N,Prochlorococcus MED4,PMM0563,10.1038/msb4100087_nitrogen_nitrogen_deprivation_med4_med4_microarray,MICROARRAY,12h,-0.386606088,1.0,not_significant
background_N,Prochlorococcus MED4,PMM1203,10.1038/msb4100087_nitrogen_nitrogen_deprivation_med4_med4_microarray,MICROARRAY,3h,-0.386444607,1.0,not_significant
background_N,Prochlorococcus MED4,PMM1140,10.1038/msb4100087_nitrogen_nitrogen_deprivation_med4_med4_microarray,MICROARRAY,24h,-0.380200459,1.0,not_significant
background_N,Prochlorococcus MED4,PMM0529,10.1101/2025.11.24.690089_growth_state_pro99lown_nutrient_starvation_med4_rnaseq_axenic,RNASEQ,day 14,-0.3785204433394912,0.1964932445737531,not_significant
background_N,Prochlorococcus MED4,PMM0175,10.1101/2025.11.24.690089_growth_state_pro99lown_nutrient_starvation_med4_proteomics_axenic,PROTEOMICS,day 14,0.377536455790202,0.307225282267919,not_significant
background_N,Prochlorococcus MED4,PMM0635,10.1038/msb4100087_nitrogen_nitrogen_deprivation_med4_med4_microarray,MICROARRAY,24h,0.376458563,1.0,not_significant
background_N,Prochlorococcus MED4,PMM0996,10.1101/2025.11.24.690089_growth_state_pro99lown_nutrient_starvation_med4_proteomics_axenic,PROTEOMICS,day 89,0.37585163116455,0.511234773771496,not_significant
background_N,Prochlorococcus MED4,PMM0129,10.1101/2025.11.24.690089_growth_state_pro99lown_nutrient_starvation_med4_rnaseq_axenic,RNASEQ,day 14,-0.3750599322281371,0.3975877649653026,not_significant
background_N,Prochlorococcus MED4,PMM1405,10.1038/msb4100087_nitrogen_nitrogen_deprivation_med4_med4_microarray,MICROARRAY,0h,0.374900368,1.0,not_significant
background_N,Prochlorococcus MED4,PMM1694,10.1038/msb4100087_nitrogen_nitrogen_deprivation_med4_med4_microarray,MICROARRAY,0h,-0.374130103,1.0,not_significant
background_N,Prochlorococcus MED4,PMM1694,10.1038/msb4100087_nitrogen_nitrogen_deprivation_med4_med4_microarray,MICROARRAY,24h,-0.373662792,1.0,not_significant
background_N,Prochlorococcus MED4,PMM0631,10.1101/2025.11.24.690089_growth_state_pro99lown_nutrient_starvation_med4_rnaseq_axenic,RNASEQ,day 14,0.3726733671983862,0.063012853857293,not_significant
background_N,Prochlorococcus MED4,PMM1082,10.1101/2025.11.24.690089_growth_state_pro99lown_nutrient_starvation_med4_rnaseq_axenic,RNASEQ,day 14,-0.3712253451215623,0.3967205227665621,not_significant
background_N,Prochlorococcus MED4,PMM1368,10.1038/msb4100087_nitrogen_nitrogen_deprivation_med4_med4_microarray,MICROARRAY,0h,-0.369474167,1.0,not_significant
background_N,Prochlorococcus MED4,PMM1517,10.1101/2025.11.24.690089_growth_state_pro99lown_nutrient_starvation_med4_proteomics_axenic,PROTEOMICS,day 14,0.367815335591632,0.382330924284948,not_significant
background_N,Prochlorococcus MED4,PMM0295,10.1101/2025.11.24.690089_growth_state_pro99lown_nutrient_starvation_med4_proteomics_axenic,PROTEOMICS,day 14,-0.364780108133952,0.563828588577577,not_significant
background_N,Prochlorococcus MED4,PMM1519,10.1038/msb4100087_nitrogen_nitrogen_deprivation_med4_med4_microarray,MICROARRAY,3h,-0.364552501,1.0,not_significant
background_N,Prochlorococcus MED4,PMM0574,10.1038/msb4100087_nitrogen_nitrogen_deprivation_med4_med4_microarray,MICROARRAY,3h,-0.363371705,1.0,not_significant
background_N,Prochlorococcus MED4,PMM1183,10.1038/msb4100087_nitrogen_nitrogen_deprivation_med4_med4_microarray,MICROARRAY,0h,-0.363304284,1.0,not_significant
background_N,Prochlorococcus MED4,PMM0384,10.1038/msb4100087_nitrogen_nitrogen_deprivation_med4_med4_microarray,MICROARRAY,48h,-0.361540073,1.0,not_significant
background_N,Prochlorococcus MED4,PMM0055,10.1038/ismej.2017.88_nitrogen_stress_ndepleted_pro99_medium_med4_rnaseq,RNASEQ,24h,0.36,1.0,not_significant
background_N,Prochlorococcus MED4,PMM1031,10.1101/2025.11.24.690089_growth_state_pro99lown_nutrient_starvation_med4_proteomics_axenic,PROTEOMICS,day 89,-0.358144442240397,0.259506677247244,not_significant
background_N,Prochlorococcus MED4,PMM0684,10.1038/msb4100087_nitrogen_nitrogen_deprivation_med4_med4_microarray,MICROARRAY,0h,-0.354786955,1.0,not_significant
background_N,Prochlorococcus MED4,PMM1509,10.1038/msb4100087_nitrogen_nitrogen_deprivation_med4_med4_microarray,MICROARRAY,48h,-0.353689177,1.0,not_significant
background_N,Prochlorococcus MED4,PMM1553,10.1038/msb4100087_nitrogen_nitrogen_deprivation_med4_med4_microarray,MICROARRAY,0h,0.352798639,1.0,not_significant
background_N,Prochlorococcus MED4,PMM0313,10.1038/msb4100087_nitrogen_nitrogen_deprivation_med4_med4_microarray,MICROARRAY,6h,0.352134956,1.0,not_significant
background_N,Prochlorococcus MED4,PMM1452,10.1101/2025.11.24.690089_growth_state_pro99lown_nutrient_starvation_med4_proteomics_axenic,PROTEOMICS,day 31,-0.351791381835936,0.131725473402965,not_significant
background_N,Prochlorococcus MED4,PMM0732,10.1038/ismej.2017.88_nitrogen_stress_ndepleted_pro99_medium_med4_rnaseq,RNASEQ,24h,-0.35,0.53,not_significant
background_N,Prochlorococcus MED4,PMM1372,10.1038/ismej.2017.88_nitrogen_stress_ndepleted_pro99_medium_med4_rnaseq,RNASEQ,24h,-0.35,0.4,not_significant
background_N,Prochlorococcus MED4,PMM0586,10.1038/msb4100087_nitrogen_nitrogen_deprivation_med4_med4_microarray,MICROARRAY,0h,0.348052438,1.0,not_significant
background_N,Prochlorococcus MED4,PMM1257,10.1038/msb4100087_nitrogen_nitrogen_deprivation_med4_med4_microarray,MICROARRAY,12h,-0.347402209,1.0,not_significant
background_N,Prochlorococcus MED4,PMM1563,10.1101/2025.11.24.690089_growth_state_pro99lown_nutrient_starvation_med4_rnaseq_axenic,RNASEQ,day 14,0.3473644499679541,0.4232018116572478,not_significant
background_N,Prochlorococcus MED4,PMM0627,10.1038/msb4100087_nitrogen_nitrogen_deprivation_med4_med4_microarray,MICROARRAY,12h,-0.346929233,1.0,not_significant
background_N,Prochlorococcus MED4,PMM0533,10.1101/2025.11.24.690089_growth_state_pro99lown_nutrient_starvation_med4_proteomics_axenic,PROTEOMICS,day 14,-0.346137046813963,0.121786708297856,not_significant
background_N,Prochlorococcus MED4,PMM1517,10.1038/msb4100087_nitrogen_nitrogen_deprivation_med4_med4_microarray,MICROARRAY,12h,0.345789643,1.0,not_significant
background_N,Prochlorococcus MED4,PMM1013,10.1038/msb4100087_nitrogen_nitrogen_deprivation_med4_med4_microarray,MICROARRAY,0h,-0.345694339,1.0,not_significant
background_N,Prochlorococcus MED4,PMM0089,10.1038/msb4100087_nitrogen_nitrogen_deprivation_med4_med4_microarray,MICROARRAY,0h,-0.345333973,1.0,not_significant
background_N,Prochlorococcus MED4,PMM0732,10.1038/msb4100087_nitrogen_nitrogen_deprivation_med4_med4_microarray,MICROARRAY,3h,0.344479711,1.0,not_significant
background_N,Prochlorococcus MED4,PMM1322,10.1038/msb4100087_nitrogen_nitrogen_deprivation_med4_med4_microarray,MICROARRAY,0h,-0.344180539,1.0,not_significant
background_N,Prochlorococcus MED4,PMM0698,10.1038/msb4100087_nitrogen_nitrogen_deprivation_med4_med4_microarray,MICROARRAY,3h,0.342395925,1.0,not_significant
background_N,Prochlorococcus MED4,PMM1216,10.1038/msb4100087_nitrogen_nitrogen_deprivation_med4_med4_microarray,MICROARRAY,0h,-0.341254713,1.0,not_significant
background_N,Prochlorococcus MED4,PMM0446,10.1038/msb4100087_nitrogen_nitrogen_deprivation_med4_med4_microarray,MICROARRAY,3h,0.33532479,1.0,not_significant
background_N,Prochlorococcus MED4,PMM0055,10.1038/msb4100087_nitrogen_nitrogen_deprivation_med4_med4_microarray,MICROARRAY,3h,0.334514654,1.0,not_significant
background_N,Prochlorococcus MED4,PMM0732,10.1101/2025.11.24.690089_growth_state_pro99lown_nutrient_starvation_med4_proteomics_axenic,PROTEOMICS,day 14,0.333548545837404,0.307803021217806,not_significant
background_N,Prochlorococcus MED4,PMM0094,10.1038/msb4100087_nitrogen_nitrogen_deprivation_med4_med4_microarray,MICROARRAY,6h,-0.332515856,1.0,not_significant
background_N,Prochlorococcus MED4,PMM0943,10.1038/msb4100087_nitrogen_nitrogen_deprivation_med4_med4_microarray,MICROARRAY,24h,-0.332250069,1.0,not_significant
background_N,Prochlorococcus MED4,PMM0533,10.1038/msb4100087_nitrogen_nitrogen_deprivation_med4_med4_microarray,MICROARRAY,0h,-0.331904553,1.0,not_significant
background_N,Prochlorococcus MED4,PMM0533,10.1038/msb4100087_nitrogen_nitrogen_deprivation_med4_med4_microarray,MICROARRAY,3h,-0.330438304,1.0,not_significant
background_N,Prochlorococcus MED4,PMM0260,10.1038/msb4100087_nitrogen_nitrogen_deprivation_med4_med4_microarray,MICROARRAY,12h,-0.329338658,1.0,not_significant
background_N,Prochlorococcus MED4,PMM1640,10.1038/msb4100087_nitrogen_nitrogen_deprivation_med4_med4_microarray,MICROARRAY,12h,0.328371902,1.0,not_significant
background_N,Prochlorococcus MED4,PMM1257,10.1038/msb4100087_nitrogen_nitrogen_deprivation_med4_med4_microarray,MICROARRAY,0h,-0.326597739,1.0,not_significant
background_N,Prochlorococcus MED4,PMM1243,10.1101/2025.11.24.690089_growth_state_pro99lown_nutrient_starvation_med4_proteomics_axenic,PROTEOMICS,day 14,-0.325025240580243,0.299034307262285,not_significant
background_N,Prochlorococcus MED4,PMM0089,10.1038/msb4100087_nitrogen_nitrogen_deprivation_med4_med4_microarray,MICROARRAY,12h,-0.32392936,1.0,not_significant
background_N,Prochlorococcus MED4,PMM0631,10.1038/msb4100087_nitrogen_nitrogen_deprivation_med4_med4_microarray,MICROARRAY,12h,0.323355323,1.0,not_significant
background_N,Prochlorococcus MED4,PMM0943,10.1101/2025.11.24.690089_growth_state_pro99lown_nutrient_starvation_med4_proteomics_axenic,PROTEOMICS,day 89,0.320205370585126,0.436513118856213,not_significant
background_N,Prochlorococcus MED4,PMM1553,10.1038/ismej.2017.88_nitrogen_stress_ndepleted_pro99_medium_med4_rnaseq,RNASEQ,3h,-0.32,1.0,not_significant
background_N,Prochlorococcus MED4,PMM0315,10.1038/msb4100087_nitrogen_nitrogen_deprivation_med4_med4_microarray,MICROARRAY,0h,0.319960212,1.0,not_significant
background_N,Prochlorococcus MED4,PMM1692,10.1038/msb4100087_nitrogen_nitrogen_deprivation_med4_med4_microarray,MICROARRAY,3h,-0.317812386,1.0,not_significant
background_N,Prochlorococcus MED4,PMM0384,10.1038/msb4100087_nitrogen_nitrogen_deprivation_med4_med4_microarray,MICROARRAY,24h,0.317185627,1.0,not_significant
background_N,Prochlorococcus MED4,PMM1322,10.1038/msb4100087_nitrogen_nitrogen_deprivation_med4_med4_microarray,MICROARRAY,24h,0.317151555,1.0,not_significant
background_N,Prochlorococcus MED4,PMM1345,10.1038/msb4100087_nitrogen_nitrogen_deprivation_med4_med4_microarray,MICROARRAY,3h,-0.316640168,1.0,not_significant
background_N,Prochlorococcus MED4,PMM1372,10.1038/msb4100087_nitrogen_nitrogen_deprivation_med4_med4_microarray,MICROARRAY,0h,0.315939568,1.0,not_significant
background_N,Prochlorococcus MED4,PMM2019,10.1101/2025.11.24.690089_growth_state_pro99lown_nutrient_starvation_med4_proteomics_axenic,PROTEOMICS,day 89,-0.315676689147951,0.625340942645711,not_significant
background_N,Prochlorococcus MED4,PMM1372,10.1038/msb4100087_nitrogen_nitrogen_deprivation_med4_med4_microarray,MICROARRAY,12h,0.314102109,1.0,not_significant
background_N,Prochlorococcus MED4,PMM0260,10.1101/2025.11.24.690089_growth_state_pro99lown_nutrient_starvation_med4_rnaseq_axenic,RNASEQ,day 14,0.312636297516926,0.4552761952225071,not_significant
background_N,Prochlorococcus MED4,PMM1361,10.1038/msb4100087_nitrogen_nitrogen_deprivation_med4_med4_microarray,MICROARRAY,24h,0.311611668,1.0,not_significant
background_N,Prochlorococcus MED4,PMM0646,10.1038/msb4100087_nitrogen_nitrogen_deprivation_med4_med4_microarray,MICROARRAY,12h,0.310610521,1.0,not_significant
background_N,Prochlorococcus MED4,PMM1031,10.1038/msb4100087_nitrogen_nitrogen_deprivation_med4_med4_microarray,MICROARRAY,12h,0.310013066,1.0,not_significant
background_N,Prochlorococcus MED4,PMM0313,10.1038/msb4100087_nitrogen_nitrogen_deprivation_med4_med4_microarray,MICROARRAY,0h,0.309620819,1.0,not_significant
background_N,Prochlorococcus MED4,PMM1368,10.1038/msb4100087_nitrogen_nitrogen_deprivation_med4_med4_microarray,MICROARRAY,6h,0.308177441,1.0,not_significant
background_N,Prochlorococcus MED4,PMM1216,10.1038/msb4100087_nitrogen_nitrogen_deprivation_med4_med4_microarray,MICROARRAY,48h,-0.306348955,1.0,not_significant
background_N,Prochlorococcus MED4,PMM0809,10.1038/msb4100087_nitrogen_nitrogen_deprivation_med4_med4_microarray,MICROARRAY,12h,0.306201518,1.0,not_significant
background_N,Prochlorococcus MED4,PMM0441,10.1101/2025.11.24.690089_growth_state_pro99lown_nutrient_starvation_med4_rnaseq_axenic,RNASEQ,day 14,-0.3037069751361256,0.2751564707705333,not_significant
background_N,Prochlorococcus MED4,PMM1405,10.1038/msb4100087_nitrogen_nitrogen_deprivation_med4_med4_microarray,MICROARRAY,12h,-0.303264865,1.0,not_significant
background_N,Prochlorococcus MED4,PMM0943,10.1101/2025.11.24.690089_growth_state_pro99lown_nutrient_starvation_med4_proteomics_axenic,PROTEOMICS,day 31,0.302305221557619,0.450644317913294,not_significant
background_N,Prochlorococcus MED4,PMM1619,10.1038/msb4100087_nitrogen_nitrogen_deprivation_med4_med4_microarray,MICROARRAY,0h,-0.301900255,1.0,not_significant
background_N,Prochlorococcus MED4,PMM0631,10.1038/msb4100087_nitrogen_nitrogen_deprivation_med4_med4_microarray,MICROARRAY,48h,-0.300518667,1.0,not_significant
background_N,Prochlorococcus MED4,PMM1634,10.1038/msb4100087_nitrogen_nitrogen_deprivation_med4_med4_microarray,MICROARRAY,6h,-0.298370372,1.0,not_significant
background_N,Prochlorococcus MED4,PMM0260,10.1038/msb4100087_nitrogen_nitrogen_deprivation_med4_med4_microarray,MICROARRAY,3h,-0.297641979,1.0,not_significant
background_N,Prochlorococcus MED4,PMM0533,10.1038/msb4100087_nitrogen_nitrogen_deprivation_med4_med4_microarray,MICROARRAY,12h,-0.297421479,1.0,not_significant
background_N,Prochlorococcus MED4,PMM0089,10.1038/msb4100087_nitrogen_nitrogen_deprivation_med4_med4_microarray,MICROARRAY,48h,-0.296546518,1.0,not_significant
background_N,Prochlorococcus MED4,PMM0563,10.1038/msb4100087_nitrogen_nitrogen_deprivation_med4_med4_microarray,MICROARRAY,0h,0.295687281,1.0,not_significant
background_N,Prochlorococcus MED4,PMM0878,10.1038/msb4100087_nitrogen_nitrogen_deprivation_med4_med4_microarray,MICROARRAY,24h,0.295570548,1.0,not_significant
background_N,Prochlorococcus MED4,PMM0631,10.1038/msb4100087_nitrogen_nitrogen_deprivation_med4_med4_microarray,MICROARRAY,6h,0.295157107,1.0,not_significant
background_N,Prochlorococcus MED4,PMM0014,10.1038/msb4100087_nitrogen_nitrogen_deprivation_med4_med4_microarray,MICROARRAY,6h,0.29423416,1.0,not_significant
background_N,Prochlorococcus MED4,PMM0586,10.1101/2025.11.24.690089_growth_state_pro99lown_nutrient_starvation_med4_rnaseq_axenic,RNASEQ,day 14,-0.2928426793122891,0.5517352344659885,not_significant
background_N,Prochlorococcus MED4,PMM1203,10.1038/msb4100087_nitrogen_nitrogen_deprivation_med4_med4_microarray,MICROARRAY,6h,-0.291278394,1.0,not_significant
background_N,Prochlorococcus MED4,PMM0384,10.1038/msb4100087_nitrogen_nitrogen_deprivation_med4_med4_microarray,MICROARRAY,0h,-0.290701894,1.0,not_significant
background_N,Prochlorococcus MED4,PMM1634,10.1038/msb4100087_nitrogen_nitrogen_deprivation_med4_med4_microarray,MICROARRAY,0h,-0.290243865,1.0,not_significant
background_N,Prochlorococcus MED4,PMM1619,10.1038/ismej.2017.88_nitrogen_stress_ndepleted_pro99_medium_med4_rnaseq,RNASEQ,24h,-0.29,0.82,not_significant
background_N,Prochlorococcus MED4,PMM1082,10.1038/msb4100087_nitrogen_nitrogen_deprivation_med4_med4_microarray,MICROARRAY,48h,0.28909598,1.0,not_significant
background_N,Prochlorococcus MED4,PMM1031,10.1038/msb4100087_nitrogen_nitrogen_deprivation_med4_med4_microarray,MICROARRAY,48h,-0.285165546,1.0,not_significant
background_N,Prochlorococcus MED4,PMM0793,10.1038/msb4100087_nitrogen_nitrogen_deprivation_med4_med4_microarray,MICROARRAY,12h,0.284623272,1.0,not_significant
background_N,Prochlorococcus MED4,PMM1452,10.1038/msb4100087_nitrogen_nitrogen_deprivation_med4_med4_microarray,MICROARRAY,0h,0.284171096,1.0,not_significant
background_N,Prochlorococcus MED4,PMM1553,10.1101/2025.11.24.690089_growth_state_pro99lown_nutrient_starvation_med4_proteomics_axenic,PROTEOMICS,day 31,-0.283522923787433,0.522454421988848,not_significant
background_N,Prochlorococcus MED4,PMM0063,10.1038/msb4100087_nitrogen_nitrogen_deprivation_med4_med4_microarray,MICROARRAY,3h,0.283500525,1.0,not_significant
background_N,Prochlorococcus MED4,PMM1210,10.1038/msb4100087_nitrogen_nitrogen_deprivation_med4_med4_microarray,MICROARRAY,3h,-0.281709019,1.0,not_significant
background_N,Prochlorococcus MED4,PMM0441,10.1101/2025.11.24.690089_growth_state_pro99lown_nutrient_starvation_med4_proteomics_axenic,PROTEOMICS,day 31,-0.281654357910157,0.73425352221757,not_significant
background_N,Prochlorococcus MED4,PMM0793,10.1038/msb4100087_nitrogen_nitrogen_deprivation_med4_med4_microarray,MICROARRAY,24h,-0.28123243,1.0,not_significant
background_N,Prochlorococcus MED4,PMM0094,10.1038/msb4100087_nitrogen_nitrogen_deprivation_med4_med4_microarray,MICROARRAY,12h,-0.281227041,1.0,not_significant
background_N,Prochlorococcus MED4,PMM0384,10.1101/2025.11.24.690089_growth_state_pro99lown_nutrient_starvation_med4_proteomics_axenic,PROTEOMICS,day 31,0.280809402465821,0.219094085441985,not_significant
background_N,Prochlorococcus MED4,PMM0094,10.1038/msb4100087_nitrogen_nitrogen_deprivation_med4_med4_microarray,MICROARRAY,24h,-0.280069747,1.0,not_significant
background_N,Prochlorococcus MED4,PMM1183,10.1038/msb4100087_nitrogen_nitrogen_deprivation_med4_med4_microarray,MICROARRAY,3h,-0.279515109,1.0,not_significant
background_N,Prochlorococcus MED4,PMM0878,10.1038/msb4100087_nitrogen_nitrogen_deprivation_med4_med4_microarray,MICROARRAY,6h,0.2794145,1.0,not_significant
background_N,Prochlorococcus MED4,PMM0175,10.1038/msb4100087_nitrogen_nitrogen_deprivation_med4_med4_microarray,MICROARRAY,3h,0.27912567,1.0,not_significant
background_N,Prochlorococcus MED4,PMM0574,10.1038/msb4100087_nitrogen_nitrogen_deprivation_med4_med4_microarray,MICROARRAY,6h,0.276590536,1.0,not_significant
background_N,Prochlorococcus MED4,PMM0853,10.1038/msb4100087_nitrogen_nitrogen_deprivation_med4_med4_microarray,MICROARRAY,48h,0.274105177,1.0,not_significant
background_N,Prochlorococcus MED4,PMM0675,10.1038/msb4100087_nitrogen_nitrogen_deprivation_med4_med4_microarray,MICROARRAY,0h,-0.273167264,1.0,not_significant
background_N,Prochlorococcus MED4,PMM0315,10.1038/msb4100087_nitrogen_nitrogen_deprivation_med4_med4_microarray,MICROARRAY,6h,-0.272838833,1.0,not_significant
background_N,Prochlorococcus MED4,PMM0089,10.1038/msb4100087_nitrogen_nitrogen_deprivation_med4_med4_microarray,MICROARRAY,6h,-0.271805804,1.0,not_significant
background_N,Prochlorococcus MED4,PMM1634,10.1038/msb4100087_nitrogen_nitrogen_deprivation_med4_med4_microarray,MICROARRAY,24h,-0.271508693,1.0,not_significant
background_N,Prochlorococcus MED4,PMM1619,10.1038/msb4100087_nitrogen_nitrogen_deprivation_med4_med4_microarray,MICROARRAY,48h,0.271085646,1.0,not_significant
background_N,Prochlorococcus MED4,PMM0837,10.1038/msb4100087_nitrogen_nitrogen_deprivation_med4_med4_microarray,MICROARRAY,6h,0.268536721,1.0,not_significant
background_N,Prochlorococcus MED4,PMM1640,10.1101/2025.11.24.690089_growth_state_pro99lown_nutrient_starvation_med4_proteomics_axenic,PROTEOMICS,day 14,0.268469174702962,0.606009764796979,not_significant
background_N,Prochlorococcus MED4,PMM0458,10.1101/2025.11.24.690089_growth_state_pro99lown_nutrient_starvation_med4_proteomics_axenic,PROTEOMICS,day 31,-0.268243789672853,0.440075710371157,not_significant
background_N,Prochlorococcus MED4,PMM0659,10.1038/msb4100087_nitrogen_nitrogen_deprivation_med4_med4_microarray,MICROARRAY,3h,-0.265983408,1.0,not_significant
background_N,Prochlorococcus MED4,PMM0055,10.1038/msb4100087_nitrogen_nitrogen_deprivation_med4_med4_microarray,MICROARRAY,0h,-0.265153399,1.0,not_significant
background_N,Prochlorococcus MED4,PMM0878,10.1038/msb4100087_nitrogen_nitrogen_deprivation_med4_med4_microarray,MICROARRAY,3h,0.264550511,1.0,not_significant
background_N,Prochlorococcus MED4,PMM0360,10.1038/msb4100087_nitrogen_nitrogen_deprivation_med4_med4_microarray,MICROARRAY,48h,0.260297655,1.0,not_significant
background_N,Prochlorococcus MED4,PMM1368,10.1038/ismej.2017.88_nitrogen_stress_ndepleted_pro99_medium_med4_rnaseq,RNASEQ,24h,0.26,1.0,not_significant
background_N,Prochlorococcus MED4,PMM0260,10.1101/2025.11.24.690089_growth_state_pro99lown_nutrient_starvation_med4_proteomics_axenic,PROTEOMICS,day 14,-0.259514808654783,0.692646952467534,not_significant
background_N,Prochlorococcus MED4,PMM0853,10.1038/msb4100087_nitrogen_nitrogen_deprivation_med4_med4_microarray,MICROARRAY,12h,-0.259197712,1.0,not_significant
background_N,Prochlorococcus MED4,PMM0458,10.1101/2025.11.24.690089_growth_state_pro99lown_nutrient_starvation_med4_proteomics_axenic,PROTEOMICS,day 89,-0.258550326029456,0.465980314159153,not_significant
background_N,Prochlorococcus MED4,PMM0260,10.1101/2025.11.24.690089_growth_state_pro99lown_nutrient_starvation_med4_proteomics_axenic,PROTEOMICS,day 31,-0.258416493733724,0.578844836148876,not_significant
background_N,Prochlorococcus MED4,PMM1692,10.1038/msb4100087_nitrogen_nitrogen_deprivation_med4_med4_microarray,MICROARRAY,6h,-0.256072872,1.0,not_significant
background_N,Prochlorococcus MED4,PMM0812,10.1038/msb4100087_nitrogen_nitrogen_deprivation_med4_med4_microarray,MICROARRAY,24h,-0.25602736,1.0,not_significant
background_N,Prochlorococcus MED4,PMM1405,10.1101/2025.11.24.690089_growth_state_pro99lown_nutrient_starvation_med4_proteomics_axenic,PROTEOMICS,day 14,-0.2519203821818,0.793955446873607,not_significant
background_N,Prochlorococcus MED4,PMM0627,10.1038/msb4100087_nitrogen_nitrogen_deprivation_med4_med4_microarray,MICROARRAY,3h,0.251768835,1.0,not_significant
background_N,Prochlorococcus MED4,PMM1563,10.1038/ismej.2017.88_nitrogen_stress_ndepleted_pro99_medium_med4_rnaseq,RNASEQ,12h,-0.25,1.0,not_significant
background_N,Prochlorococcus MED4,PMM1715,10.1038/msb4100087_nitrogen_nitrogen_deprivation_med4_med4_microarray,MICROARRAY,6h,0.249751934,1.0,not_significant
background_N,Prochlorococcus MED4,PMM1210,10.1101/2025.11.24.690089_growth_state_pro99lown_nutrient_starvation_med4_proteomics_axenic,PROTEOMICS,day 14,0.249634106953943,0.460565022183742,not_significant
background_N,Prochlorococcus MED4,PMM1322,10.1101/2025.11.24.690089_growth_state_pro99lown_nutrient_starvation_med4_proteomics_axenic,PROTEOMICS,day 31,-0.246964772542318,0.351085942338564,not_significant
background_N,Prochlorococcus MED4,PMM0317,10.1038/msb4100087_nitrogen_nitrogen_deprivation_med4_med4_microarray,MICROARRAY,3h,-0.244261211,1.0,not_significant
background_N,Prochlorococcus MED4,PMM1372,10.1101/2025.11.24.690089_growth_state_pro99lown_nutrient_starvation_med4_proteomics_axenic,PROTEOMICS,day 31,0.244049708048502,0.567902111477621,not_significant
background_N,Prochlorococcus MED4,PMM0853,10.1038/msb4100087_nitrogen_nitrogen_deprivation_med4_med4_microarray,MICROARRAY,3h,0.243817201,1.0,not_significant
background_N,Prochlorococcus MED4,PMM1023,10.1038/msb4100087_nitrogen_nitrogen_deprivation_med4_med4_microarray,MICROARRAY,6h,0.242378464,1.0,not_significant
background_N,Prochlorococcus MED4,PMM1322,10.1038/msb4100087_nitrogen_nitrogen_deprivation_med4_med4_microarray,MICROARRAY,6h,0.240783346,1.0,not_significant
background_N,Prochlorococcus MED4,PMM1031,10.1038/msb4100087_nitrogen_nitrogen_deprivation_med4_med4_microarray,MICROARRAY,24h,-0.240614573,1.0,not_significant
background_N,Prochlorococcus MED4,PMM1634,10.1101/2025.11.24.690089_growth_state_pro99lown_nutrient_starvation_med4_proteomics_axenic,PROTEOMICS,day 31,0.239489873250323,0.113947643405679,not_significant
background_N,Prochlorococcus MED4,PMM0837,10.1038/msb4100087_nitrogen_nitrogen_deprivation_med4_med4_microarray,MICROARRAY,3h,-0.239302785,1.0,not_significant
background_N,Prochlorococcus MED4,PMM1320,10.1038/msb4100087_nitrogen_nitrogen_deprivation_med4_med4_microarray,MICROARRAY,12h,-0.238901457,1.0,not_significant
background_N,Prochlorococcus MED4,PMM1517,10.1038/msb4100087_nitrogen_nitrogen_deprivation_med4_med4_microarray,MICROARRAY,24h,0.236123909,1.0,not_significant
background_N,Prochlorococcus MED4,PMM1102,10.1101/2025.11.24.690089_growth_state_pro99lown_nutrient_starvation_med4_proteomics_axenic,PROTEOMICS,day 14,-0.23329512278239,0.680108043554032,not_significant
background_N,Prochlorococcus MED4,PMM0812,10.1038/msb4100087_nitrogen_nitrogen_deprivation_med4_med4_microarray,MICROARRAY,0h,-0.233224302,1.0,not_significant
background_N,Prochlorococcus MED4,PMM0458,10.1038/msb4100087_nitrogen_nitrogen_deprivation_med4_med4_microarray,MICROARRAY,6h,0.231796602,1.0,not_significant
background_N,Prochlorococcus MED4,PMM0063,10.1038/msb4100087_nitrogen_nitrogen_deprivation_med4_med4_microarray,MICROARRAY,0h,0.231466924,1.0,not_significant
background_N,Prochlorococcus MED4,PMM1619,10.1038/msb4100087_nitrogen_nitrogen_deprivation_med4_med4_microarray,MICROARRAY,3h,-0.231103553,1.0,not_significant
background_N,Prochlorococcus MED4,PMM0732,10.1038/ismej.2017.88_nitrogen_stress_ndepleted_pro99_medium_med4_rnaseq,RNASEQ,12h,-0.23,0.79,not_significant
background_N,Prochlorococcus MED4,PMM1640,10.1038/ismej.2017.88_nitrogen_stress_ndepleted_pro99_medium_med4_rnaseq,RNASEQ,24h,0.23,1.0,not_significant
background_N,Prochlorococcus MED4,PMM0055,10.1101/2025.11.24.690089_growth_state_pro99lown_nutrient_starvation_med4_proteomics_axenic,PROTEOMICS,day 89,0.226939837137858,0.597813134840954,not_significant
background_N,Prochlorococcus MED4,PMM1543,10.1038/msb4100087_nitrogen_nitrogen_deprivation_med4_med4_microarray,MICROARRAY,0h,0.226304057,1.0,not_significant
background_N,Prochlorococcus MED4,PMM0990,10.1101/2025.11.24.690089_growth_state_pro99lown_nutrient_starvation_med4_proteomics_axenic,PROTEOMICS,day 14,-0.222414970397951,0.689398019983519,not_significant
background_N,Prochlorococcus MED4,PMM0878,10.1038/msb4100087_nitrogen_nitrogen_deprivation_med4_med4_microarray,MICROARRAY,48h,0.221733651,1.0,not_significant
background_N,Prochlorococcus MED4,PMM0793,10.1038/msb4100087_nitrogen_nitrogen_deprivation_med4_med4_microarray,MICROARRAY,0h,-0.220720522,1.0,not_significant
background_N,Prochlorococcus MED4,PMM1243,10.1038/msb4100087_nitrogen_nitrogen_deprivation_med4_med4_microarray,MICROARRAY,3h,-0.22009536,1.0,not_significant
background_N,Prochlorococcus MED4,PMM0878,10.1101/2025.11.24.690089_growth_state_pro99lown_nutrient_starvation_med4_rnaseq_axenic,RNASEQ,day 14,-0.2194035689319113,0.467496686515262,not_significant
background_N,Prochlorococcus MED4,PMM0631,10.1101/2025.11.24.690089_growth_state_pro99lown_nutrient_starvation_med4_proteomics_axenic,PROTEOMICS,day 31,0.217007954915365,0.820992380876522,not_significant
background_N,Prochlorococcus MED4,PMM0055,10.1101/2025.11.24.690089_growth_state_pro99lown_nutrient_starvation_med4_proteomics_axenic,PROTEOMICS,day 31,-0.21578852335612,0.61539467941496,not_significant
background_N,Prochlorococcus MED4,PMM1372,10.1038/msb4100087_nitrogen_nitrogen_deprivation_med4_med4_microarray,MICROARRAY,24h,0.215728792,1.0,not_significant
background_N,Prochlorococcus MED4,PMM1140,10.1101/2025.11.24.690089_growth_state_pro99lown_nutrient_starvation_med4_proteomics_axenic,PROTEOMICS,day 14,-0.21113046010335,0.541374904573504,not_significant
background_N,Prochlorococcus MED4,PMM0681,10.1101/2025.11.24.690089_growth_state_pro99lown_nutrient_starvation_med4_proteomics_axenic,PROTEOMICS,day 89,-0.209462801615397,0.514458863471559,not_significant
background_N,Prochlorococcus MED4,PMM1640,10.1038/msb4100087_nitrogen_nitrogen_deprivation_med4_med4_microarray,MICROARRAY,6h,0.20936499,1.0,not_significant
background_N,Prochlorococcus MED4,PMM1210,10.1038/msb4100087_nitrogen_nitrogen_deprivation_med4_med4_microarray,MICROARRAY,48h,0.209335586,1.0,not_significant
background_N,Prochlorococcus MED4,PMM0089,10.1038/msb4100087_nitrogen_nitrogen_deprivation_med4_med4_microarray,MICROARRAY,24h,-0.209327715,1.0,not_significant
background_N,Prochlorococcus MED4,PMM0853,10.1038/msb4100087_nitrogen_nitrogen_deprivation_med4_med4_microarray,MICROARRAY,0h,0.208422272,1.0,not_significant
background_N,Prochlorococcus MED4,PMM1210,10.1101/2025.11.24.690089_growth_state_pro99lown_nutrient_starvation_med4_proteomics_axenic,PROTEOMICS,day 31,-0.208002726236979,0.418305904792062,not_significant
background_N,Prochlorococcus MED4,PMM0315,10.1101/2025.11.24.690089_growth_state_pro99lown_nutrient_starvation_med4_proteomics_axenic,PROTEOMICS,day 14,-0.207848548889161,0.432729242068736,not_significant
background_N,Prochlorococcus MED4,PMM1519,10.1038/msb4100087_nitrogen_nitrogen_deprivation_med4_med4_microarray,MICROARRAY,0h,-0.206948128,1.0,not_significant
background_N,Prochlorococcus MED4,PMM0563,10.1038/msb4100087_nitrogen_nitrogen_deprivation_med4_med4_microarray,MICROARRAY,24h,-0.206663576,1.0,not_significant
background_N,Prochlorococcus MED4,PMM0119,10.1038/msb4100087_nitrogen_nitrogen_deprivation_med4_med4_microarray,MICROARRAY,48h,0.205599618,1.0,not_significant
background_N,Prochlorococcus MED4,PMM0014,10.1101/2025.11.24.690089_growth_state_pro99lown_nutrient_starvation_med4_proteomics_axenic,PROTEOMICS,day 89,-0.204644838968911,0.662709194485085,not_significant
background_N,Prochlorococcus MED4,PMM0489,10.1038/msb4100087_nitrogen_nitrogen_deprivation_med4_med4_microarray,MICROARRAY,6h,-0.201774038,1.0,not_significant
background_N,Prochlorococcus MED4,PMM1405,10.1101/2025.11.24.690089_growth_state_pro99lown_nutrient_starvation_med4_rnaseq_axenic,RNASEQ,day 14,-0.2005680802271421,0.5468407660684169,not_significant
background_N,Prochlorococcus MED4,PMM1368,10.1101/2025.11.24.690089_growth_state_pro99lown_nutrient_starvation_med4_proteomics_axenic,PROTEOMICS,day 89,0.200112978617353,0.794615888328391,not_significant
background_N,Prochlorococcus MED4,PMM0529,10.1038/msb4100087_nitrogen_nitrogen_deprivation_med4_med4_microarray,MICROARRAY,3h,-0.20006482,1.0,not_significant
background_N,Prochlorococcus MED4,PMM0586,10.1038/ismej.2017.88_nitrogen_stress_ndepleted_pro99_medium_med4_rnaseq,RNASEQ,3h,-0.2,1.0,not_significant
background_N,Prochlorococcus MED4,PMM0996,10.1038/ismej.2017.88_nitrogen_stress_ndepleted_pro99_medium_med4_rnaseq,RNASEQ,3h,0.2,1.0,not_significant
background_N,Prochlorococcus MED4,PMM0702,10.1038/msb4100087_nitrogen_nitrogen_deprivation_med4_med4_microarray,MICROARRAY,0h,-0.199286905,1.0,not_significant
background_N,Prochlorococcus MED4,PMM0681,10.1038/msb4100087_nitrogen_nitrogen_deprivation_med4_med4_microarray,MICROARRAY,0h,-0.194898369,1.0,not_significant
background_N,Prochlorococcus MED4,PMM1257,10.1101/2025.11.24.690089_growth_state_pro99lown_nutrient_starvation_med4_proteomics_axenic,PROTEOMICS,day 14,0.193800290425616,0.580946475883449,not_significant
background_N,Prochlorococcus MED4,PMM1320,10.1038/msb4100087_nitrogen_nitrogen_deprivation_med4_med4_microarray,MICROARRAY,6h,0.191755754,1.0,not_significant
background_N,Prochlorococcus MED4,PMM1210,10.1038/msb4100087_nitrogen_nitrogen_deprivation_med4_med4_microarray,MICROARRAY,12h,0.190963694,1.0,not_significant
background_N,Prochlorococcus MED4,PMM0631,10.1038/msb4100087_nitrogen_nitrogen_deprivation_med4_med4_microarray,MICROARRAY,24h,0.19090593,1.0,not_significant
background_N,Prochlorococcus MED4,PMM1140,10.1101/2025.11.24.690089_growth_state_pro99lown_nutrient_starvation_med4_rnaseq_axenic,RNASEQ,day 14,-0.1904767467148616,0.4316674164183204,not_significant
background_N,Prochlorococcus MED4,PMM1372,10.1038/msb4100087_nitrogen_nitrogen_deprivation_med4_med4_microarray,MICROARRAY,3h,-0.190092514,1.0,not_significant
background_N,Prochlorococcus MED4,PMM0529,10.1101/2025.11.24.690089_growth_state_pro99lown_nutrient_starvation_med4_proteomics_axenic,PROTEOMICS,day 14,-0.18748950958252,0.685138222882992,not_significant
background_N,Prochlorococcus MED4,PMM0681,10.1038/msb4100087_nitrogen_nitrogen_deprivation_med4_med4_microarray,MICROARRAY,12h,0.187391595,1.0,not_significant
background_N,Prochlorococcus MED4,PMM1031,10.1038/msb4100087_nitrogen_nitrogen_deprivation_med4_med4_microarray,MICROARRAY,3h,-0.186698407,1.0,not_significant
background_N,Prochlorococcus MED4,PMM1082,10.1038/msb4100087_nitrogen_nitrogen_deprivation_med4_med4_microarray,MICROARRAY,24h,-0.184579466,1.0,not_significant
background_N,Prochlorococcus MED4,PMM0681,10.1038/msb4100087_nitrogen_nitrogen_deprivation_med4_med4_microarray,MICROARRAY,3h,-0.183920289,1.0,not_significant
background_N,Prochlorococcus MED4,PMM0119,10.1038/msb4100087_nitrogen_nitrogen_deprivation_med4_med4_microarray,MICROARRAY,24h,-0.183667505,1.0,not_significant
background_N,Prochlorococcus MED4,PMM1361,10.1038/msb4100087_nitrogen_nitrogen_deprivation_med4_med4_microarray,MICROARRAY,12h,-0.182483672,1.0,not_significant
background_N,Prochlorococcus MED4,PMM1368,10.1038/msb4100087_nitrogen_nitrogen_deprivation_med4_med4_microarray,MICROARRAY,24h,0.177859192,1.0,not_significant
background_N,Prochlorococcus MED4,PMM1460,10.1101/2025.11.24.690089_growth_state_pro99lown_nutrient_starvation_med4_rnaseq_axenic,RNASEQ,day 14,0.1773287169473529,0.5661638849898921,not_significant
background_N,Prochlorococcus MED4,PMM1692,10.1101/2025.11.24.690089_growth_state_pro99lown_nutrient_starvation_med4_proteomics_axenic,PROTEOMICS,day 14,0.175867398579914,0.663774877369156,not_significant
background_N,Prochlorococcus MED4,PMM1998,10.1101/2025.11.24.690089_growth_state_pro99lown_nutrient_starvation_med4_rnaseq_axenic,RNASEQ,day 14,-0.1735527610256464,0.8193101866333817,not_significant
background_N,Prochlorococcus MED4,PMM1634,10.1101/2025.11.24.690089_growth_state_pro99lown_nutrient_starvation_med4_proteomics_axenic,PROTEOMICS,day 14,-0.17099412282308,0.374737444915674,not_significant
background_N,Prochlorococcus MED4,PMM0504,10.1101/2025.11.24.690089_growth_state_pro99lown_nutrient_starvation_med4_rnaseq_axenic,RNASEQ,day 14,-0.1697163644495253,0.7446366444571068,not_significant
background_N,Prochlorococcus MED4,PMM0563,10.1038/msb4100087_nitrogen_nitrogen_deprivation_med4_med4_microarray,MICROARRAY,48h,-0.169509014,1.0,not_significant
background_N,Prochlorococcus MED4,PMM0563,10.1101/2025.11.24.690089_growth_state_pro99lown_nutrient_starvation_med4_proteomics_axenic,PROTEOMICS,day 89,0.168451627095543,0.806743733894562,not_significant
background_N,Prochlorococcus MED4,PMM0837,10.1038/msb4100087_nitrogen_nitrogen_deprivation_med4_med4_microarray,MICROARRAY,48h,-0.168420413,1.0,not_significant
background_N,Prochlorococcus MED4,PMM0360,10.1038/msb4100087_nitrogen_nitrogen_deprivation_med4_med4_microarray,MICROARRAY,0h,-0.168416068,1.0,not_significant
background_N,Prochlorococcus MED4,PMM1372,10.1038/msb4100087_nitrogen_nitrogen_deprivation_med4_med4_microarray,MICROARRAY,6h,-0.16795196,1.0,not_significant
background_N,Prochlorococcus MED4,PMM0441,10.1038/msb4100087_nitrogen_nitrogen_deprivation_med4_med4_microarray,MICROARRAY,3h,-0.167598802,1.0,not_significant
background_N,Prochlorococcus MED4,PMM1102,10.1101/2025.11.24.690089_growth_state_pro99lown_nutrient_starvation_med4_proteomics_axenic,PROTEOMICS,day 31,0.165411631266276,0.683770381739241,not_significant
background_N,Prochlorococcus MED4,PMM1203,10.1038/msb4100087_nitrogen_nitrogen_deprivation_med4_med4_microarray,MICROARRAY,24h,-0.165094866,1.0,not_significant
background_N,Prochlorococcus MED4,PMM1203,10.1038/msb4100087_nitrogen_nitrogen_deprivation_med4_med4_microarray,MICROARRAY,12h,0.16351515,1.0,not_significant
background_N,Prochlorococcus MED4,PMM1216,10.1101/2025.11.24.690089_growth_state_pro99lown_nutrient_starvation_med4_proteomics_axenic,PROTEOMICS,day 31,0.162529627482096,0.492008736020317,not_significant
background_N,Prochlorococcus MED4,PMM0793,10.1101/2025.11.24.690089_growth_state_pro99lown_nutrient_starvation_med4_proteomics_axenic,PROTEOMICS,day 14,0.15944004058838,0.724607180773401,not_significant
background_N,Prochlorococcus MED4,PMM0441,10.1038/msb4100087_nitrogen_nitrogen_deprivation_med4_med4_microarray,MICROARRAY,12h,0.15802206,1.0,not_significant
background_N,Prochlorococcus MED4,PMM1694,10.1038/msb4100087_nitrogen_nitrogen_deprivation_med4_med4_microarray,MICROARRAY,3h,-0.157255682,1.0,not_significant
background_N,Prochlorococcus MED4,PMM0384,10.1038/msb4100087_nitrogen_nitrogen_deprivation_med4_med4_microarray,MICROARRAY,6h,-0.156926502,1.0,not_significant
background_N,Prochlorococcus MED4,PMM1715,10.1101/2025.11.24.690089_growth_state_pro99lown_nutrient_starvation_med4_rnaseq_axenic,RNASEQ,day 14,-0.1557387799853997,0.8203432894876542,not_significant
background_N,Prochlorococcus MED4,PMM1692,10.1038/msb4100087_nitrogen_nitrogen_deprivation_med4_med4_microarray,MICROARRAY,24h,0.155629774,1.0,not_significant
background_N,Prochlorococcus MED4,PMM1322,10.1038/msb4100087_nitrogen_nitrogen_deprivation_med4_med4_microarray,MICROARRAY,48h,0.154650766,1.0,not_significant
background_N,Prochlorococcus MED4,PMM0681,10.1101/2025.11.24.690089_growth_state_pro99lown_nutrient_starvation_med4_proteomics_axenic,PROTEOMICS,day 31,-0.153547286987305,0.634224696622143,not_significant
background_N,Prochlorococcus MED4,PMM1715,10.1038/msb4100087_nitrogen_nitrogen_deprivation_med4_med4_microarray,MICROARRAY,24h,0.152673199,1.0,not_significant
background_N,Prochlorococcus MED4,PMM0675,10.1101/2025.11.24.690089_growth_state_pro99lown_nutrient_starvation_med4_proteomics_axenic,PROTEOMICS,day 14,0.152660051981603,0.730540666464241,not_significant
background_N,Prochlorococcus MED4,PMM0360,10.1038/msb4100087_nitrogen_nitrogen_deprivation_med4_med4_microarray,MICROARRAY,3h,0.15221947,1.0,not_significant
background_N,Prochlorococcus MED4,PMM1322,10.1038/ismej.2017.88_nitrogen_stress_ndepleted_pro99_medium_med4_rnaseq,RNASEQ,3h,-0.15,1.0,not_significant
background_N,Prochlorococcus MED4,PMM1534,10.1038/ismej.2017.88_nitrogen_stress_ndepleted_pro99_medium_med4_rnaseq,RNASEQ,3h,-0.15,1.0,not_significant
background_N,Prochlorococcus MED4,PMM1563,10.1038/ismej.2017.88_nitrogen_stress_ndepleted_pro99_medium_med4_rnaseq,RNASEQ,3h,0.15,1.0,not_significant
background_N,Prochlorococcus MED4,PMM1031,10.1101/2025.11.24.690089_growth_state_pro99lown_nutrient_starvation_med4_proteomics_axenic,PROTEOMICS,day 14,-0.14494800567627,0.749481754653231,not_significant
background_N,Prochlorococcus MED4,PMM1519,10.1101/2025.11.24.690089_growth_state_pro99lown_nutrient_starvation_med4_proteomics_axenic,PROTEOMICS,day 14,0.14434909820557,0.842045462089083,not_significant
background_N,Prochlorococcus MED4,PMM1563,10.1038/msb4100087_nitrogen_nitrogen_deprivation_med4_med4_microarray,MICROARRAY,12h,0.13875159,1.0,not_significant
background_N,Prochlorococcus MED4,PMM0943,10.1038/msb4100087_nitrogen_nitrogen_deprivation_med4_med4_microarray,MICROARRAY,6h,-0.137947499,1.0,not_significant
background_N,Prochlorococcus MED4,PMM0586,10.1038/msb4100087_nitrogen_nitrogen_deprivation_med4_med4_microarray,MICROARRAY,24h,-0.137442682,1.0,not_significant
background_N,Prochlorococcus MED4,PMM0458,10.1038/msb4100087_nitrogen_nitrogen_deprivation_med4_med4_microarray,MICROARRAY,24h,0.136681312,1.0,not_significant
background_N,Prochlorococcus MED4,PMM0681,10.1038/msb4100087_nitrogen_nitrogen_deprivation_med4_med4_microarray,MICROARRAY,48h,0.135535045,1.0,not_significant
background_N,Prochlorococcus MED4,PMM1387,10.1038/msb4100087_nitrogen_nitrogen_deprivation_med4_med4_microarray,MICROARRAY,0h,-0.134004862,1.0,not_significant
background_N,Prochlorococcus MED4,PMM0943,10.1038/msb4100087_nitrogen_nitrogen_deprivation_med4_med4_microarray,MICROARRAY,0h,-0.133579242,1.0,not_significant
background_N,Prochlorococcus MED4,PMM0307,10.1038/msb4100087_nitrogen_nitrogen_deprivation_med4_med4_microarray,MICROARRAY,0h,-0.130379879,1.0,not_significant
background_N,Prochlorococcus MED4,PMM0878,10.1038/ismej.2017.88_nitrogen_stress_ndepleted_pro99_medium_med4_rnaseq,RNASEQ,24h,0.13,0.84,not_significant
background_N,Prochlorococcus MED4,PMM0504,10.1038/msb4100087_nitrogen_nitrogen_deprivation_med4_med4_microarray,MICROARRAY,12h,-0.128372644,1.0,not_significant
background_N,Prochlorococcus MED4,PMM1203,10.1101/2025.11.24.690089_growth_state_pro99lown_nutrient_starvation_med4_proteomics_axenic,PROTEOMICS,day 14,0.12798531850179,0.637556502519859,not_significant
background_N,Prochlorococcus MED4,PMM0586,10.1038/msb4100087_nitrogen_nitrogen_deprivation_med4_med4_microarray,MICROARRAY,48h,-0.12748499,1.0,not_significant
background_N,Prochlorococcus MED4,PMM0360,10.1038/msb4100087_nitrogen_nitrogen_deprivation_med4_med4_microarray,MICROARRAY,24h,0.126500532,1.0,not_significant
background_N,Prochlorococcus MED4,PMM0239,10.1038/msb4100087_nitrogen_nitrogen_deprivation_med4_med4_microarray,MICROARRAY,0h,0.126119204,1.0,not_significant
background_N,Prochlorococcus MED4,PMM2019,10.1101/2025.11.24.690089_growth_state_pro99lown_nutrient_starvation_med4_proteomics_axenic,PROTEOMICS,day 31,-0.122875213623048,0.851877718966755,not_significant
background_N,Prochlorococcus MED4,PMM1031,10.1101/2025.11.24.690089_growth_state_pro99lown_nutrient_starvation_med4_proteomics_axenic,PROTEOMICS,day 31,-0.122453689575195,0.70122301704042,not_significant
background_N,Prochlorococcus MED4,PMM1692,10.1038/msb4100087_nitrogen_nitrogen_deprivation_med4_med4_microarray,MICROARRAY,12h,0.121224192,1.0,not_significant
background_N,Prochlorococcus MED4,PMM1203,10.1101/2025.11.24.690089_growth_state_pro99lown_nutrient_starvation_med4_proteomics_axenic,PROTEOMICS,day 89,-0.115478197733561,0.558650905323935,not_significant
background_N,Prochlorococcus MED4,PMM1534,10.1038/msb4100087_nitrogen_nitrogen_deprivation_med4_med4_microarray,MICROARRAY,0h,-0.113546711,1.0,not_significant
background_N,Prochlorococcus MED4,PMM1694,10.1038/msb4100087_nitrogen_nitrogen_deprivation_med4_med4_microarray,MICROARRAY,6h,0.112825944,1.0,not_significant
background_N,Prochlorococcus MED4,PMM1634,10.1038/msb4100087_nitrogen_nitrogen_deprivation_med4_med4_microarray,MICROARRAY,12h,0.11211425,1.0,not_significant
background_N,Prochlorococcus MED4,PMM1210,10.1101/2025.11.24.690089_growth_state_pro99lown_nutrient_starvation_med4_rnaseq_axenic,RNASEQ,day 14,0.1115702011668954,0.7955539705417752,not_significant
background_N,Prochlorococcus MED4,PMM1361,10.1101/2025.11.24.690089_growth_state_pro99lown_nutrient_starvation_med4_rnaseq_axenic,RNASEQ,day 14,0.1112881078291178,0.7012338011117683,not_significant
background_N,Prochlorococcus MED4,PMM1460,10.1101/2025.11.24.690089_growth_state_pro99lown_nutrient_starvation_med4_proteomics_axenic,PROTEOMICS,day 31,0.109931310017906,0.819725110832762,not_significant
background_N,Prochlorococcus MED4,PMM0659,10.1038/msb4100087_nitrogen_nitrogen_deprivation_med4_med4_microarray,MICROARRAY,12h,-0.109152768,1.0,not_significant
background_N,Prochlorococcus MED4,PMM0018,10.1101/2025.11.24.690089_growth_state_pro99lown_nutrient_starvation_med4_rnaseq_axenic,RNASEQ,day 14,0.1081060941387647,0.7334419409226772,not_significant
background_N,Prochlorococcus MED4,PMM0317,10.1038/msb4100087_nitrogen_nitrogen_deprivation_med4_med4_microarray,MICROARRAY,6h,-0.107926271,1.0,not_significant
background_N,Prochlorococcus MED4,PMM1031,10.1038/msb4100087_nitrogen_nitrogen_deprivation_med4_med4_microarray,MICROARRAY,0h,-0.107461645,1.0,not_significant
background_N,Prochlorococcus MED4,PMM1140,10.1038/msb4100087_nitrogen_nitrogen_deprivation_med4_med4_microarray,MICROARRAY,6h,-0.105801135,1.0,not_significant
background_N,Prochlorococcus MED4,PMM0094,10.1038/msb4100087_nitrogen_nitrogen_deprivation_med4_med4_microarray,MICROARRAY,3h,-0.10578664,1.0,not_significant
background_N,Prochlorococcus MED4,PMM0793,10.1038/msb4100087_nitrogen_nitrogen_deprivation_med4_med4_microarray,MICROARRAY,6h,0.104004267,1.0,not_significant
background_N,Prochlorococcus MED4,PMM0033,10.1038/msb4100087_nitrogen_nitrogen_deprivation_med4_med4_microarray,MICROARRAY,0h,-0.101205992,1.0,not_significant
background_N,Prochlorococcus MED4,PMM1056,10.1101/2025.11.24.690089_growth_state_pro99lown_nutrient_starvation_med4_proteomics_axenic,PROTEOMICS,day 89,-0.101128578186037,0.801563209470686,not_significant
background_N,Prochlorococcus MED4,PMM0574,10.1038/ismej.2017.88_nitrogen_stress_ndepleted_pro99_medium_med4_rnaseq,RNASEQ,12h,0.1,0.77,not_significant
background_N,Prochlorococcus MED4,PMM1460,10.1038/msb4100087_nitrogen_nitrogen_deprivation_med4_med4_microarray,MICROARRAY,24h,-0.099752823,1.0,not_significant
background_N,Prochlorococcus MED4,PMM1257,10.1038/msb4100087_nitrogen_nitrogen_deprivation_med4_med4_microarray,MICROARRAY,3h,0.098452965,1.0,not_significant
background_N,Prochlorococcus MED4,PMM0996,10.1038/msb4100087_nitrogen_nitrogen_deprivation_med4_med4_microarray,MICROARRAY,0h,-0.098193676,1.0,not_significant
background_N,Prochlorococcus MED4,PMM1563,10.1038/msb4100087_nitrogen_nitrogen_deprivation_med4_med4_microarray,MICROARRAY,24h,0.096936199,1.0,not_significant
background_N,Prochlorococcus MED4,PMM0384,10.1038/msb4100087_nitrogen_nitrogen_deprivation_med4_med4_microarray,MICROARRAY,12h,0.095094953,1.0,not_significant
background_N,Prochlorococcus MED4,PMM0384,10.1101/2025.11.24.690089_growth_state_pro99lown_nutrient_starvation_med4_rnaseq_axenic,RNASEQ,day 14,0.0946451618886268,0.7785427224824993,not_significant
background_N,Prochlorococcus MED4,PMM0681,10.1038/msb4100087_nitrogen_nitrogen_deprivation_med4_med4_microarray,MICROARRAY,6h,-0.093960086,1.0,not_significant
background_N,Prochlorococcus MED4,PMM0990,10.1038/msb4100087_nitrogen_nitrogen_deprivation_med4_med4_microarray,MICROARRAY,0h,-0.091417234,1.0,not_significant
background_N,Prochlorococcus MED4,PMM0317,10.1101/2025.11.24.690089_growth_state_pro99lown_nutrient_starvation_med4_proteomics_axenic,PROTEOMICS,day 89,0.0912396113077834,0.92390430552882,not_significant
background_N,Prochlorococcus MED4,PMM1509,10.1038/msb4100087_nitrogen_nitrogen_deprivation_med4_med4_microarray,MICROARRAY,0h,-0.090782126,1.0,not_significant
background_N,Prochlorococcus MED4,PMM1372,10.1038/msb4100087_nitrogen_nitrogen_deprivation_med4_med4_microarray,MICROARRAY,48h,0.089242325,1.0,not_significant
background_N,Prochlorococcus MED4,PMM0675,10.1038/msb4100087_nitrogen_nitrogen_deprivation_med4_med4_microarray,MICROARRAY,6h,-0.088975469,1.0,not_significant
background_N,Prochlorococcus MED4,PMM0943,10.1038/msb4100087_nitrogen_nitrogen_deprivation_med4_med4_microarray,MICROARRAY,48h,-0.088554822,1.0,not_significant
background_N,Prochlorococcus MED4,PMM1640,10.1038/msb4100087_nitrogen_nitrogen_deprivation_med4_med4_microarray,MICROARRAY,3h,-0.088137238,1.0,not_significant
background_N,Prochlorococcus MED4,PMM1715,10.1038/msb4100087_nitrogen_nitrogen_deprivation_med4_med4_microarray,MICROARRAY,12h,0.086192709,1.0,not_significant
background_N,Prochlorococcus MED4,PMM0063,10.1101/2025.11.24.690089_growth_state_pro99lown_nutrient_starvation_med4_proteomics_axenic,PROTEOMICS,day 31,0.0832265218098968,0.772762402471296,not_significant
background_N,Prochlorococcus MED4,PMM0446,10.1038/ismej.2017.88_nitrogen_stress_ndepleted_pro99_medium_med4_rnaseq,RNASEQ,3h,-0.08,1.0,not_significant
background_N,Prochlorococcus MED4,PMM1345,10.1038/ismej.2017.88_nitrogen_stress_ndepleted_pro99_medium_med4_rnaseq,RNASEQ,3h,-0.08,1.0,not_significant
background_N,Prochlorococcus MED4,PMM1140,10.1101/2025.11.24.690089_growth_state_pro99lown_nutrient_starvation_med4_proteomics_axenic,PROTEOMICS,day 89,0.0798355738321965,0.768254425671916,not_significant
background_N,Prochlorococcus MED4,PMM0014,10.1038/msb4100087_nitrogen_nitrogen_deprivation_med4_med4_microarray,MICROARRAY,24h,-0.079062021,1.0,not_significant
background_N,Prochlorococcus MED4,PMM0441,10.1038/msb4100087_nitrogen_nitrogen_deprivation_med4_med4_microarray,MICROARRAY,24h,0.078350544,1.0,not_significant
background_N,Prochlorococcus MED4,PMM0990,10.1038/msb4100087_nitrogen_nitrogen_deprivation_med4_med4_microarray,MICROARRAY,3h,-0.077209116,1.0,not_significant
background_N,Prochlorococcus MED4,PMM0681,10.1038/msb4100087_nitrogen_nitrogen_deprivation_med4_med4_microarray,MICROARRAY,24h,0.077083078,1.0,not_significant
background_N,Prochlorococcus MED4,PMM0684,10.1038/msb4100087_nitrogen_nitrogen_deprivation_med4_med4_microarray,MICROARRAY,3h,0.07663781,1.0,not_significant
background_N,Prochlorococcus MED4,PMM1692,10.1038/msb4100087_nitrogen_nitrogen_deprivation_med4_med4_microarray,MICROARRAY,0h,0.076297788,1.0,not_significant
background_N,Prochlorococcus MED4,PMM1517,10.1038/msb4100087_nitrogen_nitrogen_deprivation_med4_med4_microarray,MICROARRAY,48h,0.07392547,1.0,not_significant
background_N,Prochlorococcus MED4,PMM0698,10.1038/msb4100087_nitrogen_nitrogen_deprivation_med4_med4_microarray,MICROARRAY,24h,-0.073078723,1.0,not_significant
background_N,Prochlorococcus MED4,PMM1405,10.1038/ismej.2017.88_nitrogen_stress_ndepleted_pro99_medium_med4_rnaseq,RNASEQ,12h,0.07,0.81,not_significant
background_N,Prochlorococcus MED4,PMM1563,10.1038/msb4100087_nitrogen_nitrogen_deprivation_med4_med4_microarray,MICROARRAY,3h,0.067171845,1.0,not_significant
background_N,Prochlorococcus MED4,PMM0646,10.1038/msb4100087_nitrogen_nitrogen_deprivation_med4_med4_microarray,MICROARRAY,3h,0.066029342,1.0,not_significant
background_N,Prochlorococcus MED4,PMM1361,10.1038/msb4100087_nitrogen_nitrogen_deprivation_med4_med4_microarray,MICROARRAY,0h,-0.064076809,1.0,not_significant
background_N,Prochlorococcus MED4,PMM1692,10.1038/msb4100087_nitrogen_nitrogen_deprivation_med4_med4_microarray,MICROARRAY,48h,0.063450672,1.0,not_significant
background_N,Prochlorococcus MED4,PMM0702,10.1038/msb4100087_nitrogen_nitrogen_deprivation_med4_med4_microarray,MICROARRAY,24h,0.062660125,1.0,not_significant
background_N,Prochlorococcus MED4,PMM0094,10.1038/msb4100087_nitrogen_nitrogen_deprivation_med4_med4_microarray,MICROARRAY,0h,0.059933003,1.0,not_significant
background_N,Prochlorococcus MED4,PMM1322,10.1038/msb4100087_nitrogen_nitrogen_deprivation_med4_med4_microarray,MICROARRAY,3h,-0.05992093,1.0,not_significant
background_N,Prochlorococcus MED4,PMM0631,10.1038/msb4100087_nitrogen_nitrogen_deprivation_med4_med4_microarray,MICROARRAY,0h,-0.059836605,1.0,not_significant
background_N,Prochlorococcus MED4,PMM0878,10.1038/msb4100087_nitrogen_nitrogen_deprivation_med4_med4_microarray,MICROARRAY,0h,0.055655452,1.0,not_significant
background_N,Prochlorococcus MED4,PMM0529,10.1038/msb4100087_nitrogen_nitrogen_deprivation_med4_med4_microarray,MICROARRAY,0h,-0.055092107,1.0,not_significant
background_N,Prochlorococcus MED4,PMM0563,10.1038/msb4100087_nitrogen_nitrogen_deprivation_med4_med4_microarray,MICROARRAY,6h,0.054403892,1.0,not_significant
background_N,Prochlorococcus MED4,PMM0943,10.1101/2025.11.24.690089_growth_state_pro99lown_nutrient_starvation_med4_rnaseq_axenic,RNASEQ,day 14,-0.0536093719802783,0.8428556830968433,not_significant
background_N,Prochlorococcus MED4,PMM0627,10.1038/msb4100087_nitrogen_nitrogen_deprivation_med4_med4_microarray,MICROARRAY,0h,0.053474931,1.0,not_significant
background_N,Prochlorococcus MED4,PMM1563,10.1038/msb4100087_nitrogen_nitrogen_deprivation_med4_med4_microarray,MICROARRAY,0h,-0.050816963,1.0,not_significant
background_N,Prochlorococcus MED4,PMM1387,10.1038/msb4100087_nitrogen_nitrogen_deprivation_med4_med4_microarray,MICROARRAY,12h,0.050655875,1.0,not_significant
background_N,Prochlorococcus MED4,PMM1619,10.1038/ismej.2017.88_nitrogen_stress_ndepleted_pro99_medium_med4_rnaseq,RNASEQ,12h,-0.05,1.0,not_significant
background_N,Prochlorococcus MED4,PMM0260,10.1038/msb4100087_nitrogen_nitrogen_deprivation_med4_med4_microarray,MICROARRAY,24h,-0.049265655,1.0,not_significant
background_N,Prochlorococcus MED4,PMM0129,10.1038/msb4100087_nitrogen_nitrogen_deprivation_med4_med4_microarray,MICROARRAY,6h,-0.047289984,1.0,not_significant
background_N,Prochlorococcus MED4,PMM1056,10.1101/2025.11.24.690089_growth_state_pro99lown_nutrient_starvation_med4_proteomics_axenic,PROTEOMICS,day 14,-0.043809572855634,0.948498527322621,not_significant
background_N,Prochlorococcus MED4,PMM0732,10.1038/msb4100087_nitrogen_nitrogen_deprivation_med4_med4_microarray,MICROARRAY,24h,0.043686793,1.0,not_significant
background_N,Prochlorococcus MED4,PMM0853,10.1038/msb4100087_nitrogen_nitrogen_deprivation_med4_med4_microarray,MICROARRAY,6h,0.043301893,1.0,not_significant
background_N,Prochlorococcus MED4,PMM0627,10.1038/msb4100087_nitrogen_nitrogen_deprivation_med4_med4_microarray,MICROARRAY,6h,0.042827281,1.0,not_significant
background_N,Prochlorococcus MED4,PMM0675,10.1101/2025.11.24.690089_growth_state_pro99lown_nutrient_starvation_med4_rnaseq_axenic,RNASEQ,day 14,-0.0418319963601726,0.9450344210967424,not_significant
background_N,Prochlorococcus MED4,PMM0315,10.1038/msb4100087_nitrogen_nitrogen_deprivation_med4_med4_microarray,MICROARRAY,3h,0.040695118,1.0,not_significant
background_N,Prochlorococcus MED4,PMM1715,10.1038/msb4100087_nitrogen_nitrogen_deprivation_med4_med4_microarray,MICROARRAY,0h,0.040476757,1.0,not_significant
background_N,Prochlorococcus MED4,PMM0844,10.1038/msb4100087_nitrogen_nitrogen_deprivation_med4_med4_microarray,MICROARRAY,3h,0.039727371,1.0,not_significant
background_N,Prochlorococcus MED4,PMM1517,10.1101/2025.11.24.690089_growth_state_pro99lown_nutrient_starvation_med4_rnaseq_axenic,RNASEQ,day 14,0.0397105101336229,0.9505950443387072,not_significant
background_N,Prochlorococcus MED4,PMM0837,10.1101/2025.11.24.690089_growth_state_pro99lown_nutrient_starvation_med4_rnaseq_axenic,RNASEQ,day 14,0.0374938388231629,0.9388539705535508,not_significant
background_N,Prochlorococcus MED4,PMM0563,10.1101/2025.11.24.690089_growth_state_pro99lown_nutrient_starvation_med4_proteomics_axenic,PROTEOMICS,day 14,0.0358832677205396,0.974115384542487,not_significant
background_N,Prochlorococcus MED4,PMM1243,10.1038/msb4100087_nitrogen_nitrogen_deprivation_med4_med4_microarray,MICROARRAY,48h,-0.035872794,1.0,not_significant
background_N,Prochlorococcus MED4,PMM0627,10.1101/2025.11.24.690089_growth_state_pro99lown_nutrient_starvation_med4_proteomics_axenic,PROTEOMICS,day 14,0.0339441299438503,0.961073544388295,not_significant
background_N,Prochlorococcus MED4,PMM0203,10.1038/msb4100087_nitrogen_nitrogen_deprivation_med4_med4_microarray,MICROARRAY,0h,0.031765089,1.0,not_significant
background_N,Prochlorococcus MED4,PMM0384,10.1038/msb4100087_nitrogen_nitrogen_deprivation_med4_med4_microarray,MICROARRAY,3h,0.03171899,1.0,not_significant
background_N,Prochlorococcus MED4,PMM1013,10.1038/msb4100087_nitrogen_nitrogen_deprivation_med4_med4_microarray,MICROARRAY,3h,-0.031134544,1.0,not_significant
background_N,Prochlorococcus MED4,PMM0837,10.1038/msb4100087_nitrogen_nitrogen_deprivation_med4_med4_microarray,MICROARRAY,12h,0.030059492,1.0,not_significant
background_N,Prochlorococcus MED4,PMM1640,10.1038/msb4100087_nitrogen_nitrogen_deprivation_med4_med4_microarray,MICROARRAY,24h,-0.030059349,1.0,not_significant
background_N,Prochlorococcus MED4,PMM1509,10.1038/ismej.2017.88_nitrogen_stress_ndepleted_pro99_medium_med4_rnaseq,RNASEQ,24h,0.03,0.84,not_significant
background_N,Prochlorococcus MED4,PMM1216,10.1101/2025.11.24.690089_growth_state_pro99lown_nutrient_starvation_med4_proteomics_axenic,PROTEOMICS,day 14,-0.029876391092936,0.943098487354909,not_significant
background_N,Prochlorococcus MED4,PMM0631,10.1101/2025.11.24.690089_growth_state_pro99lown_nutrient_starvation_med4_proteomics_axenic,PROTEOMICS,day 14,-0.0291961034138999,0.984745765270891,not_significant
background_N,Prochlorococcus MED4,PMM1692,10.1101/2025.11.24.690089_growth_state_pro99lown_nutrient_starvation_med4_proteomics_axenic,PROTEOMICS,day 31,-0.0276247660319031,0.925500652562438,not_significant
background_N,Prochlorococcus MED4,PMM1361,10.1101/2025.11.24.690089_growth_state_pro99lown_nutrient_starvation_med4_proteomics_axenic,PROTEOMICS,day 14,-0.0262352625529008,0.961073544388295,not_significant
background_N,Prochlorococcus MED4,PMM0646,10.1038/msb4100087_nitrogen_nitrogen_deprivation_med4_med4_microarray,MICROARRAY,0h,-0.02564051,1.0,not_significant
background_N,Prochlorococcus MED4,PMM0446,10.1038/msb4100087_nitrogen_nitrogen_deprivation_med4_med4_microarray,MICROARRAY,0h,-0.025621577,1.0,not_significant
background_N,Prochlorococcus MED4,PMM0732,10.1038/msb4100087_nitrogen_nitrogen_deprivation_med4_med4_microarray,MICROARRAY,0h,0.023347798,1.0,not_significant
background_N,Prochlorococcus MED4,PMM0260,10.1101/2025.11.24.690089_growth_state_pro99lown_nutrient_starvation_med4_proteomics_axenic,PROTEOMICS,day 89,-0.0228083928426139,0.96368534440741,not_significant
background_N,Prochlorococcus MED4,PMM0837,10.1101/2025.11.24.690089_growth_state_pro99lown_nutrient_starvation_med4_proteomics_axenic,PROTEOMICS,day 14,-0.0217237472534171,0.972396332688962,not_significant
background_N,Prochlorococcus MED4,PMM0586,10.1038/ismej.2017.88_nitrogen_stress_ndepleted_pro99_medium_med4_rnaseq,RNASEQ,12h,-0.02,0.82,not_significant
background_N,Prochlorococcus MED4,PMM0878,10.1038/ismej.2017.88_nitrogen_stress_ndepleted_pro99_medium_med4_rnaseq,RNASEQ,3h,-0.02,1.0,not_significant
background_N,Prochlorococcus MED4,PMM0635,10.1038/msb4100087_nitrogen_nitrogen_deprivation_med4_med4_microarray,MICROARRAY,0h,0.017489597,1.0,not_significant
background_N,Prochlorococcus MED4,PMM1257,10.1038/msb4100087_nitrogen_nitrogen_deprivation_med4_med4_microarray,MICROARRAY,6h,0.016253686,1.0,not_significant
background_N,Prochlorococcus MED4,PMM0853,10.1038/msb4100087_nitrogen_nitrogen_deprivation_med4_med4_microarray,MICROARRAY,24h,-0.015856388,1.0,not_significant
background_N,Prochlorococcus MED4,PMM1543,10.1038/ismej.2017.88_nitrogen_stress_ndepleted_pro99_medium_med4_rnaseq,RNASEQ,12h,0.01,0.71,not_significant
background_N,Prochlorococcus MED4,PMM1640,10.1038/ismej.2017.88_nitrogen_stress_ndepleted_pro99_medium_med4_rnaseq,RNASEQ,12h,0.01,0.98,not_significant
background_N,Prochlorococcus MED4,PMM0260,10.1038/msb4100087_nitrogen_nitrogen_deprivation_med4_med4_microarray,MICROARRAY,48h,0.00838222,1.0,not_significant
background_N,Prochlorococcus MED4,PMM1372,10.1101/2025.11.24.690089_growth_state_pro99lown_nutrient_starvation_med4_proteomics_axenic,PROTEOMICS,day 14,0.0080531438191724,0.989835090935099,not_significant
background_N,Prochlorococcus MED4,PMM0458,10.1038/msb4100087_nitrogen_nitrogen_deprivation_med4_med4_microarray,MICROARRAY,48h,0.007742649,1.0,not_significant
background_N,Prochlorococcus MED4,PMM0313,10.1038/msb4100087_nitrogen_nitrogen_deprivation_med4_med4_microarray,MICROARRAY,3h,0.005852595,1.0,not_significant
background_N,Prochlorococcus MED4,PMM0458,10.1038/msb4100087_nitrogen_nitrogen_deprivation_med4_med4_microarray,MICROARRAY,3h,0.005561192,1.0,not_significant
background_N,Prochlorococcus MED4,PMM1082,10.1038/msb4100087_nitrogen_nitrogen_deprivation_med4_med4_microarray,MICROARRAY,6h,-0.005231718,1.0,not_significant
background_N,Prochlorococcus MED4,PMM0119,10.1038/msb4100087_nitrogen_nitrogen_deprivation_med4_med4_microarray,MICROARRAY,0h,0.004823979,1.0,not_significant
background_N,Prochlorococcus MED4,PMM1056,10.1038/msb4100087_nitrogen_nitrogen_deprivation_med4_med4_microarray,MICROARRAY,48h,0.002356211,1.0,not_significant
background_N,Prochlorococcus MED4,PMM1460,10.1101/2025.11.24.690089_growth_state_pro99lown_nutrient_starvation_med4_proteomics_axenic,PROTEOMICS,day 14,0.0019063949585,0.996745577112788,not_significant
background_N,Prochlorococcus MED4,PMM0295,10.1038/msb4100087_nitrogen_nitrogen_deprivation_med4_med4_microarray,MICROARRAY,3h,-0.000748247,1.0,not_significant
background_N,Prochlorococcus MED4,PMM1452,10.1038/ismej.2017.88_nitrogen_stress_ndepleted_pro99_medium_med4_rnaseq,RNASEQ,3h,0.0,1.0,not_significant
background_N,Prochlorococcus MIT9313,PMT0917,10.1038/msb4100087_nitrogen_nitrogen_deprivation_mit9313_mit9313_microarray,MICROARRAY,48h,-3.58725411794517,0.01,significant_down
background_N,Prochlorococcus MIT9313,PMT1470,10.1038/msb4100087_nitrogen_nitrogen_deprivation_mit9313_mit9313_microarray,MICROARRAY,48h,-3.11900047872458,0.01,significant_down
background_N,Prochlorococcus MIT9313,PMT0301,10.1038/msb4100087_nitrogen_nitrogen_deprivation_mit9313_mit9313_microarray,MICROARRAY,48h,-3.028726096,1.0,not_significant
background_N,Prochlorococcus MIT9313,PMT0535,10.1038/msb4100087_nitrogen_nitrogen_deprivation_mit9313_mit9313_microarray,MICROARRAY,24h,-3.00508184263863,0.01,significant_down
background_N,Prochlorococcus MIT9313,PMT1316,10.1038/msb4100087_nitrogen_nitrogen_deprivation_mit9313_mit9313_microarray,MICROARRAY,48h,-2.98155503354254,0.01,significant_down
background_N,Prochlorococcus MIT9313,PMT0535,10.1038/msb4100087_nitrogen_nitrogen_deprivation_mit9313_mit9313_microarray,MICROARRAY,48h,-2.95831877631729,0.01,significant_down
background_N,Prochlorococcus MIT9313,PMT1767,10.1038/msb4100087_nitrogen_nitrogen_deprivation_mit9313_mit9313_microarray,MICROARRAY,48h,-2.70509064930329,0.01,significant_down
background_N,Prochlorococcus MIT9313,PMT2158,10.1038/msb4100087_nitrogen_nitrogen_deprivation_mit9313_mit9313_microarray,MICROARRAY,48h,-2.60315199482994,0.01,significant_down
background_N,Prochlorococcus MIT9313,PMT1597,10.1038/msb4100087_nitrogen_nitrogen_deprivation_mit9313_mit9313_microarray,MICROARRAY,48h,2.53747514849135,0.01,significant_up
background_N,Prochlorococcus MIT9313,PMT1470,10.1038/msb4100087_nitrogen_nitrogen_deprivation_mit9313_mit9313_microarray,MICROARRAY,24h,-2.31383240855275,0.01,significant_down
background_N,Prochlorococcus MIT9313,PMT1503,10.1038/msb4100087_nitrogen_nitrogen_deprivation_mit9313_mit9313_microarray,MICROARRAY,24h,-2.055609993,1.0,not_significant
background_N,Prochlorococcus MIT9313,PMT2158,10.1038/msb4100087_nitrogen_nitrogen_deprivation_mit9313_mit9313_microarray,MICROARRAY,24h,-1.991971431,1.0,not_significant
background_N,Prochlorococcus MIT9313,PMT0187,10.1038/msb4100087_nitrogen_nitrogen_deprivation_mit9313_mit9313_microarray,MICROARRAY,48h,-1.92009328071791,0.01,significant_down
background_N,Prochlorococcus MIT9313,PMT1597,10.1038/msb4100087_nitrogen_nitrogen_deprivation_mit9313_mit9313_microarray,MICROARRAY,12h,-1.835087575,1.0,not_significant
background_N,Prochlorococcus MIT9313,PMT0536,10.1038/msb4100087_nitrogen_nitrogen_deprivation_mit9313_mit9313_microarray,MICROARRAY,24h,-1.801917189,1.0,not_significant
background_N,Prochlorococcus MIT9313,PMT2158,10.1038/msb4100087_nitrogen_nitrogen_deprivation_mit9313_mit9313_microarray,MICROARRAY,12h,-1.7601847,1.0,not_significant
background_N,Prochlorococcus MIT9313,PMT2013,10.1038/msb4100087_nitrogen_nitrogen_deprivation_mit9313_mit9313_microarray,MICROARRAY,48h,-1.72753742721306,0.01,significant_down
background_N,Prochlorococcus MIT9313,PMT_2119,10.1038/msb4100087_nitrogen_nitrogen_deprivation_mit9313_mit9313_microarray,MICROARRAY,48h,-1.68634905817292,0.01,significant_down
background_N,Prochlorococcus MIT9313,PMT2180,10.1038/msb4100087_nitrogen_nitrogen_deprivation_mit9313_mit9313_microarray,MICROARRAY,24h,1.65466732264542,0.01,significant_up
background_N,Prochlorococcus MIT9313,PMT0358,10.1038/msb4100087_nitrogen_nitrogen_deprivation_mit9313_mit9313_microarray,MICROARRAY,0h,-1.638272064,1.0,not_significant
background_N,Prochlorococcus MIT9313,PMT0296,10.1038/msb4100087_nitrogen_nitrogen_deprivation_mit9313_mit9313_microarray,MICROARRAY,48h,-1.59662295,1.0,not_significant
background_N,Prochlorococcus MIT9313,PMT1145,10.1038/msb4100087_nitrogen_nitrogen_deprivation_mit9313_mit9313_microarray,MICROARRAY,48h,1.560548206,1.0,not_significant
background_N,Prochlorococcus MIT9313,PMT0358,10.1038/msb4100087_nitrogen_nitrogen_deprivation_mit9313_mit9313_microarray,MICROARRAY,48h,1.525404607,1.0,not_significant
background_N,Prochlorococcus MIT9313,PMT1583,10.1038/msb4100087_nitrogen_nitrogen_deprivation_mit9313_mit9313_microarray,MICROARRAY,48h,1.51977455,1.0,not_significant
background_N,Prochlorococcus MIT9313,PMT1185,10.1038/msb4100087_nitrogen_nitrogen_deprivation_mit9313_mit9313_microarray,MICROARRAY,24h,1.514048459,1.0,not_significant
background_N,Prochlorococcus MIT9313,PMT1493,10.1038/msb4100087_nitrogen_nitrogen_deprivation_mit9313_mit9313_microarray,MICROARRAY,48h,-1.506829926,1.0,not_significant
background_N,Prochlorococcus MIT9313,PMT0057,10.1038/msb4100087_nitrogen_nitrogen_deprivation_mit9313_mit9313_microarray,MICROARRAY,48h,-1.502946234,1.0,not_significant
background_N,Prochlorococcus MIT9313,PMT1470,10.1038/msb4100087_nitrogen_nitrogen_deprivation_mit9313_mit9313_microarray,MICROARRAY,12h,-1.4977513852995,0.01,significant_down
background_N,Prochlorococcus MIT9313,PMT1497,10.1038/msb4100087_nitrogen_nitrogen_deprivation_mit9313_mit9313_microarray,MICROARRAY,48h,-1.496015708,1.0,not_significant
background_N,Prochlorococcus MIT9313,PMT1597,10.1038/msb4100087_nitrogen_nitrogen_deprivation_mit9313_mit9313_microarray,MICROARRAY,0h,1.487046633,1.0,not_significant
background_N,Prochlorococcus MIT9313,PMT0943,10.1038/msb4100087_nitrogen_nitrogen_deprivation_mit9313_mit9313_microarray,MICROARRAY,48h,-1.47662626040199,0.01,significant_down
background_N,Prochlorococcus MIT9313,PMT0693,10.1038/msb4100087_nitrogen_nitrogen_deprivation_mit9313_mit9313_microarray,MICROARRAY,48h,-1.471015138,1.0,not_significant
background_N,Prochlorococcus MIT9313,PMT0464,10.1038/msb4100087_nitrogen_nitrogen_deprivation_mit9313_mit9313_microarray,MICROARRAY,48h,-1.45993622961383,0.01,significant_down
background_N,Prochlorococcus MIT9313,PMT1185,10.1038/msb4100087_nitrogen_nitrogen_deprivation_mit9313_mit9313_microarray,MICROARRAY,48h,-1.459389805,1.0,not_significant
background_N,Prochlorococcus MIT9313,PMT1277,10.1038/msb4100087_nitrogen_nitrogen_deprivation_mit9313_mit9313_microarray,MICROARRAY,48h,-1.45127825,1.0,not_significant
background_N,Prochlorococcus MIT9313,PMT0754,10.1038/msb4100087_nitrogen_nitrogen_deprivation_mit9313_mit9313_microarray,MICROARRAY,48h,-1.43951387600818,0.01,significant_down
background_N,Prochlorococcus MIT9313,PMT1322,10.1038/msb4100087_nitrogen_nitrogen_deprivation_mit9313_mit9313_microarray,MICROARRAY,48h,-1.43781373850933,0.01,significant_down
background_N,Prochlorococcus MIT9313,PMT1503,10.1038/msb4100087_nitrogen_nitrogen_deprivation_mit9313_mit9313_microarray,MICROARRAY,12h,-1.423473658,1.0,not_significant
background_N,Prochlorococcus MIT9313,PMT0239,10.1038/msb4100087_nitrogen_nitrogen_deprivation_mit9313_mit9313_microarray,MICROARRAY,48h,-1.40516058270435,0.01,significant_down
background_N,Prochlorococcus MIT9313,PMT0730,10.1038/msb4100087_nitrogen_nitrogen_deprivation_mit9313_mit9313_microarray,MICROARRAY,48h,-1.4003282699675,0.01,significant_down
background_N,Prochlorococcus MIT9313,PMT2130,10.1038/msb4100087_nitrogen_nitrogen_deprivation_mit9313_mit9313_microarray,MICROARRAY,48h,-1.35655723624659,0.01,significant_down
background_N,Prochlorococcus MIT9313,PMT0298,10.1038/msb4100087_nitrogen_nitrogen_deprivation_mit9313_mit9313_microarray,MICROARRAY,3h,1.335365461,1.0,not_significant
background_N,Prochlorococcus MIT9313,PMT0122,10.1038/msb4100087_nitrogen_nitrogen_deprivation_mit9313_mit9313_microarray,MICROARRAY,24h,-1.328621494,1.0,not_significant
background_N,Prochlorococcus MIT9313,PMT0693,10.1038/msb4100087_nitrogen_nitrogen_deprivation_mit9313_mit9313_microarray,MICROARRAY,24h,-1.324951907,1.0,not_significant
background_N,Prochlorococcus MIT9313,PMT0754,10.1038/msb4100087_nitrogen_nitrogen_deprivation_mit9313_mit9313_microarray,MICROARRAY,24h,-1.28342342877424,0.01,significant_down
background_N,Prochlorococcus MIT9313,PMT2180,10.1038/msb4100087_nitrogen_nitrogen_deprivation_mit9313_mit9313_microarray,MICROARRAY,12h,1.25599963684836,0.01,significant_up
background_N,Prochlorococcus MIT9313,PMT0726,10.1038/msb4100087_nitrogen_nitrogen_deprivation_mit9313_mit9313_microarray,MICROARRAY,48h,-1.254440836,1.0,not_significant
background_N,Prochlorococcus MIT9313,PMT1866,10.1038/msb4100087_nitrogen_nitrogen_deprivation_mit9313_mit9313_microarray,MICROARRAY,12h,-1.231564843,1.0,not_significant
background_N,Prochlorococcus MIT9313,PMT0057,10.1038/msb4100087_nitrogen_nitrogen_deprivation_mit9313_mit9313_microarray,MICROARRAY,12h,-1.212501167,1.0,not_significant
background_N,Prochlorococcus MIT9313,PMT0536,10.1038/msb4100087_nitrogen_nitrogen_deprivation_mit9313_mit9313_microarray,MICROARRAY,12h,-1.183102612,1.0,not_significant
background_N,Prochlorococcus MIT9313,PMT0451,10.1038/msb4100087_nitrogen_nitrogen_deprivation_mit9313_mit9313_microarray,MICROARRAY,12h,1.182848758,1.0,not_significant
background_N,Prochlorococcus MIT9313,PMT1535,10.1038/msb4100087_nitrogen_nitrogen_deprivation_mit9313_mit9313_microarray,MICROARRAY,48h,1.178978447,1.0,not_significant
background_N,Prochlorococcus MIT9313,PMT1861,10.1038/msb4100087_nitrogen_nitrogen_deprivation_mit9313_mit9313_microarray,MICROARRAY,24h,-1.177326481,1.0,not_significant
background_N,Prochlorococcus MIT9313,PMT2271,10.1038/msb4100087_nitrogen_nitrogen_deprivation_mit9313_mit9313_microarray,MICROARRAY,48h,1.17063214929059,0.01,significant_up
background_N,Prochlorococcus MIT9313,PMT1583,10.1038/msb4100087_nitrogen_nitrogen_deprivation_mit9313_mit9313_microarray,MICROARRAY,24h,1.155453932,1.0,not_significant
background_N,Prochlorococcus MIT9313,PMT1503,10.1038/msb4100087_nitrogen_nitrogen_deprivation_mit9313_mit9313_microarray,MICROARRAY,48h,1.150980005,1.0,not_significant
background_N,Prochlorococcus MIT9313,PMT0535,10.1038/msb4100087_nitrogen_nitrogen_deprivation_mit9313_mit9313_microarray,MICROARRAY,12h,-1.146590179,1.0,not_significant
background_N,Prochlorococcus MIT9313,PMT2002,10.1038/msb4100087_nitrogen_nitrogen_deprivation_mit9313_mit9313_microarray,MICROARRAY,48h,-1.1373427954687,0.01,significant_down
background_N,Prochlorococcus MIT9313,PMT0641,10.1038/msb4100087_nitrogen_nitrogen_deprivation_mit9313_mit9313_microarray,MICROARRAY,24h,-1.098299302,1.0,not_significant
background_N,Prochlorococcus MIT9313,PMT0256,10.1038/msb4100087_nitrogen_nitrogen_deprivation_mit9313_mit9313_microarray,MICROARRAY,12h,1.094757579,1.0,not_significant
background_N,Prochlorococcus MIT9313,PMT0451,10.1038/msb4100087_nitrogen_nitrogen_deprivation_mit9313_mit9313_microarray,MICROARRAY,24h,1.088050526,1.0,not_significant
background_N,Prochlorococcus MIT9313,PMT1678,10.1038/msb4100087_nitrogen_nitrogen_deprivation_mit9313_mit9313_microarray,MICROARRAY,3h,1.061152895,1.0,not_significant
background_N,Prochlorococcus MIT9313,PMT1523,10.1038/msb4100087_nitrogen_nitrogen_deprivation_mit9313_mit9313_microarray,MICROARRAY,48h,-1.05634377131246,0.01,significant_down
background_N,Prochlorococcus MIT9313,PMT1322,10.1038/msb4100087_nitrogen_nitrogen_deprivation_mit9313_mit9313_microarray,MICROARRAY,24h,-1.05006517993717,0.01,significant_down
background_N,Prochlorococcus MIT9313,PMT1866,10.1038/msb4100087_nitrogen_nitrogen_deprivation_mit9313_mit9313_microarray,MICROARRAY,48h,-1.042673541,1.0,not_significant
background_N,Prochlorococcus MIT9313,PMT0726,10.1038/msb4100087_nitrogen_nitrogen_deprivation_mit9313_mit9313_microarray,MICROARRAY,24h,-1.02339963,1.0,not_significant
background_N,Prochlorococcus MIT9313,PMT0265,10.1038/msb4100087_nitrogen_nitrogen_deprivation_mit9313_mit9313_microarray,MICROARRAY,48h,-0.956811713,1.0,not_significant
background_N,Prochlorococcus MIT9313,PMT1146,10.1038/msb4100087_nitrogen_nitrogen_deprivation_mit9313_mit9313_microarray,MICROARRAY,12h,-0.944454588,1.0,not_significant
background_N,Prochlorococcus MIT9313,PMT1470,10.1038/msb4100087_nitrogen_nitrogen_deprivation_mit9313_mit9313_microarray,MICROARRAY,6h,-0.943030981093864,0.01,significant_down
background_N,Prochlorococcus MIT9313,PMT0256,10.1038/msb4100087_nitrogen_nitrogen_deprivation_mit9313_mit9313_microarray,MICROARRAY,48h,-0.937008638,1.0,not_significant
background_N,Prochlorococcus MIT9313,PMT0536,10.1038/msb4100087_nitrogen_nitrogen_deprivation_mit9313_mit9313_microarray,MICROARRAY,48h,-0.928690598,1.0,not_significant
background_N,Prochlorococcus MIT9313,PMT0045,10.1038/msb4100087_nitrogen_nitrogen_deprivation_mit9313_mit9313_microarray,MICROARRAY,24h,-0.924492806,1.0,not_significant
background_N,Prochlorococcus MIT9313,PMT0759,10.1038/msb4100087_nitrogen_nitrogen_deprivation_mit9313_mit9313_microarray,MICROARRAY,48h,-0.920041263,1.0,not_significant
background_N,Prochlorococcus MIT9313,PMT0826,10.1038/msb4100087_nitrogen_nitrogen_deprivation_mit9313_mit9313_microarray,MICROARRAY,12h,0.917113842,1.0,not_significant
background_N,Prochlorococcus MIT9313,PMT2158,10.1038/msb4100087_nitrogen_nitrogen_deprivation_mit9313_mit9313_microarray,MICROARRAY,6h,-0.908031205,1.0,not_significant
background_N,Prochlorococcus MIT9313,PMT2002,10.1038/msb4100087_nitrogen_nitrogen_deprivation_mit9313_mit9313_microarray,MICROARRAY,24h,-0.906882529160676,0.01,significant_down
background_N,Prochlorococcus MIT9313,PMT0451,10.1038/msb4100087_nitrogen_nitrogen_deprivation_mit9313_mit9313_microarray,MICROARRAY,3h,-0.886522153,1.0,not_significant
background_N,Prochlorococcus MIT9313,PMT0154,10.1038/msb4100087_nitrogen_nitrogen_deprivation_mit9313_mit9313_microarray,MICROARRAY,48h,0.883838896,1.0,not_significant
background_N,Prochlorococcus MIT9313,PMT1146,10.1038/msb4100087_nitrogen_nitrogen_deprivation_mit9313_mit9313_microarray,MICROARRAY,0h,-0.883377721,1.0,not_significant
background_N,Prochlorococcus MIT9313,PMT0751,10.1038/msb4100087_nitrogen_nitrogen_deprivation_mit9313_mit9313_microarray,MICROARRAY,48h,0.879633878,1.0,not_significant
background_N,Prochlorococcus MIT9313,PMT0368,10.1038/msb4100087_nitrogen_nitrogen_deprivation_mit9313_mit9313_microarray,MICROARRAY,24h,-0.878324134,1.0,not_significant
background_N,Prochlorococcus MIT9313,PMT0759,10.1038/msb4100087_nitrogen_nitrogen_deprivation_mit9313_mit9313_microarray,MICROARRAY,12h,0.868295465,1.0,not_significant
background_N,Prochlorococcus MIT9313,PMT1678,10.1038/msb4100087_nitrogen_nitrogen_deprivation_mit9313_mit9313_microarray,MICROARRAY,24h,-0.866782964,1.0,not_significant
background_N,Prochlorococcus MIT9313,PMT_0929,10.1038/msb4100087_nitrogen_nitrogen_deprivation_mit9313_mit9313_microarray,MICROARRAY,48h,-0.864183193,1.0,not_significant
background_N,Prochlorococcus MIT9313,PMT0726,10.1038/msb4100087_nitrogen_nitrogen_deprivation_mit9313_mit9313_microarray,MICROARRAY,12h,-0.85708097,1.0,not_significant
background_N,Prochlorococcus MIT9313,PMT1866,10.1038/msb4100087_nitrogen_nitrogen_deprivation_mit9313_mit9313_microarray,MICROARRAY,24h,-0.846156329,1.0,not_significant
background_N,Prochlorococcus MIT9313,PMT1376,10.1038/msb4100087_nitrogen_nitrogen_deprivation_mit9313_mit9313_microarray,MICROARRAY,48h,-0.84474160371955,0.01,significant_down
background_N,Prochlorococcus MIT9313,PMT1794,10.1038/msb4100087_nitrogen_nitrogen_deprivation_mit9313_mit9313_microarray,MICROARRAY,24h,-0.827578854,1.0,not_significant
background_N,Prochlorococcus MIT9313,PMT0917,10.1038/msb4100087_nitrogen_nitrogen_deprivation_mit9313_mit9313_microarray,MICROARRAY,24h,-0.824069666,1.0,not_significant
background_N,Prochlorococcus MIT9313,PMT1985,10.1038/msb4100087_nitrogen_nitrogen_deprivation_mit9313_mit9313_microarray,MICROARRAY,48h,-0.822489841,1.0,not_significant
background_N,Prochlorococcus MIT9313,PMT0693,10.1038/msb4100087_nitrogen_nitrogen_deprivation_mit9313_mit9313_microarray,MICROARRAY,12h,-0.820289338,1.0,not_significant
background_N,Prochlorococcus MIT9313,PMT_0929,10.1038/msb4100087_nitrogen_nitrogen_deprivation_mit9313_mit9313_microarray,MICROARRAY,3h,0.802301557,1.0,not_significant
background_N,Prochlorococcus MIT9313,PMT0712,10.1038/msb4100087_nitrogen_nitrogen_deprivation_mit9313_mit9313_microarray,MICROARRAY,12h,0.783830164,1.0,not_significant
background_N,Prochlorococcus MIT9313,PMT0122,10.1038/msb4100087_nitrogen_nitrogen_deprivation_mit9313_mit9313_microarray,MICROARRAY,6h,-0.764505375139767,0.01,significant_down
background_N,Prochlorococcus MIT9313,PMT0943,10.1038/msb4100087_nitrogen_nitrogen_deprivation_mit9313_mit9313_microarray,MICROARRAY,24h,0.754008237467272,0.01,significant_up
background_N,Prochlorococcus MIT9313,PMT0216,10.1038/msb4100087_nitrogen_nitrogen_deprivation_mit9313_mit9313_microarray,MICROARRAY,48h,-0.750044935,1.0,not_significant
background_N,Prochlorococcus MIT9313,PMT1686,10.1038/msb4100087_nitrogen_nitrogen_deprivation_mit9313_mit9313_microarray,MICROARRAY,24h,-0.74861395,1.0,not_significant
background_N,Prochlorococcus MIT9313,PMT0301,10.1038/msb4100087_nitrogen_nitrogen_deprivation_mit9313_mit9313_microarray,MICROARRAY,0h,0.745616133,1.0,not_significant
background_N,Prochlorococcus MIT9313,PMT_2147,10.1038/msb4100087_nitrogen_nitrogen_deprivation_mit9313_mit9313_microarray,MICROARRAY,48h,-0.745256728,1.0,not_significant
background_N,Prochlorococcus MIT9313,PMT1218,10.1038/msb4100087_nitrogen_nitrogen_deprivation_mit9313_mit9313_microarray,MICROARRAY,48h,-0.741167246,1.0,not_significant
background_N,Prochlorococcus MIT9313,PMT_0929,10.1038/msb4100087_nitrogen_nitrogen_deprivation_mit9313_mit9313_microarray,MICROARRAY,0h,0.739962175,1.0,not_significant
background_N,Prochlorococcus MIT9313,PMT1379,10.1038/msb4100087_nitrogen_nitrogen_deprivation_mit9313_mit9313_microarray,MICROARRAY,24h,0.735446933,1.0,not_significant
background_N,Prochlorococcus MIT9313,PMT0536,10.1038/msb4100087_nitrogen_nitrogen_deprivation_mit9313_mit9313_microarray,MICROARRAY,6h,-0.732809076,1.0,not_significant
background_N,Prochlorococcus MIT9313,PMT_0929,10.1038/msb4100087_nitrogen_nitrogen_deprivation_mit9313_mit9313_microarray,MICROARRAY,24h,0.730212371722208,0.01,significant_up
background_N,Prochlorococcus MIT9313,PMT1646,10.1038/msb4100087_nitrogen_nitrogen_deprivation_mit9313_mit9313_microarray,MICROARRAY,24h,-0.727826069,1.0,not_significant
background_N,Prochlorococcus MIT9313,PMT0617,10.1038/msb4100087_nitrogen_nitrogen_deprivation_mit9313_mit9313_microarray,MICROARRAY,12h,-0.727327668,1.0,not_significant
background_N,Prochlorococcus MIT9313,PMT2013,10.1038/msb4100087_nitrogen_nitrogen_deprivation_mit9313_mit9313_microarray,MICROARRAY,24h,-0.724291599,1.0,not_significant
background_N,Prochlorococcus MIT9313,PMT1398,10.1038/msb4100087_nitrogen_nitrogen_deprivation_mit9313_mit9313_microarray,MICROARRAY,24h,-0.718932473,1.0,not_significant
background_N,Prochlorococcus MIT9313,PMT0256,10.1038/msb4100087_nitrogen_nitrogen_deprivation_mit9313_mit9313_microarray,MICROARRAY,6h,0.717832082995034,0.01,significant_up
background_N,Prochlorococcus MIT9313,PMT1316,10.1038/msb4100087_nitrogen_nitrogen_deprivation_mit9313_mit9313_microarray,MICROARRAY,24h,-0.71438042838598,0.01,significant_down
background_N,Prochlorococcus MIT9313,PMT1583,10.1038/msb4100087_nitrogen_nitrogen_deprivation_mit9313_mit9313_microarray,MICROARRAY,0h,-0.701177048,1.0,not_significant
background_N,Prochlorococcus MIT9313,PMT0256,10.1038/msb4100087_nitrogen_nitrogen_deprivation_mit9313_mit9313_microarray,MICROARRAY,0h,0.690571625,1.0,not_significant
background_N,Prochlorococcus MIT9313,PMT0541,10.1038/msb4100087_nitrogen_nitrogen_deprivation_mit9313_mit9313_microarray,MICROARRAY,48h,-0.671864443,1.0,not_significant
background_N,Prochlorococcus MIT9313,PMT0715,10.1038/msb4100087_nitrogen_nitrogen_deprivation_mit9313_mit9313_microarray,MICROARRAY,12h,-0.671666004,1.0,not_significant
background_N,Prochlorococcus MIT9313,PMT0712,10.1038/msb4100087_nitrogen_nitrogen_deprivation_mit9313_mit9313_microarray,MICROARRAY,3h,0.663421729,1.0,not_significant
background_N,Prochlorococcus MIT9313,PMT1493,10.1038/msb4100087_nitrogen_nitrogen_deprivation_mit9313_mit9313_microarray,MICROARRAY,24h,-0.661247911,1.0,not_significant
background_N,Prochlorococcus MIT9313,PMT0730,10.1038/msb4100087_nitrogen_nitrogen_deprivation_mit9313_mit9313_microarray,MICROARRAY,24h,-0.660910186,1.0,not_significant
background_N,Prochlorococcus MIT9313,PMT2180,10.1038/msb4100087_nitrogen_nitrogen_deprivation_mit9313_mit9313_microarray,MICROARRAY,6h,0.658364020492418,0.01,significant_up
background_N,Prochlorococcus MIT9313,PMT0754,10.1038/msb4100087_nitrogen_nitrogen_deprivation_mit9313_mit9313_microarray,MICROARRAY,12h,-0.656184372,1.0,not_significant
background_N,Prochlorococcus MIT9313,PMT0298,10.1038/msb4100087_nitrogen_nitrogen_deprivation_mit9313_mit9313_microarray,MICROARRAY,0h,0.65040568,1.0,not_significant
background_N,Prochlorococcus MIT9313,PMT0641,10.1038/msb4100087_nitrogen_nitrogen_deprivation_mit9313_mit9313_microarray,MICROARRAY,48h,0.648819792,1.0,not_significant
background_N,Prochlorococcus MIT9313,PMT1767,10.1038/msb4100087_nitrogen_nitrogen_deprivation_mit9313_mit9313_microarray,MICROARRAY,24h,-0.642459510143144,0.01,significant_down
background_N,Prochlorococcus MIT9313,PMT1690,10.1038/msb4100087_nitrogen_nitrogen_deprivation_mit9313_mit9313_microarray,MICROARRAY,48h,-0.640961157,1.0,not_significant
background_N,Prochlorococcus MIT9313,PMT_2119,10.1038/msb4100087_nitrogen_nitrogen_deprivation_mit9313_mit9313_microarray,MICROARRAY,24h,-0.639206306,1.0,not_significant
background_N,Prochlorococcus MIT9313,PMT0878,10.1038/msb4100087_nitrogen_nitrogen_deprivation_mit9313_mit9313_microarray,MICROARRAY,24h,0.637304102,1.0,not_significant
background_N,Prochlorococcus MIT9313,PMT1625,10.1038/msb4100087_nitrogen_nitrogen_deprivation_mit9313_mit9313_microarray,MICROARRAY,48h,0.635005645,1.0,not_significant
background_N,Prochlorococcus MIT9313,PMT0122,10.1038/msb4100087_nitrogen_nitrogen_deprivation_mit9313_mit9313_microarray,MICROARRAY,48h,-0.63309982,1.0,not_significant
background_N,Prochlorococcus MIT9313,PMT0712,10.1038/msb4100087_nitrogen_nitrogen_deprivation_mit9313_mit9313_microarray,MICROARRAY,24h,-0.63057153,1.0,not_significant
background_N,Prochlorococcus MIT9313,PMT1583,10.1038/msb4100087_nitrogen_nitrogen_deprivation_mit9313_mit9313_microarray,MICROARRAY,12h,0.625223761,1.0,not_significant
background_N,Prochlorococcus MIT9313,PMT1241,10.1038/msb4100087_nitrogen_nitrogen_deprivation_mit9313_mit9313_microarray,MICROARRAY,12h,0.621518378,1.0,not_significant
background_N,Prochlorococcus MIT9313,PMT1398,10.1038/msb4100087_nitrogen_nitrogen_deprivation_mit9313_mit9313_microarray,MICROARRAY,12h,-0.621266027,1.0,not_significant
background_N,Prochlorococcus MIT9313,PMT0187,10.1038/msb4100087_nitrogen_nitrogen_deprivation_mit9313_mit9313_microarray,MICROARRAY,24h,-0.621024147,1.0,not_significant
background_N,Prochlorococcus MIT9313,PMT0122,10.1038/msb4100087_nitrogen_nitrogen_deprivation_mit9313_mit9313_microarray,MICROARRAY,12h,-0.617682687,1.0,not_significant
background_N,Prochlorococcus MIT9313,PMT1597,10.1038/msb4100087_nitrogen_nitrogen_deprivation_mit9313_mit9313_microarray,MICROARRAY,3h,0.616865778,1.0,not_significant
background_N,Prochlorococcus MIT9313,PMT1678,10.1038/msb4100087_nitrogen_nitrogen_deprivation_mit9313_mit9313_microarray,MICROARRAY,0h,-0.611286142,1.0,not_significant
background_N,Prochlorococcus MIT9313,PMT0045,10.1038/msb4100087_nitrogen_nitrogen_deprivation_mit9313_mit9313_microarray,MICROARRAY,12h,-0.606338315,1.0,not_significant
background_N,Prochlorococcus MIT9313,PMT1188,10.1038/msb4100087_nitrogen_nitrogen_deprivation_mit9313_mit9313_microarray,MICROARRAY,24h,0.605637495,1.0,not_significant
background_N,Prochlorococcus MIT9313,PMT0535,10.1038/msb4100087_nitrogen_nitrogen_deprivation_mit9313_mit9313_microarray,MICROARRAY,0h,-0.605050207,1.0,not_significant
background_N,Prochlorococcus MIT9313,PMT1379,10.1038/msb4100087_nitrogen_nitrogen_deprivation_mit9313_mit9313_microarray,MICROARRAY,48h,0.597729966,1.0,not_significant
background_N,Prochlorococcus MIT9313,PMT0617,10.1038/msb4100087_nitrogen_nitrogen_deprivation_mit9313_mit9313_microarray,MICROARRAY,6h,-0.596735479,1.0,not_significant
background_N,Prochlorococcus MIT9313,PMT0216,10.1038/msb4100087_nitrogen_nitrogen_deprivation_mit9313_mit9313_microarray,MICROARRAY,0h,-0.589738488,1.0,not_significant
background_N,Prochlorococcus MIT9313,PMT1703,10.1038/msb4100087_nitrogen_nitrogen_deprivation_mit9313_mit9313_microarray,MICROARRAY,24h,0.588556959,1.0,not_significant
background_N,Prochlorococcus MIT9313,PMT1690,10.1038/msb4100087_nitrogen_nitrogen_deprivation_mit9313_mit9313_microarray,MICROARRAY,0h,-0.585382668,1.0,not_significant
background_N,Prochlorococcus MIT9313,PMT1376,10.1038/msb4100087_nitrogen_nitrogen_deprivation_mit9313_mit9313_microarray,MICROARRAY,24h,-0.584514809,1.0,not_significant
background_N,Prochlorococcus MIT9313,PMT0535,10.1038/msb4100087_nitrogen_nitrogen_deprivation_mit9313_mit9313_microarray,MICROARRAY,6h,-0.582661196,1.0,not_significant
background_N,Prochlorococcus MIT9313,PMT2158,10.1038/msb4100087_nitrogen_nitrogen_deprivation_mit9313_mit9313_microarray,MICROARRAY,0h,0.574611973,1.0,not_significant
background_N,Prochlorococcus MIT9313,PMT1125,10.1038/msb4100087_nitrogen_nitrogen_deprivation_mit9313_mit9313_microarray,MICROARRAY,48h,-0.574019493,1.0,not_significant
background_N,Prochlorococcus MIT9313,PMT1686,10.1038/msb4100087_nitrogen_nitrogen_deprivation_mit9313_mit9313_microarray,MICROARRAY,12h,-0.572668487,1.0,not_significant
background_N,Prochlorococcus MIT9313,PMT0715,10.1038/msb4100087_nitrogen_nitrogen_deprivation_mit9313_mit9313_microarray,MICROARRAY,24h,-0.571528015,1.0,not_significant
background_N,Prochlorococcus MIT9313,PMT1379,10.1038/msb4100087_nitrogen_nitrogen_deprivation_mit9313_mit9313_microarray,MICROARRAY,12h,0.564210108,1.0,not_significant
background_N,Prochlorococcus MIT9313,PMT1277,10.1038/msb4100087_nitrogen_nitrogen_deprivation_mit9313_mit9313_microarray,MICROARRAY,24h,0.56315377,1.0,not_significant
background_N,Prochlorococcus MIT9313,PMT0617,10.1038/msb4100087_nitrogen_nitrogen_deprivation_mit9313_mit9313_microarray,MICROARRAY,24h,-0.560639716,1.0,not_significant
background_N,Prochlorococcus MIT9313,PMT1326,10.1038/msb4100087_nitrogen_nitrogen_deprivation_mit9313_mit9313_microarray,MICROARRAY,12h,0.558818721,1.0,not_significant
background_N,Prochlorococcus MIT9313,PMT1633,10.1038/msb4100087_nitrogen_nitrogen_deprivation_mit9313_mit9313_microarray,MICROARRAY,48h,-0.558720617,1.0,not_significant
background_N,Prochlorococcus MIT9313,PMT0826,10.1038/msb4100087_nitrogen_nitrogen_deprivation_mit9313_mit9313_microarray,MICROARRAY,6h,-0.556466044,1.0,not_significant
background_N,Prochlorococcus MIT9313,PMT0301,10.1038/msb4100087_nitrogen_nitrogen_deprivation_mit9313_mit9313_microarray,MICROARRAY,3h,0.553406251,1.0,not_significant
background_N,Prochlorococcus MIT9313,PMT0878,10.1038/msb4100087_nitrogen_nitrogen_deprivation_mit9313_mit9313_microarray,MICROARRAY,12h,0.548947194,1.0,not_significant
background_N,Prochlorococcus MIT9313,PMT0826,10.1038/msb4100087_nitrogen_nitrogen_deprivation_mit9313_mit9313_microarray,MICROARRAY,48h,0.546788424,1.0,not_significant
background_N,Prochlorococcus MIT9313,PMT1497,10.1038/msb4100087_nitrogen_nitrogen_deprivation_mit9313_mit9313_microarray,MICROARRAY,12h,0.539508285,1.0,not_significant
background_N,Prochlorococcus MIT9313,PMT0256,10.1038/msb4100087_nitrogen_nitrogen_deprivation_mit9313_mit9313_microarray,MICROARRAY,3h,0.53504541,1.0,not_significant
background_N,Prochlorococcus MIT9313,PMT0464,10.1038/msb4100087_nitrogen_nitrogen_deprivation_mit9313_mit9313_microarray,MICROARRAY,24h,-0.534143453,1.0,not_significant
background_N,Prochlorococcus MIT9313,PMT1686,10.1038/msb4100087_nitrogen_nitrogen_deprivation_mit9313_mit9313_microarray,MICROARRAY,48h,-0.526781321,1.0,not_significant
background_N,Prochlorococcus MIT9313,PMT0301,10.1038/msb4100087_nitrogen_nitrogen_deprivation_mit9313_mit9313_microarray,MICROARRAY,24h,0.515819917,1.0,not_significant
background_N,Prochlorococcus MIT9313,PMT0239,10.1038/msb4100087_nitrogen_nitrogen_deprivation_mit9313_mit9313_microarray,MICROARRAY,0h,0.514666888,1.0,not_significant
background_N,Prochlorococcus MIT9313,PMT2013,10.1038/msb4100087_nitrogen_nitrogen_deprivation_mit9313_mit9313_microarray,MICROARRAY,12h,-0.511949393,1.0,not_significant
background_N,Prochlorococcus MIT9313,PMT0712,10.1038/msb4100087_nitrogen_nitrogen_deprivation_mit9313_mit9313_microarray,MICROARRAY,6h,-0.509600309,1.0,not_significant
background_N,Prochlorococcus MIT9313,PMT0693,10.1038/msb4100087_nitrogen_nitrogen_deprivation_mit9313_mit9313_microarray,MICROARRAY,6h,-0.508224921,1.0,not_significant
background_N,Prochlorococcus MIT9313,PMT2180,10.1038/msb4100087_nitrogen_nitrogen_deprivation_mit9313_mit9313_microarray,MICROARRAY,0h,0.50803317,1.0,not_significant
background_N,Prochlorococcus MIT9313,PMT0759,10.1038/msb4100087_nitrogen_nitrogen_deprivation_mit9313_mit9313_microarray,MICROARRAY,6h,0.506566652,1.0,not_significant
background_N,Prochlorococcus MIT9313,PMT0296,10.1038/msb4100087_nitrogen_nitrogen_deprivation_mit9313_mit9313_microarray,MICROARRAY,12h,0.503748444,1.0,not_significant
background_N,Prochlorococcus MIT9313,PMT0111,10.1038/msb4100087_nitrogen_nitrogen_deprivation_mit9313_mit9313_microarray,MICROARRAY,48h,-0.502640931,1.0,not_significant
background_N,Prochlorococcus MIT9313,PMT1322,10.1038/msb4100087_nitrogen_nitrogen_deprivation_mit9313_mit9313_microarray,MICROARRAY,12h,-0.494453717,1.0,not_significant
background_N,Prochlorococcus MIT9313,PMT0663,10.1038/msb4100087_nitrogen_nitrogen_deprivation_mit9313_mit9313_microarray,MICROARRAY,24h,-0.493552754,1.0,not_significant
background_N,Prochlorococcus MIT9313,PMT1146,10.1038/msb4100087_nitrogen_nitrogen_deprivation_mit9313_mit9313_microarray,MICROARRAY,24h,0.491416663,1.0,not_significant
background_N,Prochlorococcus MIT9313,PMT1316,10.1038/msb4100087_nitrogen_nitrogen_deprivation_mit9313_mit9313_microarray,MICROARRAY,12h,-0.490807999,1.0,not_significant
background_N,Prochlorococcus MIT9313,PMT1241,10.1038/msb4100087_nitrogen_nitrogen_deprivation_mit9313_mit9313_microarray,MICROARRAY,24h,0.48944983,1.0,not_significant
background_N,Prochlorococcus MIT9313,PMT0715,10.1038/msb4100087_nitrogen_nitrogen_deprivation_mit9313_mit9313_microarray,MICROARRAY,6h,-0.488775805,1.0,not_significant
background_N,Prochlorococcus MIT9313,PMT2179,10.1038/msb4100087_nitrogen_nitrogen_deprivation_mit9313_mit9313_microarray,MICROARRAY,24h,-0.486356627,1.0,not_significant
background_N,Prochlorococcus MIT9313,PMT_1130,10.1038/msb4100087_nitrogen_nitrogen_deprivation_mit9313_mit9313_microarray,MICROARRAY,6h,0.486171813,1.0,not_significant
background_N,Prochlorococcus MIT9313,PMT_2119,10.1038/msb4100087_nitrogen_nitrogen_deprivation_mit9313_mit9313_microarray,MICROARRAY,12h,-0.485991785,1.0,not_significant
background_N,Prochlorococcus MIT9313,PMT0917,10.1038/msb4100087_nitrogen_nitrogen_deprivation_mit9313_mit9313_microarray,MICROARRAY,12h,-0.485729679,1.0,not_significant
background_N,Prochlorococcus MIT9313,PMT1503,10.1038/msb4100087_nitrogen_nitrogen_deprivation_mit9313_mit9313_microarray,MICROARRAY,6h,-0.482611799,1.0,not_significant
background_N,Prochlorococcus MIT9313,PMT0057,10.1038/msb4100087_nitrogen_nitrogen_deprivation_mit9313_mit9313_microarray,MICROARRAY,24h,-0.481175796,1.0,not_significant
background_N,Prochlorococcus MIT9313,PMT0358,10.1038/msb4100087_nitrogen_nitrogen_deprivation_mit9313_mit9313_microarray,MICROARRAY,6h,0.479332339,1.0,not_significant
background_N,Prochlorococcus MIT9313,PMT_1130,10.1038/msb4100087_nitrogen_nitrogen_deprivation_mit9313_mit9313_microarray,MICROARRAY,48h,-0.477140406,1.0,not_significant
background_N,Prochlorococcus MIT9313,PMT0368,10.1038/msb4100087_nitrogen_nitrogen_deprivation_mit9313_mit9313_microarray,MICROARRAY,12h,-0.471060419,1.0,not_significant
background_N,Prochlorococcus MIT9313,PMT1168,10.1038/msb4100087_nitrogen_nitrogen_deprivation_mit9313_mit9313_microarray,MICROARRAY,48h,0.469623444,1.0,not_significant
background_N,Prochlorococcus MIT9313,PMT1125,10.1038/msb4100087_nitrogen_nitrogen_deprivation_mit9313_mit9313_microarray,MICROARRAY,24h,-0.46828216,1.0,not_significant
background_N,Prochlorococcus MIT9313,PMT1470,10.1038/msb4100087_nitrogen_nitrogen_deprivation_mit9313_mit9313_microarray,MICROARRAY,0h,-0.467869176,1.0,not_significant
background_N,Prochlorococcus MIT9313,PMT1535,10.1038/msb4100087_nitrogen_nitrogen_deprivation_mit9313_mit9313_microarray,MICROARRAY,0h,-0.466453586,1.0,not_significant
background_N,Prochlorococcus MIT9313,PMT0438,10.1038/msb4100087_nitrogen_nitrogen_deprivation_mit9313_mit9313_microarray,MICROARRAY,24h,-0.464171077,1.0,not_significant
background_N,Prochlorococcus MIT9313,PMT1188,10.1038/msb4100087_nitrogen_nitrogen_deprivation_mit9313_mit9313_microarray,MICROARRAY,12h,0.463620621,1.0,not_significant
background_N,Prochlorococcus MIT9313,PMT1794,10.1038/msb4100087_nitrogen_nitrogen_deprivation_mit9313_mit9313_microarray,MICROARRAY,12h,-0.462989282,1.0,not_significant
background_N,Prochlorococcus MIT9313,PMT0751,10.1038/msb4100087_nitrogen_nitrogen_deprivation_mit9313_mit9313_microarray,MICROARRAY,24h,-0.459637003,1.0,not_significant
background_N,Prochlorococcus MIT9313,PMT0451,10.1038/msb4100087_nitrogen_nitrogen_deprivation_mit9313_mit9313_microarray,MICROARRAY,0h,-0.459009409,1.0,not_significant
background_N,Prochlorococcus MIT9313,PMT2251,10.1038/msb4100087_nitrogen_nitrogen_deprivation_mit9313_mit9313_microarray,MICROARRAY,48h,0.458439835,1.0,not_significant
background_N,Prochlorococcus MIT9313,PMT1678,10.1038/msb4100087_nitrogen_nitrogen_deprivation_mit9313_mit9313_microarray,MICROARRAY,6h,-0.455432404,1.0,not_significant
background_N,Prochlorococcus MIT9313,PMT0943,10.1038/msb4100087_nitrogen_nitrogen_deprivation_mit9313_mit9313_microarray,MICROARRAY,0h,0.454159861,1.0,not_significant
background_N,Prochlorococcus MIT9313,PMT2179,10.1038/msb4100087_nitrogen_nitrogen_deprivation_mit9313_mit9313_microarray,MICROARRAY,6h,-0.452962098,1.0,not_significant
background_N,Prochlorococcus MIT9313,PMT1398,10.1038/msb4100087_nitrogen_nitrogen_deprivation_mit9313_mit9313_microarray,MICROARRAY,48h,-0.450226876,1.0,not_significant
background_N,Prochlorococcus MIT9313,PMT2154,10.1038/msb4100087_nitrogen_nitrogen_deprivation_mit9313_mit9313_microarray,MICROARRAY,12h,0.450060585,1.0,not_significant
background_N,Prochlorococcus MIT9313,PMT1185,10.1038/msb4100087_nitrogen_nitrogen_deprivation_mit9313_mit9313_microarray,MICROARRAY,3h,0.447796046,1.0,not_significant
background_N,Prochlorococcus MIT9313,PMT0404,10.1038/msb4100087_nitrogen_nitrogen_deprivation_mit9313_mit9313_microarray,MICROARRAY,12h,-0.446193954,1.0,not_significant
background_N,Prochlorococcus MIT9313,PMT2180,10.1038/msb4100087_nitrogen_nitrogen_deprivation_mit9313_mit9313_microarray,MICROARRAY,48h,-0.445569891,1.0,not_significant
background_N,Prochlorococcus MIT9313,PMT0617,10.1038/msb4100087_nitrogen_nitrogen_deprivation_mit9313_mit9313_microarray,MICROARRAY,48h,-0.443606386,1.0,not_significant
background_N,Prochlorococcus MIT9313,PMT1329,10.1038/msb4100087_nitrogen_nitrogen_deprivation_mit9313_mit9313_microarray,MICROARRAY,24h,0.440122135,1.0,not_significant
background_N,Prochlorococcus MIT9313,PMT_0929,10.1038/msb4100087_nitrogen_nitrogen_deprivation_mit9313_mit9313_microarray,MICROARRAY,6h,0.439165198,1.0,not_significant
background_N,Prochlorococcus MIT9313,PMT0826,10.1038/msb4100087_nitrogen_nitrogen_deprivation_mit9313_mit9313_microarray,MICROARRAY,0h,0.438912371,1.0,not_significant
background_N,Prochlorococcus MIT9313,PMT0298,10.1038/msb4100087_nitrogen_nitrogen_deprivation_mit9313_mit9313_microarray,MICROARRAY,48h,-0.433076092,1.0,not_significant
background_N,Prochlorococcus MIT9313,PMT1678,10.1038/msb4100087_nitrogen_nitrogen_deprivation_mit9313_mit9313_microarray,MICROARRAY,12h,0.43226752,1.0,not_significant
background_N,Prochlorococcus MIT9313,PMT1185,10.1038/msb4100087_nitrogen_nitrogen_deprivation_mit9313_mit9313_microarray,MICROARRAY,12h,0.430807875,1.0,not_significant
background_N,Prochlorococcus MIT9313,PMT1535,10.1038/msb4100087_nitrogen_nitrogen_deprivation_mit9313_mit9313_microarray,MICROARRAY,24h,0.428776855,1.0,not_significant
background_N,Prochlorococcus MIT9313,PMT0467,10.1038/msb4100087_nitrogen_nitrogen_deprivation_mit9313_mit9313_microarray,MICROARRAY,6h,0.427646313,1.0,not_significant
background_N,Prochlorococcus MIT9313,PMT1344,10.1038/msb4100087_nitrogen_nitrogen_deprivation_mit9313_mit9313_microarray,MICROARRAY,48h,-0.427502518,1.0,not_significant
background_N,Prochlorococcus MIT9313,PMT1703,10.1038/msb4100087_nitrogen_nitrogen_deprivation_mit9313_mit9313_microarray,MICROARRAY,3h,0.427262326,1.0,not_significant
background_N,Prochlorococcus MIT9313,PMT0903,10.1038/msb4100087_nitrogen_nitrogen_deprivation_mit9313_mit9313_microarray,MICROARRAY,24h,-0.426872367,1.0,not_significant
background_N,Prochlorococcus MIT9313,PMT0451,10.1038/msb4100087_nitrogen_nitrogen_deprivation_mit9313_mit9313_microarray,MICROARRAY,48h,0.416267383,1.0,not_significant
background_N,Prochlorococcus MIT9313,PMT0536,10.1038/msb4100087_nitrogen_nitrogen_deprivation_mit9313_mit9313_microarray,MICROARRAY,3h,-0.415929235,1.0,not_significant
background_N,Prochlorococcus MIT9313,PMT0751,10.1038/msb4100087_nitrogen_nitrogen_deprivation_mit9313_mit9313_microarray,MICROARRAY,0h,-0.411320541,1.0,not_significant
background_N,Prochlorococcus MIT9313,PMT0754,10.1038/msb4100087_nitrogen_nitrogen_deprivation_mit9313_mit9313_microarray,MICROARRAY,6h,-0.410938811,1.0,not_significant
background_N,Prochlorococcus MIT9313,PMT2130,10.1038/msb4100087_nitrogen_nitrogen_deprivation_mit9313_mit9313_microarray,MICROARRAY,24h,-0.403545099,1.0,not_significant
background_N,Prochlorococcus MIT9313,PMT2154,10.1038/msb4100087_nitrogen_nitrogen_deprivation_mit9313_mit9313_microarray,MICROARRAY,24h,0.402544234,1.0,not_significant
background_N,Prochlorococcus MIT9313,PMT0754,10.1038/msb4100087_nitrogen_nitrogen_deprivation_mit9313_mit9313_microarray,MICROARRAY,0h,-0.40219867,1.0,not_significant
background_N,Prochlorococcus MIT9313,PMT0045,10.1038/msb4100087_nitrogen_nitrogen_deprivation_mit9313_mit9313_microarray,MICROARRAY,48h,-0.398326631,1.0,not_significant
background_N,Prochlorococcus MIT9313,PMT_2147,10.1038/msb4100087_nitrogen_nitrogen_deprivation_mit9313_mit9313_microarray,MICROARRAY,12h,0.397265108,1.0,not_significant
background_N,Prochlorococcus MIT9313,PMT1767,10.1038/msb4100087_nitrogen_nitrogen_deprivation_mit9313_mit9313_microarray,MICROARRAY,12h,-0.394352209,1.0,not_significant
background_N,Prochlorococcus MIT9313,PMT1625,10.1038/msb4100087_nitrogen_nitrogen_deprivation_mit9313_mit9313_microarray,MICROARRAY,6h,0.391811146,1.0,not_significant
background_N,Prochlorococcus MIT9313,PMT2002,10.1038/msb4100087_nitrogen_nitrogen_deprivation_mit9313_mit9313_microarray,MICROARRAY,0h,-0.391640355,1.0,not_significant
background_N,Prochlorococcus MIT9313,PMT0536,10.1038/msb4100087_nitrogen_nitrogen_deprivation_mit9313_mit9313_microarray,MICROARRAY,0h,-0.391623244,1.0,not_significant
background_N,Prochlorococcus MIT9313,PMT1503,10.1038/msb4100087_nitrogen_nitrogen_deprivation_mit9313_mit9313_microarray,MICROARRAY,0h,-0.390761238,1.0,not_significant
background_N,Prochlorococcus MIT9313,PMT1344,10.1038/msb4100087_nitrogen_nitrogen_deprivation_mit9313_mit9313_microarray,MICROARRAY,24h,0.385876465,1.0,not_significant
background_N,Prochlorococcus MIT9313,PMT1386,10.1038/msb4100087_nitrogen_nitrogen_deprivation_mit9313_mit9313_microarray,MICROARRAY,6h,0.383892523,1.0,not_significant
background_N,Prochlorococcus MIT9313,PMT1646,10.1038/msb4100087_nitrogen_nitrogen_deprivation_mit9313_mit9313_microarray,MICROARRAY,6h,-0.374778658,1.0,not_significant
background_N,Prochlorococcus MIT9313,PMT_1130,10.1038/msb4100087_nitrogen_nitrogen_deprivation_mit9313_mit9313_microarray,MICROARRAY,0h,0.37459037,1.0,not_significant
background_N,Prochlorococcus MIT9313,PMT1146,10.1038/msb4100087_nitrogen_nitrogen_deprivation_mit9313_mit9313_microarray,MICROARRAY,48h,0.374313204,1.0,not_significant
background_N,Prochlorococcus MIT9313,PMT2013,10.1038/msb4100087_nitrogen_nitrogen_deprivation_mit9313_mit9313_microarray,MICROARRAY,6h,-0.370711166,1.0,not_significant
background_N,Prochlorococcus MIT9313,PMT0368,10.1038/msb4100087_nitrogen_nitrogen_deprivation_mit9313_mit9313_microarray,MICROARRAY,6h,0.363348395,1.0,not_significant
background_N,Prochlorococcus MIT9313,PMT1277,10.1038/msb4100087_nitrogen_nitrogen_deprivation_mit9313_mit9313_microarray,MICROARRAY,6h,0.358414317,1.0,not_significant
background_N,Prochlorococcus MIT9313,PMT0265,10.1038/msb4100087_nitrogen_nitrogen_deprivation_mit9313_mit9313_microarray,MICROARRAY,0h,0.358208001,1.0,not_significant
background_N,Prochlorococcus MIT9313,PMT0712,10.1038/msb4100087_nitrogen_nitrogen_deprivation_mit9313_mit9313_microarray,MICROARRAY,0h,0.357572057,1.0,not_significant
background_N,Prochlorococcus MIT9313,PMT1326,10.1038/msb4100087_nitrogen_nitrogen_deprivation_mit9313_mit9313_microarray,MICROARRAY,24h,0.357405457,1.0,not_significant
background_N,Prochlorococcus MIT9313,PMT1497,10.1038/msb4100087_nitrogen_nitrogen_deprivation_mit9313_mit9313_microarray,MICROARRAY,6h,-0.354241463,1.0,not_significant
background_N,Prochlorococcus MIT9313,PMT0111,10.1038/msb4100087_nitrogen_nitrogen_deprivation_mit9313_mit9313_microarray,MICROARRAY,0h,0.353737593,1.0,not_significant
background_N,Prochlorococcus MIT9313,PMT1690,10.1038/msb4100087_nitrogen_nitrogen_deprivation_mit9313_mit9313_microarray,MICROARRAY,3h,0.353699806,1.0,not_significant
background_N,Prochlorococcus MIT9313,PMT1381,10.1038/msb4100087_nitrogen_nitrogen_deprivation_mit9313_mit9313_microarray,MICROARRAY,48h,-0.353659391,1.0,not_significant
background_N,Prochlorococcus MIT9313,PMT2179,10.1038/msb4100087_nitrogen_nitrogen_deprivation_mit9313_mit9313_microarray,MICROARRAY,12h,-0.352142962,1.0,not_significant
background_N,Prochlorococcus MIT9313,PMT0715,10.1038/msb4100087_nitrogen_nitrogen_deprivation_mit9313_mit9313_microarray,MICROARRAY,0h,-0.34936317,1.0,not_significant
background_N,Prochlorococcus MIT9313,PMT0663,10.1038/msb4100087_nitrogen_nitrogen_deprivation_mit9313_mit9313_microarray,MICROARRAY,0h,-0.34771367,1.0,not_significant
background_N,Prochlorococcus MIT9313,PMT0878,10.1038/msb4100087_nitrogen_nitrogen_deprivation_mit9313_mit9313_microarray,MICROARRAY,3h,0.342532679,1.0,not_significant
background_N,Prochlorococcus MIT9313,PMT0797,10.1038/msb4100087_nitrogen_nitrogen_deprivation_mit9313_mit9313_microarray,MICROARRAY,48h,-0.34219175,1.0,not_significant
background_N,Prochlorococcus MIT9313,PMT0216,10.1038/msb4100087_nitrogen_nitrogen_deprivation_mit9313_mit9313_microarray,MICROARRAY,3h,-0.34193995,1.0,not_significant
background_N,Prochlorococcus MIT9313,PMT0768,10.1038/msb4100087_nitrogen_nitrogen_deprivation_mit9313_mit9313_microarray,MICROARRAY,24h,0.34166861,1.0,not_significant
background_N,Prochlorococcus MIT9313,PMT0693,10.1038/msb4100087_nitrogen_nitrogen_deprivation_mit9313_mit9313_microarray,MICROARRAY,3h,-0.339234095,1.0,not_significant
background_N,Prochlorococcus MIT9313,PMT_2147,10.1038/msb4100087_nitrogen_nitrogen_deprivation_mit9313_mit9313_microarray,MICROARRAY,24h,0.338563853,1.0,not_significant
background_N,Prochlorococcus MIT9313,PMT1703,10.1038/msb4100087_nitrogen_nitrogen_deprivation_mit9313_mit9313_microarray,MICROARRAY,6h,0.337303465,1.0,not_significant
background_N,Prochlorococcus MIT9313,PMT1241,10.1038/msb4100087_nitrogen_nitrogen_deprivation_mit9313_mit9313_microarray,MICROARRAY,48h,0.336527268,1.0,not_significant
background_N,Prochlorococcus MIT9313,PMT0712,10.1038/msb4100087_nitrogen_nitrogen_deprivation_mit9313_mit9313_microarray,MICROARRAY,48h,0.331513366,1.0,not_significant
background_N,Prochlorococcus MIT9313,PMT1218,10.1038/msb4100087_nitrogen_nitrogen_deprivation_mit9313_mit9313_microarray,MICROARRAY,12h,0.331464557,1.0,not_significant
background_N,Prochlorococcus MIT9313,PMT1493,10.1038/msb4100087_nitrogen_nitrogen_deprivation_mit9313_mit9313_microarray,MICROARRAY,3h,0.329881105,1.0,not_significant
background_N,Prochlorococcus MIT9313,PMT0464,10.1038/msb4100087_nitrogen_nitrogen_deprivation_mit9313_mit9313_microarray,MICROARRAY,0h,-0.329818429,1.0,not_significant
background_N,Prochlorococcus MIT9313,PMT2271,10.1038/msb4100087_nitrogen_nitrogen_deprivation_mit9313_mit9313_microarray,MICROARRAY,24h,0.328293103,1.0,not_significant
background_N,Prochlorococcus MIT9313,PMT0154,10.1038/msb4100087_nitrogen_nitrogen_deprivation_mit9313_mit9313_microarray,MICROARRAY,0h,0.326472922,1.0,not_significant
background_N,Prochlorococcus MIT9313,PMT1326,10.1038/msb4100087_nitrogen_nitrogen_deprivation_mit9313_mit9313_microarray,MICROARRAY,3h,0.32328895,1.0,not_significant
background_N,Prochlorococcus MIT9313,PMT0903,10.1038/msb4100087_nitrogen_nitrogen_deprivation_mit9313_mit9313_microarray,MICROARRAY,6h,0.32278921,1.0,not_significant
background_N,Prochlorococcus MIT9313,PMT0789,10.1038/msb4100087_nitrogen_nitrogen_deprivation_mit9313_mit9313_microarray,MICROARRAY,6h,0.321751957,1.0,not_significant
background_N,Prochlorococcus MIT9313,PMT1379,10.1038/msb4100087_nitrogen_nitrogen_deprivation_mit9313_mit9313_microarray,MICROARRAY,6h,-0.320442294,1.0,not_significant
background_N,Prochlorococcus MIT9313,PMT0057,10.1038/msb4100087_nitrogen_nitrogen_deprivation_mit9313_mit9313_microarray,MICROARRAY,6h,-0.318845561,1.0,not_significant
background_N,Prochlorococcus MIT9313,PMT2251,10.1038/msb4100087_nitrogen_nitrogen_deprivation_mit9313_mit9313_microarray,MICROARRAY,3h,0.316625069,1.0,not_significant
background_N,Prochlorococcus MIT9313,PMT2130,10.1038/msb4100087_nitrogen_nitrogen_deprivation_mit9313_mit9313_microarray,MICROARRAY,12h,-0.314634106,1.0,not_significant
background_N,Prochlorococcus MIT9313,PMT1985,10.1038/msb4100087_nitrogen_nitrogen_deprivation_mit9313_mit9313_microarray,MICROARRAY,6h,0.313709047,1.0,not_significant
background_N,Prochlorococcus MIT9313,PMT0917,10.1038/msb4100087_nitrogen_nitrogen_deprivation_mit9313_mit9313_microarray,MICROARRAY,0h,0.313124408,1.0,not_significant
background_N,Prochlorococcus MIT9313,PMT1792,10.1038/msb4100087_nitrogen_nitrogen_deprivation_mit9313_mit9313_microarray,MICROARRAY,24h,-0.312846241,1.0,not_significant
background_N,Prochlorococcus MIT9313,PMT1646,10.1038/msb4100087_nitrogen_nitrogen_deprivation_mit9313_mit9313_microarray,MICROARRAY,12h,-0.31241255,1.0,not_significant
background_N,Prochlorococcus MIT9313,PMT1861,10.1038/msb4100087_nitrogen_nitrogen_deprivation_mit9313_mit9313_microarray,MICROARRAY,48h,0.306027915,1.0,not_significant
background_N,Prochlorococcus MIT9313,PMT1985,10.1038/msb4100087_nitrogen_nitrogen_deprivation_mit9313_mit9313_microarray,MICROARRAY,12h,0.298179699,1.0,not_significant
background_N,Prochlorococcus MIT9313,PMT1316,10.1038/msb4100087_nitrogen_nitrogen_deprivation_mit9313_mit9313_microarray,MICROARRAY,6h,-0.297383845,1.0,not_significant
background_N,Prochlorococcus MIT9313,PMT1866,10.1038/msb4100087_nitrogen_nitrogen_deprivation_mit9313_mit9313_microarray,MICROARRAY,6h,-0.297277292,1.0,not_significant
background_N,Prochlorococcus MIT9313,PMT1168,10.1038/msb4100087_nitrogen_nitrogen_deprivation_mit9313_mit9313_microarray,MICROARRAY,0h,-0.294978139,1.0,not_significant
background_N,Prochlorococcus MIT9313,PMT1493,10.1038/msb4100087_nitrogen_nitrogen_deprivation_mit9313_mit9313_microarray,MICROARRAY,12h,0.294273406,1.0,not_significant
background_N,Prochlorococcus MIT9313,PMT0663,10.1038/msb4100087_nitrogen_nitrogen_deprivation_mit9313_mit9313_microarray,MICROARRAY,48h,0.293833514,1.0,not_significant
background_N,Prochlorococcus MIT9313,PMT0730,10.1038/msb4100087_nitrogen_nitrogen_deprivation_mit9313_mit9313_microarray,MICROARRAY,6h,0.293731457,1.0,not_significant
background_N,Prochlorococcus MIT9313,PMT2130,10.1038/msb4100087_nitrogen_nitrogen_deprivation_mit9313_mit9313_microarray,MICROARRAY,0h,0.293470903,1.0,not_significant
background_N,Prochlorococcus MIT9313,PMT1583,10.1038/msb4100087_nitrogen_nitrogen_deprivation_mit9313_mit9313_microarray,MICROARRAY,3h,0.292852361,1.0,not_significant
background_N,Prochlorococcus MIT9313,PMT0467,10.1038/msb4100087_nitrogen_nitrogen_deprivation_mit9313_mit9313_microarray,MICROARRAY,48h,0.291964648,1.0,not_significant
background_N,Prochlorococcus MIT9313,PMT2251,10.1038/msb4100087_nitrogen_nitrogen_deprivation_mit9313_mit9313_microarray,MICROARRAY,6h,-0.289059117,1.0,not_significant
background_N,Prochlorococcus MIT9313,PMT0034,10.1038/msb4100087_nitrogen_nitrogen_deprivation_mit9313_mit9313_microarray,MICROARRAY,48h,0.28885235,1.0,not_significant
background_N,Prochlorococcus MIT9313,PMT2154,10.1038/msb4100087_nitrogen_nitrogen_deprivation_mit9313_mit9313_microarray,MICROARRAY,3h,0.287201725,1.0,not_significant
background_N,Prochlorococcus MIT9313,PMT0467,10.1038/msb4100087_nitrogen_nitrogen_deprivation_mit9313_mit9313_microarray,MICROARRAY,3h,0.28647993,1.0,not_significant
background_N,Prochlorococcus MIT9313,PMT0943,10.1038/msb4100087_nitrogen_nitrogen_deprivation_mit9313_mit9313_microarray,MICROARRAY,3h,0.28637847,1.0,not_significant
background_N,Prochlorococcus MIT9313,PMT0789,10.1038/msb4100087_nitrogen_nitrogen_deprivation_mit9313_mit9313_microarray,MICROARRAY,24h,0.284126688,1.0,not_significant
background_N,Prochlorococcus MIT9313,PMT0034,10.1038/msb4100087_nitrogen_nitrogen_deprivation_mit9313_mit9313_microarray,MICROARRAY,24h,-0.283551872,1.0,not_significant
background_N,Prochlorococcus MIT9313,PMT1188,10.1038/msb4100087_nitrogen_nitrogen_deprivation_mit9313_mit9313_microarray,MICROARRAY,48h,0.281999396,1.0,not_significant
background_N,Prochlorococcus MIT9313,PMT0751,10.1038/msb4100087_nitrogen_nitrogen_deprivation_mit9313_mit9313_microarray,MICROARRAY,3h,-0.280604635,1.0,not_significant
background_N,Prochlorococcus MIT9313,PMT1185,10.1038/msb4100087_nitrogen_nitrogen_deprivation_mit9313_mit9313_microarray,MICROARRAY,6h,0.280053019,1.0,not_significant
background_N,Prochlorococcus MIT9313,PMT0368,10.1038/msb4100087_nitrogen_nitrogen_deprivation_mit9313_mit9313_microarray,MICROARRAY,48h,-0.278112056,1.0,not_significant
background_N,Prochlorococcus MIT9313,PMT1703,10.1038/msb4100087_nitrogen_nitrogen_deprivation_mit9313_mit9313_microarray,MICROARRAY,48h,0.278064744,1.0,not_significant
background_N,Prochlorococcus MIT9313,PMT1703,10.1038/msb4100087_nitrogen_nitrogen_deprivation_mit9313_mit9313_microarray,MICROARRAY,12h,0.274483669,1.0,not_significant
background_N,Prochlorococcus MIT9313,PMT1403,10.1038/msb4100087_nitrogen_nitrogen_deprivation_mit9313_mit9313_microarray,MICROARRAY,24h,0.270382157,1.0,not_significant
background_N,Prochlorococcus MIT9313,PMT0789,10.1038/msb4100087_nitrogen_nitrogen_deprivation_mit9313_mit9313_microarray,MICROARRAY,48h,0.270157957,1.0,not_significant
background_N,Prochlorococcus MIT9313,PMT1218,10.1038/msb4100087_nitrogen_nitrogen_deprivation_mit9313_mit9313_microarray,MICROARRAY,3h,0.267815944,1.0,not_significant
background_N,Prochlorococcus MIT9313,PMT2271,10.1038/msb4100087_nitrogen_nitrogen_deprivation_mit9313_mit9313_microarray,MICROARRAY,3h,-0.266572307,1.0,not_significant
background_N,Prochlorococcus MIT9313,PMT1326,10.1038/msb4100087_nitrogen_nitrogen_deprivation_mit9313_mit9313_microarray,MICROARRAY,48h,-0.265111931,1.0,not_significant
background_N,Prochlorococcus MIT9313,PMT0787,10.1038/msb4100087_nitrogen_nitrogen_deprivation_mit9313_mit9313_microarray,MICROARRAY,48h,0.2638761,1.0,not_significant
background_N,Prochlorococcus MIT9313,PMT0903,10.1038/msb4100087_nitrogen_nitrogen_deprivation_mit9313_mit9313_microarray,MICROARRAY,48h,0.262367143,1.0,not_significant
background_N,Prochlorococcus MIT9313,PMT1344,10.1038/msb4100087_nitrogen_nitrogen_deprivation_mit9313_mit9313_microarray,MICROARRAY,12h,0.262227087,1.0,not_significant
background_N,Prochlorococcus MIT9313,PMT0787,10.1038/msb4100087_nitrogen_nitrogen_deprivation_mit9313_mit9313_microarray,MICROARRAY,6h,0.260608706,1.0,not_significant
background_N,Prochlorococcus MIT9313,PMT0797,10.1038/msb4100087_nitrogen_nitrogen_deprivation_mit9313_mit9313_microarray,MICROARRAY,12h,0.25899411,1.0,not_significant
background_N,Prochlorococcus MIT9313,PMT2013,10.1038/msb4100087_nitrogen_nitrogen_deprivation_mit9313_mit9313_microarray,MICROARRAY,0h,0.256814192,1.0,not_significant
background_N,Prochlorococcus MIT9313,PMT0535,10.1038/msb4100087_nitrogen_nitrogen_deprivation_mit9313_mit9313_microarray,MICROARRAY,3h,-0.256508428,1.0,not_significant
background_N,Prochlorococcus MIT9313,PMT0751,10.1038/msb4100087_nitrogen_nitrogen_deprivation_mit9313_mit9313_microarray,MICROARRAY,12h,-0.25411389,1.0,not_significant
background_N,Prochlorococcus MIT9313,PMT0265,10.1038/msb4100087_nitrogen_nitrogen_deprivation_mit9313_mit9313_microarray,MICROARRAY,6h,-0.249966687,1.0,not_significant
background_N,Prochlorococcus MIT9313,PMT1185,10.1038/msb4100087_nitrogen_nitrogen_deprivation_mit9313_mit9313_microarray,MICROARRAY,0h,-0.249750077,1.0,not_significant
background_N,Prochlorococcus MIT9313,PMT2002,10.1038/msb4100087_nitrogen_nitrogen_deprivation_mit9313_mit9313_microarray,MICROARRAY,12h,-0.249312782,1.0,not_significant
background_N,Prochlorococcus MIT9313,PMT0797,10.1038/msb4100087_nitrogen_nitrogen_deprivation_mit9313_mit9313_microarray,MICROARRAY,3h,0.248886819,1.0,not_significant
background_N,Prochlorococcus MIT9313,PMT1218,10.1038/msb4100087_nitrogen_nitrogen_deprivation_mit9313_mit9313_microarray,MICROARRAY,6h,0.246045418,1.0,not_significant
background_N,Prochlorococcus MIT9313,PMT0265,10.1038/msb4100087_nitrogen_nitrogen_deprivation_mit9313_mit9313_microarray,MICROARRAY,12h,-0.243354943,1.0,not_significant
background_N,Prochlorococcus MIT9313,PMT0726,10.1038/msb4100087_nitrogen_nitrogen_deprivation_mit9313_mit9313_microarray,MICROARRAY,3h,-0.243152598,1.0,not_significant
background_N,Prochlorococcus MIT9313,PMT1403,10.1038/msb4100087_nitrogen_nitrogen_deprivation_mit9313_mit9313_microarray,MICROARRAY,48h,-0.242978901,1.0,not_significant
background_N,Prochlorococcus MIT9313,PMT2251,10.1038/msb4100087_nitrogen_nitrogen_deprivation_mit9313_mit9313_microarray,MICROARRAY,0h,0.241275411,1.0,not_significant
background_N,Prochlorococcus MIT9313,PMT1381,10.1038/msb4100087_nitrogen_nitrogen_deprivation_mit9313_mit9313_microarray,MICROARRAY,6h,-0.240997237,1.0,not_significant
background_N,Prochlorococcus MIT9313,PMT0154,10.1038/msb4100087_nitrogen_nitrogen_deprivation_mit9313_mit9313_microarray,MICROARRAY,6h,0.240348123,1.0,not_significant
background_N,Prochlorococcus MIT9313,PMT1145,10.1038/msb4100087_nitrogen_nitrogen_deprivation_mit9313_mit9313_microarray,MICROARRAY,24h,0.239582977,1.0,not_significant
background_N,Prochlorococcus MIT9313,PMT0878,10.1038/msb4100087_nitrogen_nitrogen_deprivation_mit9313_mit9313_microarray,MICROARRAY,0h,0.238105517,1.0,not_significant
background_N,Prochlorococcus MIT9313,PMT1277,10.1038/msb4100087_nitrogen_nitrogen_deprivation_mit9313_mit9313_microarray,MICROARRAY,3h,0.23518149,1.0,not_significant
background_N,Prochlorococcus MIT9313,PMT1703,10.1038/msb4100087_nitrogen_nitrogen_deprivation_mit9313_mit9313_microarray,MICROARRAY,0h,0.234791852,1.0,not_significant
background_N,Prochlorococcus MIT9313,PMT0265,10.1038/msb4100087_nitrogen_nitrogen_deprivation_mit9313_mit9313_microarray,MICROARRAY,24h,0.23401907,1.0,not_significant
background_N,Prochlorococcus MIT9313,PMT0368,10.1038/msb4100087_nitrogen_nitrogen_deprivation_mit9313_mit9313_microarray,MICROARRAY,0h,-0.232435373,1.0,not_significant
background_N,Prochlorococcus MIT9313,PMT0943,10.1038/msb4100087_nitrogen_nitrogen_deprivation_mit9313_mit9313_microarray,MICROARRAY,12h,0.231849186,1.0,not_significant
background_N,Prochlorococcus MIT9313,PMT1188,10.1038/msb4100087_nitrogen_nitrogen_deprivation_mit9313_mit9313_microarray,MICROARRAY,0h,-0.229319847,1.0,not_significant
background_N,Prochlorococcus MIT9313,PMT0467,10.1038/msb4100087_nitrogen_nitrogen_deprivation_mit9313_mit9313_microarray,MICROARRAY,24h,0.228327911,1.0,not_significant
background_N,Prochlorococcus MIT9313,PMT2154,10.1038/msb4100087_nitrogen_nitrogen_deprivation_mit9313_mit9313_microarray,MICROARRAY,48h,-0.226445592,1.0,not_significant
background_N,Prochlorococcus MIT9313,PMT2271,10.1038/msb4100087_nitrogen_nitrogen_deprivation_mit9313_mit9313_microarray,MICROARRAY,12h,-0.2253434,1.0,not_significant
background_N,Prochlorococcus MIT9313,PMT1218,10.1038/msb4100087_nitrogen_nitrogen_deprivation_mit9313_mit9313_microarray,MICROARRAY,0h,0.223523337,1.0,not_significant
background_N,Prochlorococcus MIT9313,PMT0464,10.1038/msb4100087_nitrogen_nitrogen_deprivation_mit9313_mit9313_microarray,MICROARRAY,12h,-0.221728903,1.0,not_significant
background_N,Prochlorococcus MIT9313,PMT1329,10.1038/msb4100087_nitrogen_nitrogen_deprivation_mit9313_mit9313_microarray,MICROARRAY,12h,-0.219042413,1.0,not_significant
background_N,Prochlorococcus MIT9313,PMT0641,10.1038/msb4100087_nitrogen_nitrogen_deprivation_mit9313_mit9313_microarray,MICROARRAY,0h,-0.217997013,1.0,not_significant
background_N,Prochlorococcus MIT9313,PMT0789,10.1038/msb4100087_nitrogen_nitrogen_deprivation_mit9313_mit9313_microarray,MICROARRAY,12h,0.217337009,1.0,not_significant
background_N,Prochlorococcus MIT9313,PMT1386,10.1038/msb4100087_nitrogen_nitrogen_deprivation_mit9313_mit9313_microarray,MICROARRAY,3h,0.2142903,1.0,not_significant
background_N,Prochlorococcus MIT9313,PMT1376,10.1038/msb4100087_nitrogen_nitrogen_deprivation_mit9313_mit9313_microarray,MICROARRAY,3h,0.211783547,1.0,not_significant
background_N,Prochlorococcus MIT9313,PMT1767,10.1038/msb4100087_nitrogen_nitrogen_deprivation_mit9313_mit9313_microarray,MICROARRAY,3h,0.211424726,1.0,not_significant
background_N,Prochlorococcus MIT9313,PMT0034,10.1038/msb4100087_nitrogen_nitrogen_deprivation_mit9313_mit9313_microarray,MICROARRAY,6h,0.211332671,1.0,not_significant
background_N,Prochlorococcus MIT9313,PMT1322,10.1038/msb4100087_nitrogen_nitrogen_deprivation_mit9313_mit9313_microarray,MICROARRAY,6h,0.210883121,1.0,not_significant
background_N,Prochlorococcus MIT9313,PMT1322,10.1038/msb4100087_nitrogen_nitrogen_deprivation_mit9313_mit9313_microarray,MICROARRAY,0h,-0.208805711,1.0,not_significant
background_N,Prochlorococcus MIT9313,PMT_2147,10.1038/msb4100087_nitrogen_nitrogen_deprivation_mit9313_mit9313_microarray,MICROARRAY,3h,0.208518194,1.0,not_significant
background_N,Prochlorococcus MIT9313,PMT0917,10.1038/msb4100087_nitrogen_nitrogen_deprivation_mit9313_mit9313_microarray,MICROARRAY,3h,0.207299524,1.0,not_significant
background_N,Prochlorococcus MIT9313,PMT2179,10.1038/msb4100087_nitrogen_nitrogen_deprivation_mit9313_mit9313_microarray,MICROARRAY,0h,-0.206882563,1.0,not_significant
background_N,Prochlorococcus MIT9313,PMT0826,10.1038/msb4100087_nitrogen_nitrogen_deprivation_mit9313_mit9313_microarray,MICROARRAY,24h,-0.205072573,1.0,not_significant
background_N,Prochlorococcus MIT9313,PMT0735,10.1038/msb4100087_nitrogen_nitrogen_deprivation_mit9313_mit9313_microarray,MICROARRAY,48h,-0.204665321,1.0,not_significant
background_N,Prochlorococcus MIT9313,PMT1398,10.1038/msb4100087_nitrogen_nitrogen_deprivation_mit9313_mit9313_microarray,MICROARRAY,0h,-0.202588403,1.0,not_significant
background_N,Prochlorococcus MIT9313,PMT0296,10.1038/msb4100087_nitrogen_nitrogen_deprivation_mit9313_mit9313_microarray,MICROARRAY,24h,0.201083631,1.0,not_significant
background_N,Prochlorococcus MIT9313,PMT1218,10.1038/msb4100087_nitrogen_nitrogen_deprivation_mit9313_mit9313_microarray,MICROARRAY,24h,0.199950169,1.0,not_significant
background_N,Prochlorococcus MIT9313,PMT_0929,10.1038/msb4100087_nitrogen_nitrogen_deprivation_mit9313_mit9313_microarray,MICROARRAY,12h,0.196855346,1.0,not_significant
background_N,Prochlorococcus MIT9313,PMT0045,10.1038/msb4100087_nitrogen_nitrogen_deprivation_mit9313_mit9313_microarray,MICROARRAY,0h,-0.194737096,1.0,not_significant
background_N,Prochlorococcus MIT9313,PMT0404,10.1038/msb4100087_nitrogen_nitrogen_deprivation_mit9313_mit9313_microarray,MICROARRAY,3h,0.194359143,1.0,not_significant
background_N,Prochlorococcus MIT9313,PMT0878,10.1038/msb4100087_nitrogen_nitrogen_deprivation_mit9313_mit9313_microarray,MICROARRAY,6h,-0.191615161,1.0,not_significant
background_N,Prochlorococcus MIT9313,PMT1326,10.1038/msb4100087_nitrogen_nitrogen_deprivation_mit9313_mit9313_microarray,MICROARRAY,6h,0.191199389,1.0,not_significant
background_N,Prochlorococcus MIT9313,PMT0438,10.1038/msb4100087_nitrogen_nitrogen_deprivation_mit9313_mit9313_microarray,MICROARRAY,6h,-0.191125589,1.0,not_significant
background_N,Prochlorococcus MIT9313,PMT0759,10.1038/msb4100087_nitrogen_nitrogen_deprivation_mit9313_mit9313_microarray,MICROARRAY,24h,0.189677957,1.0,not_significant
background_N,Prochlorococcus MIT9313,PMT0751,10.1038/msb4100087_nitrogen_nitrogen_deprivation_mit9313_mit9313_microarray,MICROARRAY,6h,-0.18929782,1.0,not_significant
background_N,Prochlorococcus MIT9313,PMT1686,10.1038/msb4100087_nitrogen_nitrogen_deprivation_mit9313_mit9313_microarray,MICROARRAY,0h,-0.188405521,1.0,not_significant
background_N,Prochlorococcus MIT9313,PMT0216,10.1038/msb4100087_nitrogen_nitrogen_deprivation_mit9313_mit9313_microarray,MICROARRAY,6h,-0.188024209,1.0,not_significant
background_N,Prochlorococcus MIT9313,PMT0368,10.1038/msb4100087_nitrogen_nitrogen_deprivation_mit9313_mit9313_microarray,MICROARRAY,3h,-0.187630527,1.0,not_significant
background_N,Prochlorococcus MIT9313,PMT1523,10.1038/msb4100087_nitrogen_nitrogen_deprivation_mit9313_mit9313_microarray,MICROARRAY,6h,-0.186283928,1.0,not_significant
background_N,Prochlorococcus MIT9313,PMT1145,10.1038/msb4100087_nitrogen_nitrogen_deprivation_mit9313_mit9313_microarray,MICROARRAY,6h,-0.185984899,1.0,not_significant
background_N,Prochlorococcus MIT9313,PMT2180,10.1038/msb4100087_nitrogen_nitrogen_deprivation_mit9313_mit9313_microarray,MICROARRAY,3h,0.184947436,1.0,not_significant
background_N,Prochlorococcus MIT9313,PMT0404,10.1038/msb4100087_nitrogen_nitrogen_deprivation_mit9313_mit9313_microarray,MICROARRAY,0h,0.183073264,1.0,not_significant
background_N,Prochlorococcus MIT9313,PMT1398,10.1038/msb4100087_nitrogen_nitrogen_deprivation_mit9313_mit9313_microarray,MICROARRAY,6h,0.183005717,1.0,not_significant
background_N,Prochlorococcus MIT9313,PMT1386,10.1038/msb4100087_nitrogen_nitrogen_deprivation_mit9313_mit9313_microarray,MICROARRAY,48h,0.180472483,1.0,not_significant
background_N,Prochlorococcus MIT9313,PMT0111,10.1038/msb4100087_nitrogen_nitrogen_deprivation_mit9313_mit9313_microarray,MICROARRAY,12h,0.180174639,1.0,not_significant
background_N,Prochlorococcus MIT9313,PMT0467,10.1038/msb4100087_nitrogen_nitrogen_deprivation_mit9313_mit9313_microarray,MICROARRAY,0h,0.175522854,1.0,not_significant
background_N,Prochlorococcus MIT9313,PMT1403,10.1038/msb4100087_nitrogen_nitrogen_deprivation_mit9313_mit9313_microarray,MICROARRAY,6h,0.173458789,1.0,not_significant
background_N,Prochlorococcus MIT9313,PMT2002,10.1038/msb4100087_nitrogen_nitrogen_deprivation_mit9313_mit9313_microarray,MICROARRAY,6h,0.173366555,1.0,not_significant
background_N,Prochlorococcus MIT9313,PMT2179,10.1038/msb4100087_nitrogen_nitrogen_deprivation_mit9313_mit9313_microarray,MICROARRAY,48h,-0.171335087,1.0,not_significant
background_N,Prochlorococcus MIT9313,PMT1497,10.1038/msb4100087_nitrogen_nitrogen_deprivation_mit9313_mit9313_microarray,MICROARRAY,24h,0.169683304,1.0,not_significant
background_N,Prochlorococcus MIT9313,PMT2251,10.1038/msb4100087_nitrogen_nitrogen_deprivation_mit9313_mit9313_microarray,MICROARRAY,12h,-0.169441517,1.0,not_significant
background_N,Prochlorococcus MIT9313,PMT1241,10.1038/msb4100087_nitrogen_nitrogen_deprivation_mit9313_mit9313_microarray,MICROARRAY,0h,0.167573779,1.0,not_significant
background_N,Prochlorococcus MIT9313,PMT0187,10.1038/msb4100087_nitrogen_nitrogen_deprivation_mit9313_mit9313_microarray,MICROARRAY,3h,-0.167410662,1.0,not_significant
background_N,Prochlorococcus MIT9313,PMT0187,10.1038/msb4100087_nitrogen_nitrogen_deprivation_mit9313_mit9313_microarray,MICROARRAY,0h,0.167284802,1.0,not_significant
background_N,Prochlorococcus MIT9313,PMT1379,10.1038/msb4100087_nitrogen_nitrogen_deprivation_mit9313_mit9313_microarray,MICROARRAY,0h,0.166656705,1.0,not_significant
background_N,Prochlorococcus MIT9313,PMT1168,10.1038/msb4100087_nitrogen_nitrogen_deprivation_mit9313_mit9313_microarray,MICROARRAY,3h,-0.16627215,1.0,not_significant
background_N,Prochlorococcus MIT9313,PMT1145,10.1038/msb4100087_nitrogen_nitrogen_deprivation_mit9313_mit9313_microarray,MICROARRAY,12h,-0.164969572,1.0,not_significant
background_N,Prochlorococcus MIT9313,PMT0216,10.1038/msb4100087_nitrogen_nitrogen_deprivation_mit9313_mit9313_microarray,MICROARRAY,12h,-0.164767477,1.0,not_significant
background_N,Prochlorococcus MIT9313,PMT0797,10.1038/msb4100087_nitrogen_nitrogen_deprivation_mit9313_mit9313_microarray,MICROARRAY,0h,0.164278187,1.0,not_significant
background_N,Prochlorococcus MIT9313,PMT1381,10.1038/msb4100087_nitrogen_nitrogen_deprivation_mit9313_mit9313_microarray,MICROARRAY,0h,-0.163494847,1.0,not_significant
background_N,Prochlorococcus MIT9313,PMT0787,10.1038/msb4100087_nitrogen_nitrogen_deprivation_mit9313_mit9313_microarray,MICROARRAY,24h,-0.163428899,1.0,not_significant
background_N,Prochlorococcus MIT9313,PMT1633,10.1038/msb4100087_nitrogen_nitrogen_deprivation_mit9313_mit9313_microarray,MICROARRAY,6h,0.162644028,1.0,not_significant
background_N,Prochlorococcus MIT9313,PMT1597,10.1038/msb4100087_nitrogen_nitrogen_deprivation_mit9313_mit9313_microarray,MICROARRAY,24h,-0.162307287,1.0,not_significant
background_N,Prochlorococcus MIT9313,PMT1398,10.1038/msb4100087_nitrogen_nitrogen_deprivation_mit9313_mit9313_microarray,MICROARRAY,3h,0.161360851,1.0,not_significant
background_N,Prochlorococcus MIT9313,PMT_2119,10.1038/msb4100087_nitrogen_nitrogen_deprivation_mit9313_mit9313_microarray,MICROARRAY,3h,-0.160985526,1.0,not_significant
background_N,Prochlorococcus MIT9313,PMT1277,10.1038/msb4100087_nitrogen_nitrogen_deprivation_mit9313_mit9313_microarray,MICROARRAY,12h,0.16041778,1.0,not_significant
background_N,Prochlorococcus MIT9313,PMT1403,10.1038/msb4100087_nitrogen_nitrogen_deprivation_mit9313_mit9313_microarray,MICROARRAY,0h,-0.160323587,1.0,not_significant
background_N,Prochlorococcus MIT9313,PMT2130,10.1038/msb4100087_nitrogen_nitrogen_deprivation_mit9313_mit9313_microarray,MICROARRAY,6h,0.160103602,1.0,not_significant
background_N,Prochlorococcus MIT9313,PMT0730,10.1038/msb4100087_nitrogen_nitrogen_deprivation_mit9313_mit9313_microarray,MICROARRAY,12h,-0.160041595,1.0,not_significant
background_N,Prochlorococcus MIT9313,PMT1329,10.1038/msb4100087_nitrogen_nitrogen_deprivation_mit9313_mit9313_microarray,MICROARRAY,48h,0.159841964,1.0,not_significant
background_N,Prochlorococcus MIT9313,PMT1146,10.1038/msb4100087_nitrogen_nitrogen_deprivation_mit9313_mit9313_microarray,MICROARRAY,3h,-0.158765452,1.0,not_significant
background_N,Prochlorococcus MIT9313,PMT0663,10.1038/msb4100087_nitrogen_nitrogen_deprivation_mit9313_mit9313_microarray,MICROARRAY,6h,-0.15757231,1.0,not_significant
background_N,Prochlorococcus MIT9313,PMT1985,10.1038/msb4100087_nitrogen_nitrogen_deprivation_mit9313_mit9313_microarray,MICROARRAY,24h,0.157488927,1.0,not_significant
background_N,Prochlorococcus MIT9313,PMT0057,10.1038/msb4100087_nitrogen_nitrogen_deprivation_mit9313_mit9313_microarray,MICROARRAY,0h,0.15736719,1.0,not_significant
background_N,Prochlorococcus MIT9313,PMT1403,10.1038/msb4100087_nitrogen_nitrogen_deprivation_mit9313_mit9313_microarray,MICROARRAY,3h,0.157348739,1.0,not_significant
background_N,Prochlorococcus MIT9313,PMT1535,10.1038/msb4100087_nitrogen_nitrogen_deprivation_mit9313_mit9313_microarray,MICROARRAY,6h,-0.15694442,1.0,not_significant
background_N,Prochlorococcus MIT9313,PMT0789,10.1038/msb4100087_nitrogen_nitrogen_deprivation_mit9313_mit9313_microarray,MICROARRAY,0h,0.15678287,1.0,not_significant
background_N,Prochlorococcus MIT9313,PMT2013,10.1038/msb4100087_nitrogen_nitrogen_deprivation_mit9313_mit9313_microarray,MICROARRAY,3h,0.156693293,1.0,not_significant
background_N,Prochlorococcus MIT9313,PMT_2119,10.1038/msb4100087_nitrogen_nitrogen_deprivation_mit9313_mit9313_microarray,MICROARRAY,0h,0.155733375,1.0,not_significant
background_N,Prochlorococcus MIT9313,PMT1344,10.1038/msb4100087_nitrogen_nitrogen_deprivation_mit9313_mit9313_microarray,MICROARRAY,6h,0.154415373,1.0,not_significant
background_N,Prochlorococcus MIT9313,PMT0154,10.1038/msb4100087_nitrogen_nitrogen_deprivation_mit9313_mit9313_microarray,MICROARRAY,12h,-0.153389907,1.0,not_significant
background_N,Prochlorococcus MIT9313,PMT_2147,10.1038/msb4100087_nitrogen_nitrogen_deprivation_mit9313_mit9313_microarray,MICROARRAY,6h,0.15215929,1.0,not_significant
background_N,Prochlorococcus MIT9313,PMT1322,10.1038/msb4100087_nitrogen_nitrogen_deprivation_mit9313_mit9313_microarray,MICROARRAY,3h,0.151453729,1.0,not_significant
background_N,Prochlorococcus MIT9313,PMT1686,10.1038/msb4100087_nitrogen_nitrogen_deprivation_mit9313_mit9313_microarray,MICROARRAY,6h,-0.151389344,1.0,not_significant
background_N,Prochlorococcus MIT9313,PMT0730,10.1038/msb4100087_nitrogen_nitrogen_deprivation_mit9313_mit9313_microarray,MICROARRAY,3h,0.149983191,1.0,not_significant
background_N,Prochlorococcus MIT9313,PMT1625,10.1038/msb4100087_nitrogen_nitrogen_deprivation_mit9313_mit9313_microarray,MICROARRAY,24h,0.149553052,1.0,not_significant
background_N,Prochlorococcus MIT9313,PMT1794,10.1038/msb4100087_nitrogen_nitrogen_deprivation_mit9313_mit9313_microarray,MICROARRAY,6h,0.148896642,1.0,not_significant
background_N,Prochlorococcus MIT9313,PMT1690,10.1038/msb4100087_nitrogen_nitrogen_deprivation_mit9313_mit9313_microarray,MICROARRAY,24h,-0.146892741,1.0,not_significant
background_N,Prochlorococcus MIT9313,PMT0787,10.1038/msb4100087_nitrogen_nitrogen_deprivation_mit9313_mit9313_microarray,MICROARRAY,12h,0.146012359,1.0,not_significant
background_N,Prochlorococcus MIT9313,PMT1381,10.1038/msb4100087_nitrogen_nitrogen_deprivation_mit9313_mit9313_microarray,MICROARRAY,24h,-0.144684858,1.0,not_significant
background_N,Prochlorococcus MIT9313,PMT0797,10.1038/msb4100087_nitrogen_nitrogen_deprivation_mit9313_mit9313_microarray,MICROARRAY,24h,0.144114208,1.0,not_significant
background_N,Prochlorococcus MIT9313,PMT2095,10.1038/msb4100087_nitrogen_nitrogen_deprivation_mit9313_mit9313_microarray,MICROARRAY,24h,0.143839874,1.0,not_significant
background_N,Prochlorococcus MIT9313,PMT1386,10.1038/msb4100087_nitrogen_nitrogen_deprivation_mit9313_mit9313_microarray,MICROARRAY,0h,0.14371171,1.0,not_significant
background_N,Prochlorococcus MIT9313,PMT0726,10.1038/msb4100087_nitrogen_nitrogen_deprivation_mit9313_mit9313_microarray,MICROARRAY,0h,-0.143665855,1.0,not_significant
background_N,Prochlorococcus MIT9313,PMT0467,10.1038/msb4100087_nitrogen_nitrogen_deprivation_mit9313_mit9313_microarray,MICROARRAY,12h,-0.143129376,1.0,not_significant
background_N,Prochlorococcus MIT9313,PMT0111,10.1038/msb4100087_nitrogen_nitrogen_deprivation_mit9313_mit9313_microarray,MICROARRAY,24h,-0.143048471,1.0,not_significant
background_N,Prochlorococcus MIT9313,PMT0768,10.1038/msb4100087_nitrogen_nitrogen_deprivation_mit9313_mit9313_microarray,MICROARRAY,12h,0.142102806,1.0,not_significant
background_N,Prochlorococcus MIT9313,PMT1678,10.1038/msb4100087_nitrogen_nitrogen_deprivation_mit9313_mit9313_microarray,MICROARRAY,48h,0.142086286,1.0,not_significant
background_N,Prochlorococcus MIT9313,PMT0768,10.1038/msb4100087_nitrogen_nitrogen_deprivation_mit9313_mit9313_microarray,MICROARRAY,3h,-0.141718956,1.0,not_significant
background_N,Prochlorococcus MIT9313,PMT0122,10.1038/msb4100087_nitrogen_nitrogen_deprivation_mit9313_mit9313_microarray,MICROARRAY,3h,-0.1406396,1.0,not_significant
background_N,Prochlorococcus MIT9313,PMT1125,10.1038/msb4100087_nitrogen_nitrogen_deprivation_mit9313_mit9313_microarray,MICROARRAY,3h,0.140547779,1.0,not_significant
background_N,Prochlorococcus MIT9313,PMT0464,10.1038/msb4100087_nitrogen_nitrogen_deprivation_mit9313_mit9313_microarray,MICROARRAY,3h,-0.139314874,1.0,not_significant
background_N,Prochlorococcus MIT9313,PMT0301,10.1038/msb4100087_nitrogen_nitrogen_deprivation_mit9313_mit9313_microarray,MICROARRAY,12h,0.137985221,1.0,not_significant
background_N,Prochlorococcus MIT9313,PMT1376,10.1038/msb4100087_nitrogen_nitrogen_deprivation_mit9313_mit9313_microarray,MICROARRAY,12h,-0.137666885,1.0,not_significant
background_N,Prochlorococcus MIT9313,PMT1633,10.1038/msb4100087_nitrogen_nitrogen_deprivation_mit9313_mit9313_microarray,MICROARRAY,0h,0.137236712,1.0,not_significant
background_N,Prochlorococcus MIT9313,PMT1866,10.1038/msb4100087_nitrogen_nitrogen_deprivation_mit9313_mit9313_microarray,MICROARRAY,3h,-0.136988953,1.0,not_significant
background_N,Prochlorococcus MIT9313,PMT1145,10.1038/msb4100087_nitrogen_nitrogen_deprivation_mit9313_mit9313_microarray,MICROARRAY,0h,0.136460604,1.0,not_significant
background_N,Prochlorococcus MIT9313,PMT1690,10.1038/msb4100087_nitrogen_nitrogen_deprivation_mit9313_mit9313_microarray,MICROARRAY,12h,0.135264059,1.0,not_significant
background_N,Prochlorococcus MIT9313,PMT0754,10.1038/msb4100087_nitrogen_nitrogen_deprivation_mit9313_mit9313_microarray,MICROARRAY,3h,-0.134744488,1.0,not_significant
background_N,Prochlorococcus MIT9313,PMT0187,10.1038/msb4100087_nitrogen_nitrogen_deprivation_mit9313_mit9313_microarray,MICROARRAY,6h,0.134677787,1.0,not_significant
background_N,Prochlorococcus MIT9313,PMT1690,10.1038/msb4100087_nitrogen_nitrogen_deprivation_mit9313_mit9313_microarray,MICROARRAY,6h,-0.13446594,1.0,not_significant
background_N,Prochlorococcus MIT9313,PMT0239,10.1038/msb4100087_nitrogen_nitrogen_deprivation_mit9313_mit9313_microarray,MICROARRAY,6h,0.134114118,1.0,not_significant
background_N,Prochlorococcus MIT9313,PMT0438,10.1038/msb4100087_nitrogen_nitrogen_deprivation_mit9313_mit9313_microarray,MICROARRAY,3h,-0.134045909,1.0,not_significant
background_N,Prochlorococcus MIT9313,PMT0404,10.1038/msb4100087_nitrogen_nitrogen_deprivation_mit9313_mit9313_microarray,MICROARRAY,48h,-0.132262511,1.0,not_significant
background_N,Prochlorococcus MIT9313,PMT_1130,10.1038/msb4100087_nitrogen_nitrogen_deprivation_mit9313_mit9313_microarray,MICROARRAY,3h,0.131169357,1.0,not_significant
background_N,Prochlorococcus MIT9313,PMT0154,10.1038/msb4100087_nitrogen_nitrogen_deprivation_mit9313_mit9313_microarray,MICROARRAY,24h,-0.130257085,1.0,not_significant
background_N,Prochlorococcus MIT9313,PMT1597,10.1038/msb4100087_nitrogen_nitrogen_deprivation_mit9313_mit9313_microarray,MICROARRAY,6h,-0.129936262,1.0,not_significant
background_N,Prochlorococcus MIT9313,PMT1535,10.1038/msb4100087_nitrogen_nitrogen_deprivation_mit9313_mit9313_microarray,MICROARRAY,3h,-0.129390791,1.0,not_significant
background_N,Prochlorococcus MIT9313,PMT0735,10.1038/msb4100087_nitrogen_nitrogen_deprivation_mit9313_mit9313_microarray,MICROARRAY,12h,-0.12924365,1.0,not_significant
background_N,Prochlorococcus MIT9313,PMT0358,10.1038/msb4100087_nitrogen_nitrogen_deprivation_mit9313_mit9313_microarray,MICROARRAY,12h,-0.128884551,1.0,not_significant
background_N,Prochlorococcus MIT9313,PMT1625,10.1038/msb4100087_nitrogen_nitrogen_deprivation_mit9313_mit9313_microarray,MICROARRAY,0h,-0.127247428,1.0,not_significant
background_N,Prochlorococcus MIT9313,PMT0826,10.1038/msb4100087_nitrogen_nitrogen_deprivation_mit9313_mit9313_microarray,MICROARRAY,3h,0.126148028,1.0,not_significant
background_N,Prochlorococcus MIT9313,PMT1376,10.1038/msb4100087_nitrogen_nitrogen_deprivation_mit9313_mit9313_microarray,MICROARRAY,0h,0.125997724,1.0,not_significant
background_N,Prochlorococcus MIT9313,PMT2158,10.1038/msb4100087_nitrogen_nitrogen_deprivation_mit9313_mit9313_microarray,MICROARRAY,3h,-0.123629524,1.0,not_significant
background_N,Prochlorococcus MIT9313,PMT0239,10.1038/msb4100087_nitrogen_nitrogen_deprivation_mit9313_mit9313_microarray,MICROARRAY,12h,0.122882615,1.0,not_significant
background_N,Prochlorococcus MIT9313,PMT0045,10.1038/msb4100087_nitrogen_nitrogen_deprivation_mit9313_mit9313_microarray,MICROARRAY,3h,-0.122738046,1.0,not_significant
background_N,Prochlorococcus MIT9313,PMT0298,10.1038/msb4100087_nitrogen_nitrogen_deprivation_mit9313_mit9313_microarray,MICROARRAY,24h,-0.121928037,1.0,not_significant
background_N,Prochlorococcus MIT9313,PMT1381,10.1038/msb4100087_nitrogen_nitrogen_deprivation_mit9313_mit9313_microarray,MICROARRAY,12h,-0.121305601,1.0,not_significant
background_N,Prochlorococcus MIT9313,PMT1523,10.1038/msb4100087_nitrogen_nitrogen_deprivation_mit9313_mit9313_microarray,MICROARRAY,12h,-0.121270148,1.0,not_significant
background_N,Prochlorococcus MIT9313,PMT2271,10.1038/msb4100087_nitrogen_nitrogen_deprivation_mit9313_mit9313_microarray,MICROARRAY,0h,0.121146776,1.0,not_significant
background_N,Prochlorococcus MIT9313,PMT1633,10.1038/msb4100087_nitrogen_nitrogen_deprivation_mit9313_mit9313_microarray,MICROARRAY,24h,0.119963579,1.0,not_significant
background_N,Prochlorococcus MIT9313,PMT0768,10.1038/msb4100087_nitrogen_nitrogen_deprivation_mit9313_mit9313_microarray,MICROARRAY,0h,-0.119915916,1.0,not_significant
background_N,Prochlorococcus MIT9313,PMT0693,10.1038/msb4100087_nitrogen_nitrogen_deprivation_mit9313_mit9313_microarray,MICROARRAY,0h,-0.119627514,1.0,not_significant
background_N,Prochlorococcus MIT9313,PMT0730,10.1038/msb4100087_nitrogen_nitrogen_deprivation_mit9313_mit9313_microarray,MICROARRAY,0h,-0.118306979,1.0,not_significant
background_N,Prochlorococcus MIT9313,PMT0617,10.1038/msb4100087_nitrogen_nitrogen_deprivation_mit9313_mit9313_microarray,MICROARRAY,0h,-0.117384093,1.0,not_significant
background_N,Prochlorococcus MIT9313,PMT0438,10.1038/msb4100087_nitrogen_nitrogen_deprivation_mit9313_mit9313_microarray,MICROARRAY,48h,-0.116374436,1.0,not_significant
background_N,Prochlorococcus MIT9313,PMT1985,10.1038/msb4100087_nitrogen_nitrogen_deprivation_mit9313_mit9313_microarray,MICROARRAY,3h,-0.114484337,1.0,not_significant
background_N,Prochlorococcus MIT9313,PMT0301,10.1038/msb4100087_nitrogen_nitrogen_deprivation_mit9313_mit9313_microarray,MICROARRAY,6h,-0.114043265,1.0,not_significant
background_N,Prochlorococcus MIT9313,PMT0187,10.1038/msb4100087_nitrogen_nitrogen_deprivation_mit9313_mit9313_microarray,MICROARRAY,12h,-0.113673187,1.0,not_significant
background_N,Prochlorococcus MIT9313,PMT_1130,10.1038/msb4100087_nitrogen_nitrogen_deprivation_mit9313_mit9313_microarray,MICROARRAY,24h,-0.113576229,1.0,not_significant
background_N,Prochlorococcus MIT9313,PMT1344,10.1038/msb4100087_nitrogen_nitrogen_deprivation_mit9313_mit9313_microarray,MICROARRAY,3h,0.113218468,1.0,not_significant
background_N,Prochlorococcus MIT9313,PMT0641,10.1038/msb4100087_nitrogen_nitrogen_deprivation_mit9313_mit9313_microarray,MICROARRAY,12h,-0.113137552,1.0,not_significant
background_N,Prochlorococcus MIT9313,PMT1326,10.1038/msb4100087_nitrogen_nitrogen_deprivation_mit9313_mit9313_microarray,MICROARRAY,0h,0.112817565,1.0,not_significant
background_N,Prochlorococcus MIT9313,PMT1633,10.1038/msb4100087_nitrogen_nitrogen_deprivation_mit9313_mit9313_microarray,MICROARRAY,12h,0.112466269,1.0,not_significant
background_N,Prochlorococcus MIT9313,PMT1792,10.1038/msb4100087_nitrogen_nitrogen_deprivation_mit9313_mit9313_microarray,MICROARRAY,6h,0.111905321,1.0,not_significant
background_N,Prochlorococcus MIT9313,PMT0759,10.1038/msb4100087_nitrogen_nitrogen_deprivation_mit9313_mit9313_microarray,MICROARRAY,0h,0.11106143,1.0,not_significant
background_N,Prochlorococcus MIT9313,PMT1792,10.1038/msb4100087_nitrogen_nitrogen_deprivation_mit9313_mit9313_microarray,MICROARRAY,0h,0.108981207,1.0,not_significant
background_N,Prochlorococcus MIT9313,PMT1376,10.1038/msb4100087_nitrogen_nitrogen_deprivation_mit9313_mit9313_microarray,MICROARRAY,6h,0.108877457,1.0,not_significant
background_N,Prochlorococcus MIT9313,PMT1168,10.1038/msb4100087_nitrogen_nitrogen_deprivation_mit9313_mit9313_microarray,MICROARRAY,6h,-0.105385151,1.0,not_significant
background_N,Prochlorococcus MIT9313,PMT1792,10.1038/msb4100087_nitrogen_nitrogen_deprivation_mit9313_mit9313_microarray,MICROARRAY,3h,0.105075905,1.0,not_significant
background_N,Prochlorococcus MIT9313,PMT1646,10.1038/msb4100087_nitrogen_nitrogen_deprivation_mit9313_mit9313_microarray,MICROARRAY,3h,0.103261008,1.0,not_significant
background_N,Prochlorococcus MIT9313,PMT0358,10.1038/msb4100087_nitrogen_nitrogen_deprivation_mit9313_mit9313_microarray,MICROARRAY,3h,0.102922154,1.0,not_significant
background_N,Prochlorococcus MIT9313,PMT0541,10.1038/msb4100087_nitrogen_nitrogen_deprivation_mit9313_mit9313_microarray,MICROARRAY,24h,-0.101619818,1.0,not_significant
background_N,Prochlorococcus MIT9313,PMT1633,10.1038/msb4100087_nitrogen_nitrogen_deprivation_mit9313_mit9313_microarray,MICROARRAY,3h,0.101075254,1.0,not_significant
background_N,Prochlorococcus MIT9313,PMT2095,10.1038/msb4100087_nitrogen_nitrogen_deprivation_mit9313_mit9313_microarray,MICROARRAY,48h,-0.09921162,1.0,not_significant
background_N,Prochlorococcus MIT9313,PMT1381,10.1038/msb4100087_nitrogen_nitrogen_deprivation_mit9313_mit9313_microarray,MICROARRAY,3h,-0.099037819,1.0,not_significant
background_N,Prochlorococcus MIT9313,PMT0256,10.1038/msb4100087_nitrogen_nitrogen_deprivation_mit9313_mit9313_microarray,MICROARRAY,24h,0.096400381,1.0,not_significant
background_N,Prochlorococcus MIT9313,PMT_2119,10.1038/msb4100087_nitrogen_nitrogen_deprivation_mit9313_mit9313_microarray,MICROARRAY,6h,-0.09575556,1.0,not_significant
background_N,Prochlorococcus MIT9313,PMT0903,10.1038/msb4100087_nitrogen_nitrogen_deprivation_mit9313_mit9313_microarray,MICROARRAY,12h,0.095608265,1.0,not_significant
background_N,Prochlorococcus MIT9313,PMT0726,10.1038/msb4100087_nitrogen_nitrogen_deprivation_mit9313_mit9313_microarray,MICROARRAY,6h,-0.094268467,1.0,not_significant
background_N,Prochlorococcus MIT9313,PMT0715,10.1038/msb4100087_nitrogen_nitrogen_deprivation_mit9313_mit9313_microarray,MICROARRAY,48h,0.093199702,1.0,not_significant
background_N,Prochlorococcus MIT9313,PMT0034,10.1038/msb4100087_nitrogen_nitrogen_deprivation_mit9313_mit9313_microarray,MICROARRAY,12h,-0.092986926,1.0,not_significant
background_N,Prochlorococcus MIT9313,PMT2154,10.1038/msb4100087_nitrogen_nitrogen_deprivation_mit9313_mit9313_microarray,MICROARRAY,0h,0.09185629,1.0,not_significant
background_N,Prochlorococcus MIT9313,PMT1329,10.1038/msb4100087_nitrogen_nitrogen_deprivation_mit9313_mit9313_microarray,MICROARRAY,3h,-0.090065672,1.0,not_significant
background_N,Prochlorococcus MIT9313,PMT1686,10.1038/msb4100087_nitrogen_nitrogen_deprivation_mit9313_mit9313_microarray,MICROARRAY,3h,0.088452006,1.0,not_significant
background_N,Prochlorococcus MIT9313,PMT1861,10.1038/msb4100087_nitrogen_nitrogen_deprivation_mit9313_mit9313_microarray,MICROARRAY,12h,-0.087641584,1.0,not_significant
background_N,Prochlorococcus MIT9313,PMT1403,10.1038/msb4100087_nitrogen_nitrogen_deprivation_mit9313_mit9313_microarray,MICROARRAY,12h,0.08704266,1.0,not_significant
background_N,Prochlorococcus MIT9313,PMT1493,10.1038/msb4100087_nitrogen_nitrogen_deprivation_mit9313_mit9313_microarray,MICROARRAY,6h,-0.086919472,1.0,not_significant
background_N,Prochlorococcus MIT9313,PMT0296,10.1038/msb4100087_nitrogen_nitrogen_deprivation_mit9313_mit9313_microarray,MICROARRAY,3h,-0.086784107,1.0,not_significant
background_N,Prochlorococcus MIT9313,PMT0617,10.1038/msb4100087_nitrogen_nitrogen_deprivation_mit9313_mit9313_microarray,MICROARRAY,3h,-0.086711229,1.0,not_significant
background_N,Prochlorococcus MIT9313,PMT1646,10.1038/msb4100087_nitrogen_nitrogen_deprivation_mit9313_mit9313_microarray,MICROARRAY,0h,0.086071997,1.0,not_significant
background_N,Prochlorococcus MIT9313,PMT1497,10.1038/msb4100087_nitrogen_nitrogen_deprivation_mit9313_mit9313_microarray,MICROARRAY,0h,-0.085035649,1.0,not_significant
background_N,Prochlorococcus MIT9313,PMT2130,10.1038/msb4100087_nitrogen_nitrogen_deprivation_mit9313_mit9313_microarray,MICROARRAY,3h,-0.084539414,1.0,not_significant
background_N,Prochlorococcus MIT9313,PMT1316,10.1038/msb4100087_nitrogen_nitrogen_deprivation_mit9313_mit9313_microarray,MICROARRAY,3h,0.083896178,1.0,not_significant
background_N,Prochlorococcus MIT9313,PMT0759,10.1038/msb4100087_nitrogen_nitrogen_deprivation_mit9313_mit9313_microarray,MICROARRAY,3h,0.080828949,1.0,not_significant
background_N,Prochlorococcus MIT9313,PMT0239,10.1038/msb4100087_nitrogen_nitrogen_deprivation_mit9313_mit9313_microarray,MICROARRAY,3h,-0.080026358,1.0,not_significant
background_N,Prochlorococcus MIT9313,PMT0715,10.1038/msb4100087_nitrogen_nitrogen_deprivation_mit9313_mit9313_microarray,MICROARRAY,3h,-0.078889796,1.0,not_significant
background_N,Prochlorococcus MIT9313,PMT0789,10.1038/msb4100087_nitrogen_nitrogen_deprivation_mit9313_mit9313_microarray,MICROARRAY,3h,0.078806139,1.0,not_significant
background_N,Prochlorococcus MIT9313,PMT1241,10.1038/msb4100087_nitrogen_nitrogen_deprivation_mit9313_mit9313_microarray,MICROARRAY,6h,0.077540902,1.0,not_significant
background_N,Prochlorococcus MIT9313,PMT0045,10.1038/msb4100087_nitrogen_nitrogen_deprivation_mit9313_mit9313_microarray,MICROARRAY,6h,-0.076767348,1.0,not_significant
background_N,Prochlorococcus MIT9313,PMT0111,10.1038/msb4100087_nitrogen_nitrogen_deprivation_mit9313_mit9313_microarray,MICROARRAY,6h,0.076537148,1.0,not_significant
background_N,Prochlorococcus MIT9313,PMT0641,10.1038/msb4100087_nitrogen_nitrogen_deprivation_mit9313_mit9313_microarray,MICROARRAY,3h,-0.075694722,1.0,not_significant
background_N,Prochlorococcus MIT9313,PMT0903,10.1038/msb4100087_nitrogen_nitrogen_deprivation_mit9313_mit9313_microarray,MICROARRAY,0h,-0.075183902,1.0,not_significant
background_N,Prochlorococcus MIT9313,PMT0111,10.1038/msb4100087_nitrogen_nitrogen_deprivation_mit9313_mit9313_microarray,MICROARRAY,3h,0.073899106,1.0,not_significant
background_N,Prochlorococcus MIT9313,PMT0917,10.1038/msb4100087_nitrogen_nitrogen_deprivation_mit9313_mit9313_microarray,MICROARRAY,6h,0.073710893,1.0,not_significant
background_N,Prochlorococcus MIT9313,PMT0451,10.1038/msb4100087_nitrogen_nitrogen_deprivation_mit9313_mit9313_microarray,MICROARRAY,6h,-0.071892888,1.0,not_significant
background_N,Prochlorococcus MIT9313,PMT0768,10.1038/msb4100087_nitrogen_nitrogen_deprivation_mit9313_mit9313_microarray,MICROARRAY,48h,-0.071363514,1.0,not_significant
background_N,Prochlorococcus MIT9313,PMT1188,10.1038/msb4100087_nitrogen_nitrogen_deprivation_mit9313_mit9313_microarray,MICROARRAY,3h,0.06816458,1.0,not_significant
background_N,Prochlorococcus MIT9313,PMT0057,10.1038/msb4100087_nitrogen_nitrogen_deprivation_mit9313_mit9313_microarray,MICROARRAY,3h,0.067802745,1.0,not_significant
background_N,Prochlorococcus MIT9313,PMT0663,10.1038/msb4100087_nitrogen_nitrogen_deprivation_mit9313_mit9313_microarray,MICROARRAY,12h,0.066363307,1.0,not_significant
background_N,Prochlorococcus MIT9313,PMT2251,10.1038/msb4100087_nitrogen_nitrogen_deprivation_mit9313_mit9313_microarray,MICROARRAY,24h,-0.066172642,1.0,not_significant
background_N,Prochlorococcus MIT9313,PMT1861,10.1038/msb4100087_nitrogen_nitrogen_deprivation_mit9313_mit9313_microarray,MICROARRAY,0h,0.064558627,1.0,not_significant
background_N,Prochlorococcus MIT9313,PMT1168,10.1038/msb4100087_nitrogen_nitrogen_deprivation_mit9313_mit9313_microarray,MICROARRAY,12h,-0.06394464,1.0,not_significant
background_N,Prochlorococcus MIT9313,PMT0358,10.1038/msb4100087_nitrogen_nitrogen_deprivation_mit9313_mit9313_microarray,MICROARRAY,24h,0.063791857,1.0,not_significant
background_N,Prochlorococcus MIT9313,PMT1523,10.1038/msb4100087_nitrogen_nitrogen_deprivation_mit9313_mit9313_microarray,MICROARRAY,0h,0.06247053,1.0,not_significant
background_N,Prochlorococcus MIT9313,PMT0438,10.1038/msb4100087_nitrogen_nitrogen_deprivation_mit9313_mit9313_microarray,MICROARRAY,0h,-0.062409364,1.0,not_significant
background_N,Prochlorococcus MIT9313,PMT2154,10.1038/msb4100087_nitrogen_nitrogen_deprivation_mit9313_mit9313_microarray,MICROARRAY,6h,-0.059192787,1.0,not_significant
background_N,Prochlorococcus MIT9313,PMT0903,10.1038/msb4100087_nitrogen_nitrogen_deprivation_mit9313_mit9313_microarray,MICROARRAY,3h,0.059057915,1.0,not_significant
background_N,Prochlorococcus MIT9313,PMT1241,10.1038/msb4100087_nitrogen_nitrogen_deprivation_mit9313_mit9313_microarray,MICROARRAY,3h,0.058867295,1.0,not_significant
background_N,Prochlorococcus MIT9313,PMT0663,10.1038/msb4100087_nitrogen_nitrogen_deprivation_mit9313_mit9313_microarray,MICROARRAY,3h,-0.056778109,1.0,not_significant
background_N,Prochlorococcus MIT9313,PMT1861,10.1038/msb4100087_nitrogen_nitrogen_deprivation_mit9313_mit9313_microarray,MICROARRAY,3h,-0.055601864,1.0,not_significant
background_N,Prochlorococcus MIT9313,PMT1767,10.1038/msb4100087_nitrogen_nitrogen_deprivation_mit9313_mit9313_microarray,MICROARRAY,0h,-0.054368952,1.0,not_significant
background_N,Prochlorococcus MIT9313,PMT_1130,10.1038/msb4100087_nitrogen_nitrogen_deprivation_mit9313_mit9313_microarray,MICROARRAY,12h,0.054194663,1.0,not_significant
background_N,Prochlorococcus MIT9313,PMT1316,10.1038/msb4100087_nitrogen_nitrogen_deprivation_mit9313_mit9313_microarray,MICROARRAY,0h,0.052474045,1.0,not_significant
background_N,Prochlorococcus MIT9313,PMT1646,10.1038/msb4100087_nitrogen_nitrogen_deprivation_mit9313_mit9313_microarray,MICROARRAY,48h,-0.052045852,1.0,not_significant
background_N,Prochlorococcus MIT9313,PMT2271,10.1038/msb4100087_nitrogen_nitrogen_deprivation_mit9313_mit9313_microarray,MICROARRAY,6h,-0.051566325,1.0,not_significant
background_N,Prochlorococcus MIT9313,PMT2095,10.1038/msb4100087_nitrogen_nitrogen_deprivation_mit9313_mit9313_microarray,MICROARRAY,3h,0.051488209,1.0,not_significant
background_N,Prochlorococcus MIT9313,PMT1794,10.1038/msb4100087_nitrogen_nitrogen_deprivation_mit9313_mit9313_microarray,MICROARRAY,3h,0.050196681,1.0,not_significant
background_N,Prochlorococcus MIT9313,PMT0641,10.1038/msb4100087_nitrogen_nitrogen_deprivation_mit9313_mit9313_microarray,MICROARRAY,6h,0.04760404,1.0,not_significant
background_N,Prochlorococcus MIT9313,PMT2179,10.1038/msb4100087_nitrogen_nitrogen_deprivation_mit9313_mit9313_microarray,MICROARRAY,3h,0.046910364,1.0,not_significant
background_N,Prochlorococcus MIT9313,PMT0735,10.1038/msb4100087_nitrogen_nitrogen_deprivation_mit9313_mit9313_microarray,MICROARRAY,24h,0.046261142,1.0,not_significant
background_N,Prochlorococcus MIT9313,PMT1497,10.1038/msb4100087_nitrogen_nitrogen_deprivation_mit9313_mit9313_microarray,MICROARRAY,3h,0.045478317,1.0,not_significant
background_N,Prochlorococcus MIT9313,PMT1523,10.1038/msb4100087_nitrogen_nitrogen_deprivation_mit9313_mit9313_microarray,MICROARRAY,24h,-0.043746007,1.0,not_significant
background_N,Prochlorococcus MIT9313,PMT1535,10.1038/msb4100087_nitrogen_nitrogen_deprivation_mit9313_mit9313_microarray,MICROARRAY,12h,-0.043024934,1.0,not_significant
background_N,Prochlorococcus MIT9313,PMT1625,10.1038/msb4100087_nitrogen_nitrogen_deprivation_mit9313_mit9313_microarray,MICROARRAY,3h,0.04173436,1.0,not_significant
background_N,Prochlorococcus MIT9313,PMT1792,10.1038/msb4100087_nitrogen_nitrogen_deprivation_mit9313_mit9313_microarray,MICROARRAY,12h,0.041275281,1.0,not_significant
background_N,Prochlorococcus MIT9313,PMT0034,10.1038/msb4100087_nitrogen_nitrogen_deprivation_mit9313_mit9313_microarray,MICROARRAY,3h,-0.041118581,1.0,not_significant
background_N,Prochlorococcus MIT9313,PMT1188,10.1038/msb4100087_nitrogen_nitrogen_deprivation_mit9313_mit9313_microarray,MICROARRAY,6h,0.040124222,1.0,not_significant
background_N,Prochlorococcus MIT9313,PMT0787,10.1038/msb4100087_nitrogen_nitrogen_deprivation_mit9313_mit9313_microarray,MICROARRAY,3h,-0.040041306,1.0,not_significant
background_N,Prochlorococcus MIT9313,PMT2095,10.1038/msb4100087_nitrogen_nitrogen_deprivation_mit9313_mit9313_microarray,MICROARRAY,0h,-0.039153173,1.0,not_significant
background_N,Prochlorococcus MIT9313,PMT0239,10.1038/msb4100087_nitrogen_nitrogen_deprivation_mit9313_mit9313_microarray,MICROARRAY,24h,0.039100587,1.0,not_significant
background_N,Prochlorococcus MIT9313,PMT1470,10.1038/msb4100087_nitrogen_nitrogen_deprivation_mit9313_mit9313_microarray,MICROARRAY,3h,-0.037813857,1.0,not_significant
background_N,Prochlorococcus MIT9313,PMT0878,10.1038/msb4100087_nitrogen_nitrogen_deprivation_mit9313_mit9313_microarray,MICROARRAY,48h,-0.037189058,1.0,not_significant
background_N,Prochlorococcus MIT9313,PMT0298,10.1038/msb4100087_nitrogen_nitrogen_deprivation_mit9313_mit9313_microarray,MICROARRAY,12h,-0.037019812,1.0,not_significant
background_N,Prochlorococcus MIT9313,PMT1379,10.1038/msb4100087_nitrogen_nitrogen_deprivation_mit9313_mit9313_microarray,MICROARRAY,3h,-0.036765594,1.0,not_significant
background_N,Prochlorococcus MIT9313,PMT1125,10.1038/msb4100087_nitrogen_nitrogen_deprivation_mit9313_mit9313_microarray,MICROARRAY,6h,-0.036639034,1.0,not_significant
background_N,Prochlorococcus MIT9313,PMT0216,10.1038/msb4100087_nitrogen_nitrogen_deprivation_mit9313_mit9313_microarray,MICROARRAY,24h,0.03616573,1.0,not_significant
background_N,Prochlorococcus MIT9313,PMT1125,10.1038/msb4100087_nitrogen_nitrogen_deprivation_mit9313_mit9313_microarray,MICROARRAY,0h,0.036020089,1.0,not_significant
background_N,Prochlorococcus MIT9313,PMT1277,10.1038/msb4100087_nitrogen_nitrogen_deprivation_mit9313_mit9313_microarray,MICROARRAY,0h,0.035899818,1.0,not_significant
background_N,Prochlorococcus MIT9313,PMT0735,10.1038/msb4100087_nitrogen_nitrogen_deprivation_mit9313_mit9313_microarray,MICROARRAY,6h,0.034092615,1.0,not_significant
background_N,Prochlorococcus MIT9313,PMT1523,10.1038/msb4100087_nitrogen_nitrogen_deprivation_mit9313_mit9313_microarray,MICROARRAY,3h,-0.033979797,1.0,not_significant
background_N,Prochlorococcus MIT9313,PMT1386,10.1038/msb4100087_nitrogen_nitrogen_deprivation_mit9313_mit9313_microarray,MICROARRAY,12h,0.033204094,1.0,not_significant
background_N,Prochlorococcus MIT9313,PMT0541,10.1038/msb4100087_nitrogen_nitrogen_deprivation_mit9313_mit9313_microarray,MICROARRAY,12h,-0.033160717,1.0,not_significant
background_N,Prochlorococcus MIT9313,PMT0735,10.1038/msb4100087_nitrogen_nitrogen_deprivation_mit9313_mit9313_microarray,MICROARRAY,0h,0.031906502,1.0,not_significant
background_N,Prochlorococcus MIT9313,PMT1866,10.1038/msb4100087_nitrogen_nitrogen_deprivation_mit9313_mit9313_microarray,MICROARRAY,0h,0.031683402,1.0,not_significant
background_N,Prochlorococcus MIT9313,PMT0464,10.1038/msb4100087_nitrogen_nitrogen_deprivation_mit9313_mit9313_microarray,MICROARRAY,6h,-0.02984433,1.0,not_significant
background_N,Prochlorococcus MIT9313,PMT_2147,10.1038/msb4100087_nitrogen_nitrogen_deprivation_mit9313_mit9313_microarray,MICROARRAY,0h,0.029413891,1.0,not_significant
background_N,Prochlorococcus MIT9313,PMT1503,10.1038/msb4100087_nitrogen_nitrogen_deprivation_mit9313_mit9313_microarray,MICROARRAY,3h,0.027637492,1.0,not_significant
background_N,Prochlorococcus MIT9313,PMT0768,10.1038/msb4100087_nitrogen_nitrogen_deprivation_mit9313_mit9313_microarray,MICROARRAY,6h,0.026257159,1.0,not_significant
background_N,Prochlorococcus MIT9313,PMT0034,10.1038/msb4100087_nitrogen_nitrogen_deprivation_mit9313_mit9313_microarray,MICROARRAY,0h,-0.026176509,1.0,not_significant
background_N,Prochlorococcus MIT9313,PMT0541,10.1038/msb4100087_nitrogen_nitrogen_deprivation_mit9313_mit9313_microarray,MICROARRAY,0h,-0.025910747,1.0,not_significant
background_N,Prochlorococcus MIT9313,PMT1794,10.1038/msb4100087_nitrogen_nitrogen_deprivation_mit9313_mit9313_microarray,MICROARRAY,0h,0.025781642,1.0,not_significant
background_N,Prochlorococcus MIT9313,PMT1386,10.1038/msb4100087_nitrogen_nitrogen_deprivation_mit9313_mit9313_microarray,MICROARRAY,24h,0.024446028,1.0,not_significant
background_N,Prochlorococcus MIT9313,PMT1146,10.1038/msb4100087_nitrogen_nitrogen_deprivation_mit9313_mit9313_microarray,MICROARRAY,6h,-0.024286436,1.0,not_significant
background_N,Prochlorococcus MIT9313,PMT0797,10.1038/msb4100087_nitrogen_nitrogen_deprivation_mit9313_mit9313_microarray,MICROARRAY,6h,0.02414081,1.0,not_significant
background_N,Prochlorococcus MIT9313,PMT0404,10.1038/msb4100087_nitrogen_nitrogen_deprivation_mit9313_mit9313_microarray,MICROARRAY,6h,0.023037715,1.0,not_significant
background_N,Prochlorococcus MIT9313,PMT0541,10.1038/msb4100087_nitrogen_nitrogen_deprivation_mit9313_mit9313_microarray,MICROARRAY,6h,0.02240845,1.0,not_significant
background_N,Prochlorococcus MIT9313,PMT1861,10.1038/msb4100087_nitrogen_nitrogen_deprivation_mit9313_mit9313_microarray,MICROARRAY,6h,-0.022339525,1.0,not_significant
background_N,Prochlorococcus MIT9313,PMT0943,10.1038/msb4100087_nitrogen_nitrogen_deprivation_mit9313_mit9313_microarray,MICROARRAY,6h,0.021376676,1.0,not_significant
background_N,Prochlorococcus MIT9313,PMT1344,10.1038/msb4100087_nitrogen_nitrogen_deprivation_mit9313_mit9313_microarray,MICROARRAY,0h,-0.02071504,1.0,not_significant
background_N,Prochlorococcus MIT9313,PMT1767,10.1038/msb4100087_nitrogen_nitrogen_deprivation_mit9313_mit9313_microarray,MICROARRAY,6h,-0.020009643,1.0,not_significant
background_N,Prochlorococcus MIT9313,PMT1625,10.1038/msb4100087_nitrogen_nitrogen_deprivation_mit9313_mit9313_microarray,MICROARRAY,12h,-0.019722007,1.0,not_significant
background_N,Prochlorococcus MIT9313,PMT0787,10.1038/msb4100087_nitrogen_nitrogen_deprivation_mit9313_mit9313_microarray,MICROARRAY,0h,-0.019494669,1.0,not_significant
background_N,Prochlorococcus MIT9313,PMT0404,10.1038/msb4100087_nitrogen_nitrogen_deprivation_mit9313_mit9313_microarray,MICROARRAY,24h,-0.019305805,1.0,not_significant
background_N,Prochlorococcus MIT9313,PMT0541,10.1038/msb4100087_nitrogen_nitrogen_deprivation_mit9313_mit9313_microarray,MICROARRAY,3h,-0.018233778,1.0,not_significant
background_N,Prochlorococcus MIT9313,PMT2095,10.1038/msb4100087_nitrogen_nitrogen_deprivation_mit9313_mit9313_microarray,MICROARRAY,12h,-0.017591092,1.0,not_significant
background_N,Prochlorococcus MIT9313,PMT1985,10.1038/msb4100087_nitrogen_nitrogen_deprivation_mit9313_mit9313_microarray,MICROARRAY,0h,-0.013006178,1.0,not_significant
background_N,Prochlorococcus MIT9313,PMT0265,10.1038/msb4100087_nitrogen_nitrogen_deprivation_mit9313_mit9313_microarray,MICROARRAY,3h,0.012631831,1.0,not_significant
background_N,Prochlorococcus MIT9313,PMT0438,10.1038/msb4100087_nitrogen_nitrogen_deprivation_mit9313_mit9313_microarray,MICROARRAY,12h,0.011679576,1.0,not_significant
background_N,Prochlorococcus MIT9313,PMT1145,10.1038/msb4100087_nitrogen_nitrogen_deprivation_mit9313_mit9313_microarray,MICROARRAY,3h,-0.01114465,1.0,not_significant
background_N,Prochlorococcus MIT9313,PMT2002,10.1038/msb4100087_nitrogen_nitrogen_deprivation_mit9313_mit9313_microarray,MICROARRAY,3h,0.010577223,1.0,not_significant
background_N,Prochlorococcus MIT9313,PMT1125,10.1038/msb4100087_nitrogen_nitrogen_deprivation_mit9313_mit9313_microarray,MICROARRAY,12h,0.010236894,1.0,not_significant
background_N,Prochlorococcus MIT9313,PMT1168,10.1038/msb4100087_nitrogen_nitrogen_deprivation_mit9313_mit9313_microarray,MICROARRAY,24h,-0.008975824,1.0,not_significant
background_N,Prochlorococcus MIT9313,PMT2095,10.1038/msb4100087_nitrogen_nitrogen_deprivation_mit9313_mit9313_microarray,MICROARRAY,6h,0.008748612,1.0,not_significant
background_N,Prochlorococcus MIT9313,PMT1583,10.1038/msb4100087_nitrogen_nitrogen_deprivation_mit9313_mit9313_microarray,MICROARRAY,6h,-0.008232148,1.0,not_significant
background_N,Prochlorococcus MIT9313,PMT1329,10.1038/msb4100087_nitrogen_nitrogen_deprivation_mit9313_mit9313_microarray,MICROARRAY,0h,-0.007428051,1.0,not_significant
background_N,Prochlorococcus MIT9313,PMT0296,10.1038/msb4100087_nitrogen_nitrogen_deprivation_mit9313_mit9313_microarray,MICROARRAY,6h,0.007377529,1.0,not_significant
background_N,Prochlorococcus MIT9313,PMT0122,10.1038/msb4100087_nitrogen_nitrogen_deprivation_mit9313_mit9313_microarray,MICROARRAY,0h,0.007032628,1.0,not_significant
background_N,Prochlorococcus MIT9313,PMT1329,10.1038/msb4100087_nitrogen_nitrogen_deprivation_mit9313_mit9313_microarray,MICROARRAY,6h,0.006009576,1.0,not_significant
background_N,Prochlorococcus MIT9313,PMT1493,10.1038/msb4100087_nitrogen_nitrogen_deprivation_mit9313_mit9313_microarray,MICROARRAY,0h,-0.005137228,1.0,not_significant
background_N,Prochlorococcus MIT9313,PMT1792,10.1038/msb4100087_nitrogen_nitrogen_deprivation_mit9313_mit9313_microarray,MICROARRAY,48h,0.004939595,1.0,not_significant
background_N,Prochlorococcus MIT9313,PMT1794,10.1038/msb4100087_nitrogen_nitrogen_deprivation_mit9313_mit9313_microarray,MICROARRAY,48h,-0.004146672,1.0,not_significant
background_N,Prochlorococcus MIT9313,PMT0735,10.1038/msb4100087_nitrogen_nitrogen_deprivation_mit9313_mit9313_microarray,MICROARRAY,3h,-0.003517269,1.0,not_significant
background_N,Prochlorococcus MIT9313,PMT0296,10.1038/msb4100087_nitrogen_nitrogen_deprivation_mit9313_mit9313_microarray,MICROARRAY,0h,-0.002085538,1.0,not_significant
background_N,Prochlorococcus MIT9313,PMT0154,10.1038/msb4100087_nitrogen_nitrogen_deprivation_mit9313_mit9313_microarray,MICROARRAY,3h,0.001840902,1.0,not_significant
background_N,Prochlorococcus MIT9313,PMT0298,10.1038/msb4100087_nitrogen_nitrogen_deprivation_mit9313_mit9313_microarray,MICROARRAY,6h,0.000691745,1.0,not_significant
