n_or_p,gene_name_raw,organism_name,locus_tag,experiment_id,omics_type,timepoint,log2fc,padj,expression_status
N,cynA,Prochlorococcus MED4,PMM0370,10.1038/msb4100087_nitrogen_nitrogen_deprivation_med4_med4_microarray,MICROARRAY,6h,5.7284866494887,0.01,significant_up
N,urtA,Prochlorococcus MED4,PMM0970,10.1038/msb4100087_nitrogen_nitrogen_deprivation_med4_med4_microarray,MICROARRAY,6h,5.37087883412763,0.01,significant_up
N,cynA,Prochlorococcus MED4,PMM0370,10.1101/2025.11.24.690089_growth_state_pro99lown_nutrient_starvation_med4_rnaseq_axenic,RNASEQ,day 14,5.158630264411528,6.899092611446335e-10,significant_up
N,glnA,Prochlorococcus MED4,PMM0920,10.1038/msb4100087_nitrogen_nitrogen_deprivation_med4_med4_microarray,MICROARRAY,6h,5.06051169137151,0.01,significant_up
N,cynA,Prochlorococcus MED4,PMM0370,10.1038/msb4100087_nitrogen_nitrogen_deprivation_med4_med4_microarray,MICROARRAY,12h,4.58350176619516,0.01,significant_up
P,pstS,Prochlorococcus MED4,PMM0710,10.1101/2025.11.24.690089_growth_state_pro99lown_nutrient_starvation_med4_rnaseq_axenic,RNASEQ,day 14,-4.460025089868583,1.43757727559003e-17,significant_down
N,ntcA,Prochlorococcus MED4,PMM0246,10.1038/msb4100087_nitrogen_nitrogen_deprivation_med4_med4_microarray,MICROARRAY,6h,4.45086478182776,0.01,significant_up
P,PMM722,Prochlorococcus MED4,PMM0722,10.1038/ismej.2017.88_nitrogen_stress_ndepleted_pro99_medium_med4_rnaseq,RNASEQ,3h,4.32,0.0,significant_up
N,cynA,Prochlorococcus MED4,PMM0370,10.1038/msb4100087_nitrogen_nitrogen_deprivation_med4_med4_microarray,MICROARRAY,3h,4.30854281269086,0.01,significant_up
N,cynB,Prochlorococcus MED4,PMM0371,10.1101/2025.11.24.690089_growth_state_pro99lown_nutrient_starvation_med4_rnaseq_axenic,RNASEQ,day 14,4.279566443092617,2.9550592954568683e-10,significant_up
P,arsR,Prochlorococcus MED4,PMM0714,10.1101/2025.11.24.690089_growth_state_pro99lown_nutrient_starvation_med4_rnaseq_axenic,RNASEQ,day 14,4.268064080975516,3.0605134169689046e-17,significant_up
N,glnA,Prochlorococcus MED4,PMM0920,10.1038/msb4100087_nitrogen_nitrogen_deprivation_med4_med4_microarray,MICROARRAY,12h,4.14177961834331,0.01,significant_up
N,urtA,Prochlorococcus MED4,PMM0970,10.1038/ismej.2017.88_nitrogen_stress_ndepleted_pro99_medium_med4_rnaseq,RNASEQ,12h,4.07,0.0,significant_up
N,cynA,Prochlorococcus MED4,PMM0370,10.1038/msb4100087_nitrogen_nitrogen_deprivation_med4_med4_microarray,MICROARRAY,24h,4.06454932416169,0.01,significant_up
P,pstS,Prochlorococcus MED4,PMM0710,10.1038/ismej.2017.88_nitrogen_stress_ndepleted_pro99_medium_med4_rnaseq,RNASEQ,24h,-4.0,0.0,significant_down
N,glnA,Prochlorococcus MED4,PMM0920,10.1038/msb4100087_nitrogen_nitrogen_deprivation_med4_med4_microarray,MICROARRAY,24h,3.92174594063168,0.01,significant_up
N,cynA,Prochlorococcus MED4,PMM0370,10.1038/msb4100087_nitrogen_nitrogen_deprivation_med4_med4_microarray,MICROARRAY,48h,3.91380620805672,0.01,significant_up
N,urtA,Prochlorococcus MED4,PMM0970,10.1038/msb4100087_nitrogen_nitrogen_deprivation_med4_med4_microarray,MICROARRAY,3h,3.90870782237566,0.01,significant_up
N,urtA,Prochlorococcus MED4,PMM0970,10.1038/msb4100087_nitrogen_nitrogen_deprivation_med4_med4_microarray,MICROARRAY,24h,3.86942338221993,0.01,significant_up
N,amtB/amt1,Prochlorococcus MED4,PMM0263,10.1101/2025.11.24.690089_growth_state_pro99lown_nutrient_starvation_med4_rnaseq_axenic,RNASEQ,day 14,3.8635086439112745,7.801311428232697e-10,significant_up
N,cynA,Prochlorococcus MED4,PMM0370,10.1038/ismej.2017.88_nitrogen_stress_ndepleted_pro99_medium_med4_rnaseq,RNASEQ,12h,3.85,0.0,significant_up
N,cynA,Prochlorococcus MED4,PMM0370,10.1038/ismej.2017.88_nitrogen_stress_ndepleted_pro99_medium_med4_rnaseq,RNASEQ,24h,3.84,0.0,significant_up
N,urtA,Prochlorococcus MED4,PMM0970,10.1038/msb4100087_nitrogen_nitrogen_deprivation_med4_med4_microarray,MICROARRAY,48h,3.8347661783105,0.01,significant_up
N,glnA,Prochlorococcus MED4,PMM0920,10.1038/msb4100087_nitrogen_nitrogen_deprivation_med4_med4_microarray,MICROARRAY,48h,3.79888923224975,0.01,significant_up
N,glnA,Prochlorococcus MED4,PMM0920,10.1038/msb4100087_nitrogen_nitrogen_deprivation_med4_med4_microarray,MICROARRAY,3h,3.75973171772578,0.01,significant_up
N,urtA,Prochlorococcus MED4,PMM0970,10.1038/msb4100087_nitrogen_nitrogen_deprivation_med4_med4_microarray,MICROARRAY,12h,3.75015994971883,0.01,significant_up
N,amtB/amt1,Prochlorococcus MED4,PMM0263,10.1038/ismej.2017.88_nitrogen_stress_ndepleted_pro99_medium_med4_rnaseq,RNASEQ,3h,3.67,0.02,significant_up
N,ntcA,Prochlorococcus MED4,PMM0246,10.1101/2025.11.24.690089_growth_state_pro99lown_nutrient_starvation_med4_proteomics_axenic,PROTEOMICS,day 31,3.58713213602702,2.48270602762731e-07,significant_up
N,cynS,Prochlorococcus MED4,PMM0373,10.1038/ismej.2017.88_nitrogen_stress_ndepleted_pro99_medium_med4_rnaseq,RNASEQ,3h,3.49,0.0,significant_up
N,glnA,Prochlorococcus MED4,PMM0920,10.1101/2025.11.24.690089_growth_state_pro99lown_nutrient_starvation_med4_rnaseq_axenic,RNASEQ,day 14,3.3569768863566645,7.395965792256581e-06,significant_up
N,ntcA,Prochlorococcus MED4,PMM0246,10.1101/2025.11.24.690089_growth_state_pro99lown_nutrient_starvation_med4_rnaseq_axenic,RNASEQ,day 14,3.352117316421244,1.0044699427936916e-05,significant_up
P,ppA,Prochlorococcus MED4,PMM0494,10.1101/2025.11.24.690089_growth_state_pro99lown_nutrient_starvation_med4_rnaseq_axenic,RNASEQ,day 14,-3.307073447134965,7.737338187839411e-17,significant_down
P,phnD,Prochlorococcus MED4,PMM0673,10.1101/2025.11.24.690089_growth_state_pro99lown_nutrient_starvation_med4_proteomics_axenic,PROTEOMICS,day 14,-3.18140761057536,2.49799626876073e-06,significant_down
N,ureD,Prochlorococcus MED4,PMM0966,10.1038/msb4100087_nitrogen_nitrogen_deprivation_med4_med4_microarray,MICROARRAY,48h,-3.171026598,1.0,not_significant
N,ureD,Prochlorococcus MED4,PMM0966,10.1038/msb4100087_nitrogen_nitrogen_deprivation_med4_med4_microarray,MICROARRAY,12h,-3.082907367,1.0,not_significant
N,ureA,Prochlorococcus MED4,PMM0965,10.1038/ismej.2017.88_nitrogen_stress_ndepleted_pro99_medium_med4_rnaseq,RNASEQ,24h,3.08,0.0,significant_up
P,pstS,Prochlorococcus MED4,PMM0710,10.1038/ismej.2017.88_nitrogen_stress_ndepleted_pro99_medium_med4_rnaseq,RNASEQ,12h,-3.05,0.0,significant_down
N,ntcA,Prochlorococcus MED4,PMM0246,10.1038/msb4100087_nitrogen_nitrogen_deprivation_med4_med4_microarray,MICROARRAY,3h,3.038840754,1.0,not_significant
N,ntcA,Prochlorococcus MED4,PMM0246,10.1038/msb4100087_nitrogen_nitrogen_deprivation_med4_med4_microarray,MICROARRAY,12h,3.01927772296539,0.01,significant_up
N,cynD,Prochlorococcus MED4,PMM0372,10.1101/2025.11.24.690089_growth_state_pro99lown_nutrient_starvation_med4_rnaseq_axenic,RNASEQ,day 14,2.981071492685053,2.4777048908969736e-11,significant_up
P,pstS,Prochlorococcus MED4,PMM0710,10.1038/msb4100087_nitrogen_nitrogen_deprivation_med4_med4_microarray,MICROARRAY,48h,-2.93625743923476,0.01,significant_down
P,ppX,Prochlorococcus MED4,PMM0457,10.1101/2025.11.24.690089_growth_state_pro99lown_nutrient_starvation_med4_rnaseq_axenic,RNASEQ,day 14,-2.856994119628256,3.511025554920968e-12,significant_down
N,glnA,Prochlorococcus MED4,PMM0920,10.1038/ismej.2017.88_nitrogen_stress_ndepleted_pro99_medium_med4_rnaseq,RNASEQ,12h,2.85,0.0,significant_up
N,urtA,Prochlorococcus MED4,PMM0970,10.1038/ismej.2017.88_nitrogen_stress_ndepleted_pro99_medium_med4_rnaseq,RNASEQ,24h,2.8,0.01,significant_up
N,ntcA,Prochlorococcus MED4,PMM0246,10.1101/2025.11.24.690089_growth_state_pro99lown_nutrient_starvation_med4_proteomics_axenic,PROTEOMICS,day 89,2.67964712778727,2.53352928604394e-06,significant_up
N,urtA,Prochlorococcus MED4,PMM0970,10.1101/2025.11.24.690089_growth_state_pro99lown_nutrient_starvation_med4_rnaseq_axenic,RNASEQ,day 14,2.6694942279740563,0.0001935099423896,significant_up
N,cynB,Prochlorococcus MED4,PMM0371,10.1038/ismej.2017.88_nitrogen_stress_ndepleted_pro99_medium_med4_rnaseq,RNASEQ,24h,2.65,0.0,significant_up
P,phnD,Prochlorococcus MED4,PMM0673,10.1101/2025.11.24.690089_growth_state_pro99lown_nutrient_starvation_med4_rnaseq_axenic,RNASEQ,day 14,-2.623674416917959,1.3642816337334062e-08,significant_down
N,ureA,Prochlorococcus MED4,PMM0965,10.1038/ismej.2017.88_nitrogen_stress_ndepleted_pro99_medium_med4_rnaseq,RNASEQ,12h,2.6,0.0,significant_up
P,PMM721,Prochlorococcus MED4,PMM0721,10.1038/msb4100087_nitrogen_nitrogen_deprivation_med4_med4_microarray,MICROARRAY,48h,-2.58077234,1.0,not_significant
N,glsF,Prochlorococcus MED4,PMM1512,10.1101/2025.11.24.690089_growth_state_pro99lown_nutrient_starvation_med4_rnaseq_axenic,RNASEQ,day 14,2.529728484721897,6.0856483158426845e-09,significant_up
N,glnA,Prochlorococcus MED4,PMM0920,10.1101/2025.11.24.690089_growth_state_pro99lown_nutrient_starvation_med4_proteomics_axenic,PROTEOMICS,day 89,2.52888647715251,3.51988774237846e-06,significant_up
P,pstA,Prochlorococcus MED4,PMM0035,10.1101/2025.11.24.690089_growth_state_pro99lown_nutrient_starvation_med4_proteomics_axenic,PROTEOMICS,day 31,2.51758257548015,1.79307718819133e-07,significant_up
N,glnA,Prochlorococcus MED4,PMM0920,10.1038/ismej.2017.88_nitrogen_stress_ndepleted_pro99_medium_med4_rnaseq,RNASEQ,24h,2.45,0.0,significant_up
N,cynB,Prochlorococcus MED4,PMM0371,10.1038/msb4100087_nitrogen_nitrogen_deprivation_med4_med4_microarray,MICROARRAY,12h,2.37248468438192,0.01,significant_up
N,ureB,Prochlorococcus MED4,PMM0964,10.1038/ismej.2017.88_nitrogen_stress_ndepleted_pro99_medium_med4_rnaseq,RNASEQ,12h,2.37,0.01,significant_up
N,ureD,Prochlorococcus MED4,PMM0966,10.1038/ismej.2017.88_nitrogen_stress_ndepleted_pro99_medium_med4_rnaseq,RNASEQ,12h,2.36,0.02,significant_up
N,ureB,Prochlorococcus MED4,PMM0964,10.1038/ismej.2017.88_nitrogen_stress_ndepleted_pro99_medium_med4_rnaseq,RNASEQ,24h,2.33,0.0,significant_up
N,cynB,Prochlorococcus MED4,PMM0371,10.1038/msb4100087_nitrogen_nitrogen_deprivation_med4_med4_microarray,MICROARRAY,6h,2.28110125476454,0.01,significant_up
N,amtB/amt1,Prochlorococcus MED4,PMM0263,10.1038/ismej.2017.88_nitrogen_stress_ndepleted_pro99_medium_med4_rnaseq,RNASEQ,12h,2.27,1.0,not_significant
N,ureA,Prochlorococcus MED4,PMM0965,10.1101/2025.11.24.690089_growth_state_pro99lown_nutrient_starvation_med4_rnaseq_axenic,RNASEQ,day 14,2.264438881479556,0.0002324155619118,significant_up
N,amtB/amt1,Prochlorococcus MED4,PMM0263,10.1038/ismej.2017.88_nitrogen_stress_ndepleted_pro99_medium_med4_rnaseq,RNASEQ,24h,2.26,1.0,not_significant
P,phnD,Prochlorococcus MED4,PMM0673,10.1038/msb4100087_nitrogen_nitrogen_deprivation_med4_med4_microarray,MICROARRAY,12h,-2.18655218002584,0.01,significant_down
N,cynD,Prochlorococcus MED4,PMM0372,10.1038/msb4100087_nitrogen_nitrogen_deprivation_med4_med4_microarray,MICROARRAY,12h,2.17991366596472,0.01,significant_up
N,ntcA,Prochlorococcus MED4,PMM0246,10.1038/ismej.2017.88_nitrogen_stress_ndepleted_pro99_medium_med4_rnaseq,RNASEQ,24h,2.17,0.0,significant_up
N,ntcA,Prochlorococcus MED4,PMM0246,10.1038/msb4100087_nitrogen_nitrogen_deprivation_med4_med4_microarray,MICROARRAY,0h,-2.166458145,1.0,not_significant
P,PMM721,Prochlorococcus MED4,PMM0721,10.1038/msb4100087_nitrogen_nitrogen_deprivation_med4_med4_microarray,MICROARRAY,6h,-2.158047064,1.0,not_significant
P,pstA,Prochlorococcus MED4,PMM0035,10.1101/2025.11.24.690089_growth_state_pro99lown_nutrient_starvation_med4_proteomics_axenic,PROTEOMICS,day 89,2.13560390472412,8.65135358427306e-07,significant_up
N,glnA,Prochlorococcus MED4,PMM0920,10.1101/2025.11.24.690089_growth_state_pro99lown_nutrient_starvation_med4_proteomics_axenic,PROTEOMICS,day 14,2.12048435211182,8.88446794862496e-05,significant_up
P,ppA,Prochlorococcus MED4,PMM0511,10.1038/ismej.2017.88_nitrogen_stress_ndepleted_pro99_medium_med4_rnaseq,RNASEQ,24h,-2.11,0.0,significant_down
N,cynB,Prochlorococcus MED4,PMM0371,10.1038/msb4100087_nitrogen_nitrogen_deprivation_med4_med4_microarray,MICROARRAY,48h,2.10887801596109,0.01,significant_up
N,ureB,Prochlorococcus MED4,PMM0964,10.1101/2025.11.24.690089_growth_state_pro99lown_nutrient_starvation_med4_rnaseq_axenic,RNASEQ,day 14,2.1014755889527947,1.3632077421037737e-05,significant_up
P,phnD,Prochlorococcus MED4,PMM0673,10.1038/msb4100087_nitrogen_nitrogen_deprivation_med4_med4_microarray,MICROARRAY,6h,-2.10017585893403,0.01,significant_down
N,cynA,Prochlorococcus MED4,PMM0370,10.1101/2025.11.24.690089_growth_state_pro99lown_nutrient_starvation_med4_proteomics_axenic,PROTEOMICS,day 14,2.09205468495687,3.06387677674992e-06,significant_up
P,phnD,Prochlorococcus MED4,PMM0673,10.1101/2025.11.24.690089_growth_state_pro99lown_nutrient_starvation_med4_proteomics_axenic,PROTEOMICS,day 31,-2.07831954956055,5.62211316693373e-06,significant_down
P,phoB,Prochlorococcus MED4,PMM0705,10.1038/ismej.2017.88_nitrogen_stress_ndepleted_pro99_medium_med4_rnaseq,RNASEQ,3h,-2.06,0.01,significant_down
P,pstA,Prochlorococcus MED4,PMM0035,10.1038/ismej.2017.88_nitrogen_stress_ndepleted_pro99_medium_med4_rnaseq,RNASEQ,12h,2.04,0.22,not_significant
P,pstA,Prochlorococcus MED4,PMM0724,10.1101/2025.11.24.690089_growth_state_pro99lown_nutrient_starvation_med4_proteomics_axenic,PROTEOMICS,day 31,-2.02215194702148,0.0007523751190131,significant_down
N,cynA,Prochlorococcus MED4,PMM0370,10.1038/ismej.2017.88_nitrogen_stress_ndepleted_pro99_medium_med4_rnaseq,RNASEQ,3h,-1.98,0.09,not_significant
P,PsiP1,Prochlorococcus MED4,PMM1416,10.1101/2025.11.24.690089_growth_state_pro99lown_nutrient_starvation_med4_rnaseq_axenic,RNASEQ,day 14,1.970895472990316,1.9916277893498282e-07,significant_up
N,ureD,Prochlorococcus MED4,PMM0966,10.1038/ismej.2017.88_nitrogen_stress_ndepleted_pro99_medium_med4_rnaseq,RNASEQ,3h,-1.96,0.14,not_significant
N,cynB,Prochlorococcus MED4,PMM0371,10.1038/msb4100087_nitrogen_nitrogen_deprivation_med4_med4_microarray,MICROARRAY,24h,1.92816297994649,0.01,significant_up
N,ureA,Prochlorococcus MED4,PMM0965,10.1038/msb4100087_nitrogen_nitrogen_deprivation_med4_med4_microarray,MICROARRAY,6h,1.90550104081613,0.01,significant_up
P,PMM722,Prochlorococcus MED4,PMM0722,10.1101/2025.11.24.690089_growth_state_pro99lown_nutrient_starvation_med4_proteomics_axenic,PROTEOMICS,day 89,1.90406322479248,0.0052795165421452,significant_up
N,ntcA,Prochlorococcus MED4,PMM0246,10.1101/2025.11.24.690089_growth_state_pro99lown_nutrient_starvation_med4_proteomics_axenic,PROTEOMICS,day 14,1.86500326792399,0.0002207182174203,significant_up
N,ureC,Prochlorococcus MED4,PMM0963,10.1101/2025.11.24.690089_growth_state_pro99lown_nutrient_starvation_med4_proteomics_axenic,PROTEOMICS,day 31,1.85950660705567,3.38928784388999e-06,significant_up
N,ureG,Prochlorococcus MED4,PMM0969,10.1038/ismej.2017.88_nitrogen_stress_ndepleted_pro99_medium_med4_rnaseq,RNASEQ,3h,-1.85,0.1,not_significant
N,ureG,Prochlorococcus MED4,PMM0969,10.1038/ismej.2017.88_nitrogen_stress_ndepleted_pro99_medium_med4_rnaseq,RNASEQ,24h,1.85,0.05,significant_up
P,PMM721,Prochlorococcus MED4,PMM0721,10.1038/msb4100087_nitrogen_nitrogen_deprivation_med4_med4_microarray,MICROARRAY,24h,-1.830032697,1.0,not_significant
P,pstA,Prochlorococcus MED4,PMM0035,10.1038/ismej.2017.88_nitrogen_stress_ndepleted_pro99_medium_med4_rnaseq,RNASEQ,24h,1.83,0.02,significant_up
N,ureC,Prochlorococcus MED4,PMM0963,10.1101/2025.11.24.690089_growth_state_pro99lown_nutrient_starvation_med4_proteomics_axenic,PROTEOMICS,day 89,1.82478745778402,3.57809822239236e-06,significant_up
N,ureB,Prochlorococcus MED4,PMM0964,10.1038/ismej.2017.88_nitrogen_stress_ndepleted_pro99_medium_med4_rnaseq,RNASEQ,3h,-1.82,0.1,not_significant
P,ppA,Prochlorococcus MED4,PMM0494,10.1038/msb4100087_nitrogen_nitrogen_deprivation_med4_med4_microarray,MICROARRAY,48h,-1.812056001,1.0,not_significant
P,ppA,Prochlorococcus MED4,PMM0494,10.1038/ismej.2017.88_nitrogen_stress_ndepleted_pro99_medium_med4_rnaseq,RNASEQ,12h,-1.78,0.03,significant_down
P,chrA,Prochlorococcus MED4,PMM0711,10.1038/msb4100087_nitrogen_nitrogen_deprivation_med4_med4_microarray,MICROARRAY,24h,-1.778909348,1.0,not_significant
P,pstS,Prochlorococcus MED4,PMM0710,10.1038/msb4100087_nitrogen_nitrogen_deprivation_med4_med4_microarray,MICROARRAY,24h,-1.77058709337761,0.01,significant_down
P,ppA,Prochlorococcus MED4,PMM0511,10.1038/ismej.2017.88_nitrogen_stress_ndepleted_pro99_medium_med4_rnaseq,RNASEQ,12h,-1.76,0.01,significant_down
N,ureG,Prochlorococcus MED4,PMM0969,10.1038/ismej.2017.88_nitrogen_stress_ndepleted_pro99_medium_med4_rnaseq,RNASEQ,12h,1.75,0.02,significant_up
P,phnC,Prochlorococcus MED4,PMM0672,10.1038/msb4100087_nitrogen_nitrogen_deprivation_med4_med4_microarray,MICROARRAY,12h,-1.739941182,1.0,not_significant
P,arsR,Prochlorococcus MED4,PMM0714,10.1038/msb4100087_nitrogen_nitrogen_deprivation_med4_med4_microarray,MICROARRAY,48h,1.729525573,1.0,not_significant
N,ureE,Prochlorococcus MED4,PMM0967,10.1101/2025.11.24.690089_growth_state_pro99lown_nutrient_starvation_med4_proteomics_axenic,PROTEOMICS,day 89,1.72323067982992,0.0010265872982329,significant_up
P,sqdB,Prochlorococcus MED4,PMM1665,10.1038/ismej.2017.88_nitrogen_stress_ndepleted_pro99_medium_med4_rnaseq,RNASEQ,24h,-1.72,0.0,significant_down
N,ntcA,Prochlorococcus MED4,PMM0246,10.1038/ismej.2017.88_nitrogen_stress_ndepleted_pro99_medium_med4_rnaseq,RNASEQ,12h,1.71,0.26,not_significant
N,cynS,Prochlorococcus MED4,PMM0373,10.1038/ismej.2017.88_nitrogen_stress_ndepleted_pro99_medium_med4_rnaseq,RNASEQ,12h,1.71,0.22,not_significant
N,cynS,Prochlorococcus MED4,PMM0373,10.1038/msb4100087_nitrogen_nitrogen_deprivation_med4_med4_microarray,MICROARRAY,48h,1.698942439,1.0,not_significant
P,pstA,Prochlorococcus MED4,PMM0035,10.1038/msb4100087_nitrogen_nitrogen_deprivation_med4_med4_microarray,MICROARRAY,12h,1.69639905167886,0.01,significant_up
P,ppA,Prochlorococcus MED4,PMM0494,10.1038/ismej.2017.88_nitrogen_stress_ndepleted_pro99_medium_med4_rnaseq,RNASEQ,24h,-1.69,0.03,significant_down
N,ntcA,Prochlorococcus MED4,PMM0246,10.1038/msb4100087_nitrogen_nitrogen_deprivation_med4_med4_microarray,MICROARRAY,24h,1.67965300850396,0.01,significant_up
P,PMM719,Prochlorococcus MED4,PMM0719,10.1038/msb4100087_nitrogen_nitrogen_deprivation_med4_med4_microarray,MICROARRAY,12h,1.67708651285213,0.01,significant_up
P,ppX,Prochlorococcus MED4,PMM0457,10.1038/msb4100087_nitrogen_nitrogen_deprivation_med4_med4_microarray,MICROARRAY,48h,-1.674708518,1.0,not_significant
N,ureC,Prochlorococcus MED4,PMM0963,10.1038/ismej.2017.88_nitrogen_stress_ndepleted_pro99_medium_med4_rnaseq,RNASEQ,24h,1.66,0.05,significant_up
P,ppA,Prochlorococcus MED4,PMM0511,10.1101/2025.11.24.690089_growth_state_pro99lown_nutrient_starvation_med4_rnaseq_axenic,RNASEQ,day 14,-1.6441858873419906,1.0810395782801852e-08,significant_down
P,sqdB,Prochlorococcus MED4,PMM1665,10.1101/2025.11.24.690089_growth_state_pro99lown_nutrient_starvation_med4_rnaseq_axenic,RNASEQ,day 14,-1.6283751166646971,5.639834897761834e-09,significant_down
P,arsR,Prochlorococcus MED4,PMM0714,10.1038/ismej.2017.88_nitrogen_stress_ndepleted_pro99_medium_med4_rnaseq,RNASEQ,24h,1.61,0.27,not_significant
P,pstS,Prochlorococcus MED4,PMM0710,10.1038/msb4100087_nitrogen_nitrogen_deprivation_med4_med4_microarray,MICROARRAY,12h,-1.60397657407417,0.01,significant_down
N,ureA,Prochlorococcus MED4,PMM0965,10.1101/2025.11.24.690089_growth_state_pro99lown_nutrient_starvation_med4_proteomics_axenic,PROTEOMICS,day 14,1.60331058502197,0.0107429971839741,significant_up
P,ppA,Prochlorococcus MED4,PMM0494,10.1038/msb4100087_nitrogen_nitrogen_deprivation_med4_med4_microarray,MICROARRAY,12h,-1.58768542736678,0.01,significant_down
P,PMM721,Prochlorococcus MED4,PMM0721,10.1101/2025.11.24.690089_growth_state_pro99lown_nutrient_starvation_med4_proteomics_axenic,PROTEOMICS,day 89,1.58201122283936,0.0078510825942406,significant_up
N,ureE,Prochlorococcus MED4,PMM0967,10.1101/2025.11.24.690089_growth_state_pro99lown_nutrient_starvation_med4_proteomics_axenic,PROTEOMICS,day 31,1.57349395751953,0.0018340309398113,significant_up
N,cynD,Prochlorococcus MED4,PMM0372,10.1101/2025.11.24.690089_growth_state_pro99lown_nutrient_starvation_med4_proteomics_axenic,PROTEOMICS,day 14,1.57325267791748,0.0006064934109148,significant_up
N,ureA,Prochlorococcus MED4,PMM0965,10.1038/ismej.2017.88_nitrogen_stress_ndepleted_pro99_medium_med4_rnaseq,RNASEQ,3h,-1.57,0.14,not_significant
P,phoA,Prochlorococcus MED4,PMM0708,10.1038/ismej.2017.88_nitrogen_stress_ndepleted_pro99_medium_med4_rnaseq,RNASEQ,12h,1.56,0.25,not_significant
P,ppA,Prochlorococcus MED4,PMM0494,10.1038/msb4100087_nitrogen_nitrogen_deprivation_med4_med4_microarray,MICROARRAY,6h,-1.55640237967724,0.01,significant_down
N,cynD,Prochlorococcus MED4,PMM0372,10.1038/msb4100087_nitrogen_nitrogen_deprivation_med4_med4_microarray,MICROARRAY,6h,1.53130361811556,0.01,significant_up
P,phoA,Prochlorococcus MED4,PMM0708,10.1038/ismej.2017.88_nitrogen_stress_ndepleted_pro99_medium_med4_rnaseq,RNASEQ,24h,1.52,0.13,not_significant
P,ppA,Prochlorococcus MED4,PMM0511,10.1038/msb4100087_nitrogen_nitrogen_deprivation_med4_med4_microarray,MICROARRAY,12h,-1.50360507545094,0.01,significant_down
N,ureA,Prochlorococcus MED4,PMM0965,10.1038/msb4100087_nitrogen_nitrogen_deprivation_med4_med4_microarray,MICROARRAY,12h,1.5016806356999,0.01,significant_up
P,pstC,Prochlorococcus MED4,PMM0723,10.1101/2025.11.24.690089_growth_state_pro99lown_nutrient_starvation_med4_rnaseq_axenic,RNASEQ,day 14,1.500045585361813,0.0001583806782874,significant_up
N,glnA,Prochlorococcus MED4,PMM0920,10.1038/ismej.2017.88_nitrogen_stress_ndepleted_pro99_medium_med4_rnaseq,RNASEQ,3h,1.5,1.0,not_significant
P,PMM707,Prochlorococcus MED4,PMM0707,10.1101/2025.11.24.690089_growth_state_pro99lown_nutrient_starvation_med4_rnaseq_axenic,RNASEQ,day 14,1.4979424572052362,3.5051260320291755e-08,significant_up
N,urtC,Prochlorococcus MED4,PMM0972,10.1101/2025.11.24.690089_growth_state_pro99lown_nutrient_starvation_med4_proteomics_axenic,PROTEOMICS,day 89,1.49678579966227,0.0016531803615837,significant_up
N,ureF,Prochlorococcus MED4,PMM0968,10.1038/msb4100087_nitrogen_nitrogen_deprivation_med4_med4_microarray,MICROARRAY,0h,-1.49559766,1.0,not_significant
P,phnC,Prochlorococcus MED4,PMM0672,10.1038/msb4100087_nitrogen_nitrogen_deprivation_med4_med4_microarray,MICROARRAY,3h,-1.48466459,1.0,not_significant
N,cynD,Prochlorococcus MED4,PMM0372,10.1038/msb4100087_nitrogen_nitrogen_deprivation_med4_med4_microarray,MICROARRAY,24h,1.46954583994354,0.01,significant_up
N,urtA,Prochlorococcus MED4,PMM0970,10.1101/2025.11.24.690089_growth_state_pro99lown_nutrient_starvation_med4_proteomics_axenic,PROTEOMICS,day 31,-1.44952583312988,1.19495319538646e-05,significant_down
P,PMM719,Prochlorococcus MED4,PMM0719,10.1101/2025.11.24.690089_growth_state_pro99lown_nutrient_starvation_med4_proteomics_axenic,PROTEOMICS,day 14,1.44434960683187,0.0024288920945619,significant_up
N,pipX,Prochlorococcus MED4,PMM0393,10.1038/msb4100087_nitrogen_nitrogen_deprivation_med4_med4_microarray,MICROARRAY,48h,-1.440531926,1.0,not_significant
P,PMM721,Prochlorococcus MED4,PMM0721,10.1101/2025.11.24.690089_growth_state_pro99lown_nutrient_starvation_med4_rnaseq_axenic,RNASEQ,day 14,1.4181845616632252,0.011797954092898,significant_up
P,pstA,Prochlorococcus MED4,PMM0035,10.1038/msb4100087_nitrogen_nitrogen_deprivation_med4_med4_microarray,MICROARRAY,6h,1.41649447038967,0.01,significant_up
P,ppA,Prochlorococcus MED4,PMM0511,10.1038/ismej.2017.88_nitrogen_stress_ndepleted_pro99_medium_med4_rnaseq,RNASEQ,3h,-1.4,1.0,not_significant
P,ppX,Prochlorococcus MED4,PMM0457,10.1101/2025.11.24.690089_growth_state_pro99lown_nutrient_starvation_med4_proteomics_axenic,PROTEOMICS,day 89,1.38199202219645,4.21331857598114e-05,significant_up
N,glnA,Prochlorococcus MED4,PMM0920,10.1101/2025.11.24.690089_growth_state_pro99lown_nutrient_starvation_med4_proteomics_axenic,PROTEOMICS,day 31,1.38018099466959,0.000453055859293,significant_up
N,ureC,Prochlorococcus MED4,PMM0963,10.1101/2025.11.24.690089_growth_state_pro99lown_nutrient_starvation_med4_rnaseq_axenic,RNASEQ,day 14,1.3686487195269106,1.0856378755887778e-06,significant_up
P,chrA,Prochlorococcus MED4,PMM0711,10.1038/msb4100087_nitrogen_nitrogen_deprivation_med4_med4_microarray,MICROARRAY,12h,-1.366843566,1.0,not_significant
N,ureE,Prochlorococcus MED4,PMM0967,10.1038/msb4100087_nitrogen_nitrogen_deprivation_med4_med4_microarray,MICROARRAY,48h,-1.35589418,1.0,not_significant
N,cynD,Prochlorococcus MED4,PMM0372,10.1038/msb4100087_nitrogen_nitrogen_deprivation_med4_med4_microarray,MICROARRAY,48h,1.350649249,1.0,not_significant
N,cynB,Prochlorococcus MED4,PMM0371,10.1101/2025.11.24.690089_growth_state_pro99lown_nutrient_starvation_med4_proteomics_axenic,PROTEOMICS,day 31,1.33327420552572,0.0721109025683839,not_significant
P,pstA,Prochlorococcus MED4,PMM0035,10.1038/msb4100087_nitrogen_nitrogen_deprivation_med4_med4_microarray,MICROARRAY,48h,1.333168179,1.0,not_significant
N,ureB,Prochlorococcus MED4,PMM0964,10.1038/msb4100087_nitrogen_nitrogen_deprivation_med4_med4_microarray,MICROARRAY,12h,1.32778315629641,0.01,significant_up
N,urtE,Prochlorococcus MED4,PMM0974,10.1101/2025.11.24.690089_growth_state_pro99lown_nutrient_starvation_med4_rnaseq_axenic,RNASEQ,day 14,1.3202410768900066,0.0055362407899833,significant_up
P,pstS,Prochlorococcus MED4,PMM0710,10.1038/ismej.2017.88_nitrogen_stress_ndepleted_pro99_medium_med4_rnaseq,RNASEQ,3h,-1.32,1.0,not_significant
P,PMM719,Prochlorococcus MED4,PMM0719,10.1101/2025.11.24.690089_growth_state_pro99lown_nutrient_starvation_med4_rnaseq_axenic,RNASEQ,day 14,1.3137504893600755,0.014588162129705,significant_up
N,cynS,Prochlorococcus MED4,PMM0373,10.1101/2025.11.24.690089_growth_state_pro99lown_nutrient_starvation_med4_proteomics_axenic,PROTEOMICS,day 14,1.30489826202393,0.0347277383696124,significant_up
P,phoB,Prochlorococcus MED4,PMM0705,10.1038/ismej.2017.88_nitrogen_stress_ndepleted_pro99_medium_med4_rnaseq,RNASEQ,12h,1.3,0.47,not_significant
P,pstA,Prochlorococcus MED4,PMM0035,10.1038/msb4100087_nitrogen_nitrogen_deprivation_med4_med4_microarray,MICROARRAY,24h,1.29235948696794,0.01,significant_up
P,PMM707,Prochlorococcus MED4,PMM0707,10.1038/ismej.2017.88_nitrogen_stress_ndepleted_pro99_medium_med4_rnaseq,RNASEQ,24h,1.29,0.13,not_significant
N,cynS,Prochlorococcus MED4,PMM0373,10.1038/msb4100087_nitrogen_nitrogen_deprivation_med4_med4_microarray,MICROARRAY,12h,1.289198572,1.0,not_significant
N,cynB,Prochlorococcus MED4,PMM0371,10.1101/2025.11.24.690089_growth_state_pro99lown_nutrient_starvation_med4_proteomics_axenic,PROTEOMICS,day 14,1.27374362945557,0.16176371197448,not_significant
P,chrA,Prochlorococcus MED4,PMM0711,10.1038/msb4100087_nitrogen_nitrogen_deprivation_med4_med4_microarray,MICROARRAY,3h,1.26099492,1.0,not_significant
N,ureA,Prochlorococcus MED4,PMM0965,10.1101/2025.11.24.690089_growth_state_pro99lown_nutrient_starvation_med4_proteomics_axenic,PROTEOMICS,day 89,1.25440692901611,0.0130553170607451,significant_up
N,glsF,Prochlorococcus MED4,PMM1512,10.1038/msb4100087_nitrogen_nitrogen_deprivation_med4_med4_microarray,MICROARRAY,12h,1.24648614137608,0.01,significant_up
N,ureA,Prochlorococcus MED4,PMM0965,10.1038/msb4100087_nitrogen_nitrogen_deprivation_med4_med4_microarray,MICROARRAY,48h,1.243182442,1.0,not_significant
P,PMM721,Prochlorococcus MED4,PMM0721,10.1038/msb4100087_nitrogen_nitrogen_deprivation_med4_med4_microarray,MICROARRAY,12h,-1.236400604,1.0,not_significant
P,pstA,Prochlorococcus MED4,PMM0035,10.1101/2025.11.24.690089_growth_state_pro99lown_nutrient_starvation_med4_proteomics_axenic,PROTEOMICS,day 14,1.22640387217204,0.0002781538902651,significant_up
N,ntcA,Prochlorococcus MED4,PMM0246,10.1038/msb4100087_nitrogen_nitrogen_deprivation_med4_med4_microarray,MICROARRAY,48h,1.22622802,1.0,not_significant
P,ppX,Prochlorococcus MED4,PMM0457,10.1101/2025.11.24.690089_growth_state_pro99lown_nutrient_starvation_med4_proteomics_axenic,PROTEOMICS,day 31,1.22308985392253,0.000109903580992,significant_up
N,ureG,Prochlorococcus MED4,PMM0969,10.1038/msb4100087_nitrogen_nitrogen_deprivation_med4_med4_microarray,MICROARRAY,12h,1.21799783854879,0.01,significant_up
P,PMM721,Prochlorococcus MED4,PMM0721,10.1038/msb4100087_nitrogen_nitrogen_deprivation_med4_med4_microarray,MICROARRAY,3h,-1.205596829,1.0,not_significant
P,ppA,Prochlorococcus MED4,PMM0511,10.1038/msb4100087_nitrogen_nitrogen_deprivation_med4_med4_microarray,MICROARRAY,6h,-1.20213419019854,0.01,significant_down
N,ureC,Prochlorococcus MED4,PMM0963,10.1038/ismej.2017.88_nitrogen_stress_ndepleted_pro99_medium_med4_rnaseq,RNASEQ,12h,1.2,0.38,not_significant
P,PMM722,Prochlorococcus MED4,PMM0722,10.1101/2025.11.24.690089_growth_state_pro99lown_nutrient_starvation_med4_proteomics_axenic,PROTEOMICS,day 31,1.19332122802734,0.0512466747808835,not_significant
P,pstS,Prochlorococcus MED4,PMM0710,10.1038/msb4100087_nitrogen_nitrogen_deprivation_med4_med4_microarray,MICROARRAY,6h,-1.17640764841184,0.01,significant_down
P,PMM722,Prochlorococcus MED4,PMM0722,10.1101/2025.11.24.690089_growth_state_pro99lown_nutrient_starvation_med4_proteomics_axenic,PROTEOMICS,day 14,1.15018240610758,0.124419513591498,not_significant
P,phnD,Prochlorococcus MED4,PMM0673,10.1038/msb4100087_nitrogen_nitrogen_deprivation_med4_med4_microarray,MICROARRAY,48h,-1.14412133,1.0,not_significant
P,phoB,Prochlorococcus MED4,PMM0705,10.1101/2025.11.24.690089_growth_state_pro99lown_nutrient_starvation_med4_rnaseq_axenic,RNASEQ,day 14,-1.1371656454925427,0.0031858647406717,significant_down
N,ureA,Prochlorococcus MED4,PMM0965,10.1038/msb4100087_nitrogen_nitrogen_deprivation_med4_med4_microarray,MICROARRAY,3h,1.135729397,1.0,not_significant
P,phoA,Prochlorococcus MED4,PMM0708,10.1101/2025.11.24.690089_growth_state_pro99lown_nutrient_starvation_med4_proteomics_axenic,PROTEOMICS,day 89,1.1257594426473,0.0005316133231843,significant_up
P,ppA,Prochlorococcus MED4,PMM0494,10.1038/msb4100087_nitrogen_nitrogen_deprivation_med4_med4_microarray,MICROARRAY,24h,-1.1230130584379,0.01,significant_down
N,cynS,Prochlorococcus MED4,PMM0373,10.1101/2025.11.24.690089_growth_state_pro99lown_nutrient_starvation_med4_proteomics_axenic,PROTEOMICS,day 89,1.11622905731201,0.0279676097992219,significant_up
P,phnD,Prochlorococcus MED4,PMM0673,10.1038/msb4100087_nitrogen_nitrogen_deprivation_med4_med4_microarray,MICROARRAY,24h,-1.114633759,1.0,not_significant
N,amtB/amt1,Prochlorococcus MED4,PMM0263,10.1038/msb4100087_nitrogen_nitrogen_deprivation_med4_med4_microarray,MICROARRAY,6h,1.09022039554685,0.01,significant_up
N,ureA,Prochlorococcus MED4,PMM0965,10.1038/msb4100087_nitrogen_nitrogen_deprivation_med4_med4_microarray,MICROARRAY,24h,1.0838688978539,0.01,significant_up
N,cynB,Prochlorococcus MED4,PMM0371,10.1038/msb4100087_nitrogen_nitrogen_deprivation_med4_med4_microarray,MICROARRAY,3h,1.080973522,1.0,not_significant
N,cynS,Prochlorococcus MED4,PMM0373,10.1038/msb4100087_nitrogen_nitrogen_deprivation_med4_med4_microarray,MICROARRAY,24h,1.055594537,1.0,not_significant
P,phoR,Prochlorococcus MED4,PMM0706,10.1101/2025.11.24.690089_growth_state_pro99lown_nutrient_starvation_med4_proteomics_axenic,PROTEOMICS,day 31,-1.05511283874512,0.0022121851169193,significant_down
N,amtB/amt1,Prochlorococcus MED4,PMM0263,10.1038/msb4100087_nitrogen_nitrogen_deprivation_med4_med4_microarray,MICROARRAY,24h,1.05240145098823,0.01,significant_up
N,ureD,Prochlorococcus MED4,PMM0966,10.1038/ismej.2017.88_nitrogen_stress_ndepleted_pro99_medium_med4_rnaseq,RNASEQ,24h,1.05,0.29,not_significant
P,ppK,Prochlorococcus MED4,PMM1696,10.1038/msb4100087_nitrogen_nitrogen_deprivation_med4_med4_microarray,MICROARRAY,0h,-1.046999824,1.0,not_significant
P,phnE,Prochlorococcus MED4,PMM0671,10.1038/msb4100087_nitrogen_nitrogen_deprivation_med4_med4_microarray,MICROARRAY,48h,-1.041345588,1.0,not_significant
P,phnD,Prochlorococcus MED4,PMM0673,10.1038/msb4100087_nitrogen_nitrogen_deprivation_med4_med4_microarray,MICROARRAY,3h,-1.040163032,1.0,not_significant
P,pstA,Prochlorococcus MED4,PMM0035,10.1101/2025.11.24.690089_growth_state_pro99lown_nutrient_starvation_med4_rnaseq_axenic,RNASEQ,day 14,1.031526491079953,0.0067338280929095,significant_up
N,amtB/amt1,Prochlorococcus MED4,PMM0263,10.1101/2025.11.24.690089_growth_state_pro99lown_nutrient_starvation_med4_proteomics_axenic,PROTEOMICS,day 89,1.01010862986247,0.0010926752597998,significant_up
P,ppA,Prochlorococcus MED4,PMM0511,10.1038/msb4100087_nitrogen_nitrogen_deprivation_med4_med4_microarray,MICROARRAY,24h,-1.008904391,1.0,not_significant
N,urtD,Prochlorococcus MED4,PMM0973,10.1101/2025.11.24.690089_growth_state_pro99lown_nutrient_starvation_med4_rnaseq_axenic,RNASEQ,day 14,1.0075126293068315,0.0278893507331073,significant_up
N,pipX,Prochlorococcus MED4,PMM0393,10.1101/2025.11.24.690089_growth_state_pro99lown_nutrient_starvation_med4_proteomics_axenic,PROTEOMICS,day 14,1.00702953338623,0.0164797999456599,significant_up
P,pstS,Prochlorococcus MED4,PMM0710,10.1101/2025.11.24.690089_growth_state_pro99lown_nutrient_starvation_med4_proteomics_axenic,PROTEOMICS,day 89,0.999087333679201,0.0002610036013038,not_significant
P,pstA,Prochlorococcus MED4,PMM0724,10.1101/2025.11.24.690089_growth_state_pro99lown_nutrient_starvation_med4_proteomics_axenic,PROTEOMICS,day 89,-0.990463574727374,0.0469406945062104,not_significant
P,ppA,Prochlorococcus MED4,PMM0494,10.1038/ismej.2017.88_nitrogen_stress_ndepleted_pro99_medium_med4_rnaseq,RNASEQ,3h,0.99,0.81,not_significant
N,glsF,Prochlorococcus MED4,PMM1512,10.1038/msb4100087_nitrogen_nitrogen_deprivation_med4_med4_microarray,MICROARRAY,48h,0.982868037,1.0,not_significant
N,ureG,Prochlorococcus MED4,PMM0969,10.1101/2025.11.24.690089_growth_state_pro99lown_nutrient_starvation_med4_rnaseq_axenic,RNASEQ,day 14,0.9814433301071968,0.0057525757398383,not_significant
P,PMM719,Prochlorococcus MED4,PMM0719,10.1038/msb4100087_nitrogen_nitrogen_deprivation_med4_med4_microarray,MICROARRAY,6h,0.975096343114248,0.01,significant_up
P,chrA,Prochlorococcus MED4,PMM0711,10.1038/msb4100087_nitrogen_nitrogen_deprivation_med4_med4_microarray,MICROARRAY,48h,-0.954481505,1.0,not_significant
P,PMM721,Prochlorococcus MED4,PMM0721,10.1038/msb4100087_nitrogen_nitrogen_deprivation_med4_med4_microarray,MICROARRAY,0h,-0.951799515,1.0,not_significant
P,chrA,Prochlorococcus MED4,PMM0711,10.1038/msb4100087_nitrogen_nitrogen_deprivation_med4_med4_microarray,MICROARRAY,0h,-0.947491036,1.0,not_significant
N,glsF,Prochlorococcus MED4,PMM1512,10.1038/ismej.2017.88_nitrogen_stress_ndepleted_pro99_medium_med4_rnaseq,RNASEQ,24h,0.94,0.4,not_significant
P,PsiP1,Prochlorococcus MED4,PMM1416,10.1101/2025.11.24.690089_growth_state_pro99lown_nutrient_starvation_med4_proteomics_axenic,PROTEOMICS,day 89,0.924705823262534,0.0317238746356369,not_significant
P,phnC,Prochlorococcus MED4,PMM0672,10.1038/msb4100087_nitrogen_nitrogen_deprivation_med4_med4_microarray,MICROARRAY,6h,-0.923038333,1.0,not_significant
P,phnD,Prochlorococcus MED4,PMM0673,10.1101/2025.11.24.690089_growth_state_pro99lown_nutrient_starvation_med4_proteomics_axenic,PROTEOMICS,day 89,-0.916691144307456,0.0027807025078499,not_significant
P,PMM707,Prochlorococcus MED4,PMM0707,10.1038/msb4100087_nitrogen_nitrogen_deprivation_med4_med4_microarray,MICROARRAY,3h,0.914147001,1.0,not_significant
P,pstA,Prochlorococcus MED4,PMM0724,10.1038/msb4100087_nitrogen_nitrogen_deprivation_med4_med4_microarray,MICROARRAY,12h,-0.912920658,1.0,not_significant
N,ureB,Prochlorococcus MED4,PMM0964,10.1038/msb4100087_nitrogen_nitrogen_deprivation_med4_med4_microarray,MICROARRAY,6h,0.912417913,1.0,not_significant
P,arsR,Prochlorococcus MED4,PMM0714,10.1038/msb4100087_nitrogen_nitrogen_deprivation_med4_med4_microarray,MICROARRAY,12h,0.911613208,1.0,not_significant
N,cynS,Prochlorococcus MED4,PMM0373,10.1038/msb4100087_nitrogen_nitrogen_deprivation_med4_med4_microarray,MICROARRAY,6h,0.904883582,1.0,not_significant
P,phoA,Prochlorococcus MED4,PMM0708,10.1101/2025.11.24.690089_growth_state_pro99lown_nutrient_starvation_med4_rnaseq_axenic,RNASEQ,day 14,-0.9037284661205786,0.0118757498829612,not_significant
P,phoR,Prochlorococcus MED4,PMM0706,10.1101/2025.11.24.690089_growth_state_pro99lown_nutrient_starvation_med4_rnaseq_axenic,RNASEQ,day 14,-0.9020615042254247,0.021637601249755,not_significant
P,phnE,Prochlorococcus MED4,PMM0671,10.1101/2025.11.24.690089_growth_state_pro99lown_nutrient_starvation_med4_proteomics_axenic,PROTEOMICS,day 31,-0.899969736735024,0.0763795357590406,not_significant
N,ureG,Prochlorococcus MED4,PMM0969,10.1101/2025.11.24.690089_growth_state_pro99lown_nutrient_starvation_med4_proteomics_axenic,PROTEOMICS,day 31,0.899624506632485,0.0403152845021017,not_significant
N,glsF,Prochlorococcus MED4,PMM1512,10.1038/msb4100087_nitrogen_nitrogen_deprivation_med4_med4_microarray,MICROARRAY,6h,0.897205448251782,0.01,significant_up
P,gap3,Prochlorococcus MED4,PMM0713,10.1038/msb4100087_nitrogen_nitrogen_deprivation_med4_med4_microarray,MICROARRAY,12h,0.894054052,1.0,not_significant
N,urtE,Prochlorococcus MED4,PMM0974,10.1038/ismej.2017.88_nitrogen_stress_ndepleted_pro99_medium_med4_rnaseq,RNASEQ,3h,-0.89,0.72,not_significant
N,glsF,Prochlorococcus MED4,PMM1512,10.1038/msb4100087_nitrogen_nitrogen_deprivation_med4_med4_microarray,MICROARRAY,24h,0.872687543,1.0,not_significant
N,urtE,Prochlorococcus MED4,PMM0974,10.1038/msb4100087_nitrogen_nitrogen_deprivation_med4_med4_microarray,MICROARRAY,12h,0.872009404,1.0,not_significant
P,pstA,Prochlorococcus MED4,PMM0035,10.1038/ismej.2017.88_nitrogen_stress_ndepleted_pro99_medium_med4_rnaseq,RNASEQ,3h,0.87,1.0,not_significant
P,PMM719,Prochlorococcus MED4,PMM0719,10.1038/ismej.2017.88_nitrogen_stress_ndepleted_pro99_medium_med4_rnaseq,RNASEQ,12h,-0.87,0.8,not_significant
P,pstC,Prochlorococcus MED4,PMM0723,10.1038/msb4100087_nitrogen_nitrogen_deprivation_med4_med4_microarray,MICROARRAY,48h,-0.868795192,1.0,not_significant
P,PsiP1,Prochlorococcus MED4,PMM1416,10.1038/ismej.2017.88_nitrogen_stress_ndepleted_pro99_medium_med4_rnaseq,RNASEQ,12h,0.86,0.97,not_significant
P,sqdB,Prochlorococcus MED4,PMM1665,10.1038/ismej.2017.88_nitrogen_stress_ndepleted_pro99_medium_med4_rnaseq,RNASEQ,12h,-0.86,0.33,not_significant
P,phnE,Prochlorococcus MED4,PMM0671,10.1038/msb4100087_nitrogen_nitrogen_deprivation_med4_med4_microarray,MICROARRAY,12h,-0.859485312,1.0,not_significant
N,nadB,Prochlorococcus MED4,PMM0100,10.1101/2025.11.24.690089_growth_state_pro99lown_nutrient_starvation_med4_proteomics_axenic,PROTEOMICS,day 31,-0.858004252115885,0.0004048178600392,not_significant
P,sqdB,Prochlorococcus MED4,PMM1665,10.1038/msb4100087_nitrogen_nitrogen_deprivation_med4_med4_microarray,MICROARRAY,3h,-0.857975133,1.0,not_significant
P,gap3,Prochlorococcus MED4,PMM0713,10.1101/2025.11.24.690089_growth_state_pro99lown_nutrient_starvation_med4_proteomics_axenic,PROTEOMICS,day 31,0.834381739298503,0.0008523050672818,not_significant
N,ureA,Prochlorococcus MED4,PMM0965,10.1101/2025.11.24.690089_growth_state_pro99lown_nutrient_starvation_med4_proteomics_axenic,PROTEOMICS,day 31,0.833249409993486,0.07384760350825,not_significant
N,urtA,Prochlorococcus MED4,PMM0970,10.1101/2025.11.24.690089_growth_state_pro99lown_nutrient_starvation_med4_proteomics_axenic,PROTEOMICS,day 14,0.82442315419515,0.0039027325118359,not_significant
N,urtC,Prochlorococcus MED4,PMM0972,10.1101/2025.11.24.690089_growth_state_pro99lown_nutrient_starvation_med4_proteomics_axenic,PROTEOMICS,day 31,0.82244300842285,0.0420836362339619,not_significant
N,thiO,Prochlorococcus MED4,PMM0047,10.1101/2025.11.24.690089_growth_state_pro99lown_nutrient_starvation_med4_rnaseq_axenic,RNASEQ,day 14,0.8102821392956102,0.0070307728850213,not_significant
N,glsF,Prochlorococcus MED4,PMM1512,10.1038/ismej.2017.88_nitrogen_stress_ndepleted_pro99_medium_med4_rnaseq,RNASEQ,12h,0.81,1.0,not_significant
P,ppK,Prochlorococcus MED4,PMM1696,10.1038/msb4100087_nitrogen_nitrogen_deprivation_med4_med4_microarray,MICROARRAY,48h,-0.804605321,1.0,not_significant
P,phnC,Prochlorococcus MED4,PMM0672,10.1101/2025.11.24.690089_growth_state_pro99lown_nutrient_starvation_med4_proteomics_axenic,PROTEOMICS,day 89,-0.803330421447754,0.0469504444769889,not_significant
N,amtB/amt1,Prochlorococcus MED4,PMM0263,10.1038/msb4100087_nitrogen_nitrogen_deprivation_med4_med4_microarray,MICROARRAY,3h,0.801664843,1.0,not_significant
N,ureG,Prochlorococcus MED4,PMM0969,10.1038/msb4100087_nitrogen_nitrogen_deprivation_med4_med4_microarray,MICROARRAY,24h,0.801503554,1.0,not_significant
P,PMM722,Prochlorococcus MED4,PMM0722,10.1038/ismej.2017.88_nitrogen_stress_ndepleted_pro99_medium_med4_rnaseq,RNASEQ,12h,-0.8,1.0,not_significant
P,sqdB,Prochlorococcus MED4,PMM1665,10.1038/msb4100087_nitrogen_nitrogen_deprivation_med4_med4_microarray,MICROARRAY,24h,-0.798639963,1.0,not_significant
N,ureB,Prochlorococcus MED4,PMM0964,10.1101/2025.11.24.690089_growth_state_pro99lown_nutrient_starvation_med4_proteomics_axenic,PROTEOMICS,day 14,0.797797203063965,0.0423704890111036,not_significant
N,ureE,Prochlorococcus MED4,PMM0967,10.1038/msb4100087_nitrogen_nitrogen_deprivation_med4_med4_microarray,MICROARRAY,0h,-0.795965021,1.0,not_significant
P,phoR,Prochlorococcus MED4,PMM0706,10.1038/msb4100087_nitrogen_nitrogen_deprivation_med4_med4_microarray,MICROARRAY,24h,-0.790230066,1.0,not_significant
N,nadB,Prochlorococcus MED4,PMM0100,10.1101/2025.11.24.690089_growth_state_pro99lown_nutrient_starvation_med4_rnaseq_axenic,RNASEQ,day 14,0.7835340635894691,0.0014793620645854,not_significant
P,phoR,Prochlorococcus MED4,PMM0706,10.1101/2025.11.24.690089_growth_state_pro99lown_nutrient_starvation_med4_proteomics_axenic,PROTEOMICS,day 89,-0.779887199401855,0.0141369408570698,not_significant
N,urtA,Prochlorococcus MED4,PMM0970,10.1038/msb4100087_nitrogen_nitrogen_deprivation_med4_med4_microarray,MICROARRAY,0h,0.77958576,1.0,not_significant
N,cynS,Prochlorococcus MED4,PMM0373,10.1101/2025.11.24.690089_growth_state_pro99lown_nutrient_starvation_med4_rnaseq_axenic,RNASEQ,day 14,0.7777349901718181,0.0941706523664379,not_significant
N,urtE,Prochlorococcus MED4,PMM0974,10.1038/msb4100087_nitrogen_nitrogen_deprivation_med4_med4_microarray,MICROARRAY,3h,0.777664686,1.0,not_significant
N,urtA,Prochlorococcus MED4,PMM0970,10.1101/2025.11.24.690089_growth_state_pro99lown_nutrient_starvation_med4_proteomics_axenic,PROTEOMICS,day 89,-0.777386665344237,0.0014001002527953,not_significant
N,urtC,Prochlorococcus MED4,PMM0972,10.1101/2025.11.24.690089_growth_state_pro99lown_nutrient_starvation_med4_rnaseq_axenic,RNASEQ,day 14,0.7696813665292588,0.073232218770298,not_significant
N,pipX,Prochlorococcus MED4,PMM0393,10.1038/msb4100087_nitrogen_nitrogen_deprivation_med4_med4_microarray,MICROARRAY,12h,0.76440665,1.0,not_significant
P,phnC,Prochlorococcus MED4,PMM0672,10.1038/msb4100087_nitrogen_nitrogen_deprivation_med4_med4_microarray,MICROARRAY,0h,-0.763557905,1.0,not_significant
P,phnC,Prochlorococcus MED4,PMM0672,10.1038/msb4100087_nitrogen_nitrogen_deprivation_med4_med4_microarray,MICROARRAY,48h,-0.76069818,1.0,not_significant
N,ureG,Prochlorococcus MED4,PMM0969,10.1101/2025.11.24.690089_growth_state_pro99lown_nutrient_starvation_med4_proteomics_axenic,PROTEOMICS,day 89,0.760268847147622,0.080142393297825,not_significant
P,pstB,Prochlorococcus MED4,PMM0725,10.1038/msb4100087_nitrogen_nitrogen_deprivation_med4_med4_microarray,MICROARRAY,48h,0.740431905,1.0,not_significant
N,cynB,Prochlorococcus MED4,PMM0371,10.1101/2025.11.24.690089_growth_state_pro99lown_nutrient_starvation_med4_proteomics_axenic,PROTEOMICS,day 89,0.740062395731607,0.323042005558364,not_significant
P,pstA,Prochlorococcus MED4,PMM0724,10.1038/msb4100087_nitrogen_nitrogen_deprivation_med4_med4_microarray,MICROARRAY,24h,-0.73602384,1.0,not_significant
N,cynS,Prochlorococcus MED4,PMM0373,10.1038/msb4100087_nitrogen_nitrogen_deprivation_med4_med4_microarray,MICROARRAY,3h,0.73404732,1.0,not_significant
P,pstA,Prochlorococcus MED4,PMM0724,10.1038/msb4100087_nitrogen_nitrogen_deprivation_med4_med4_microarray,MICROARRAY,48h,-0.729667401,1.0,not_significant
P,sqdB,Prochlorococcus MED4,PMM1665,10.1038/msb4100087_nitrogen_nitrogen_deprivation_med4_med4_microarray,MICROARRAY,48h,-0.724420976,1.0,not_significant
P,PMM719,Prochlorococcus MED4,PMM0719,10.1038/ismej.2017.88_nitrogen_stress_ndepleted_pro99_medium_med4_rnaseq,RNASEQ,24h,0.72,0.56,not_significant
N,ureF,Prochlorococcus MED4,PMM0968,10.1038/msb4100087_nitrogen_nitrogen_deprivation_med4_med4_microarray,MICROARRAY,12h,0.716767806,1.0,not_significant
N,cynD,Prochlorococcus MED4,PMM0372,10.1101/2025.11.24.690089_growth_state_pro99lown_nutrient_starvation_med4_proteomics_axenic,PROTEOMICS,day 31,0.713287989298502,0.0206303850684552,not_significant
P,phnE,Prochlorococcus MED4,PMM0671,10.1038/msb4100087_nitrogen_nitrogen_deprivation_med4_med4_microarray,MICROARRAY,3h,-0.711483983,1.0,not_significant
P,PMM707,Prochlorococcus MED4,PMM0707,10.1038/msb4100087_nitrogen_nitrogen_deprivation_med4_med4_microarray,MICROARRAY,6h,0.711180552,1.0,not_significant
P,PMM721,Prochlorococcus MED4,PMM0721,10.1101/2025.11.24.690089_growth_state_pro99lown_nutrient_starvation_med4_proteomics_axenic,PROTEOMICS,day 14,0.7079439163208,0.293671351250256,not_significant
P,ppA,Prochlorococcus MED4,PMM0511,10.1101/2025.11.24.690089_growth_state_pro99lown_nutrient_starvation_med4_proteomics_axenic,PROTEOMICS,day 31,-0.706671396891275,0.251795063250176,not_significant
P,sqdB,Prochlorococcus MED4,PMM1665,10.1038/msb4100087_nitrogen_nitrogen_deprivation_med4_med4_microarray,MICROARRAY,6h,-0.695012906,1.0,not_significant
N,pipX,Prochlorococcus MED4,PMM0393,10.1038/msb4100087_nitrogen_nitrogen_deprivation_med4_med4_microarray,MICROARRAY,0h,-0.693732222,1.0,not_significant
P,phoA,Prochlorococcus MED4,PMM0708,10.1101/2025.11.24.690089_growth_state_pro99lown_nutrient_starvation_med4_proteomics_axenic,PROTEOMICS,day 31,0.692026774088541,0.0114515455093856,not_significant
P,phnC,Prochlorococcus MED4,PMM0672,10.1101/2025.11.24.690089_growth_state_pro99lown_nutrient_starvation_med4_proteomics_axenic,PROTEOMICS,day 31,-0.69143549601237,0.0772933595128853,not_significant
N,ureB,Prochlorococcus MED4,PMM0964,10.1038/msb4100087_nitrogen_nitrogen_deprivation_med4_med4_microarray,MICROARRAY,24h,0.683407688,1.0,not_significant
P,pstC,Prochlorococcus MED4,PMM0723,10.1101/2025.11.24.690089_growth_state_pro99lown_nutrient_starvation_med4_proteomics_axenic,PROTEOMICS,day 89,0.683204332987466,0.203879677888779,not_significant
P,PMM707,Prochlorococcus MED4,PMM0707,10.1038/msb4100087_nitrogen_nitrogen_deprivation_med4_med4_microarray,MICROARRAY,48h,0.680524276,1.0,not_significant
P,arsR,Prochlorococcus MED4,PMM0714,10.1038/msb4100087_nitrogen_nitrogen_deprivation_med4_med4_microarray,MICROARRAY,24h,0.670501866,1.0,not_significant
N,urtE,Prochlorococcus MED4,PMM0974,10.1038/msb4100087_nitrogen_nitrogen_deprivation_med4_med4_microarray,MICROARRAY,6h,0.662247233,1.0,not_significant
P,pstC,Prochlorococcus MED4,PMM0723,10.1038/msb4100087_nitrogen_nitrogen_deprivation_med4_med4_microarray,MICROARRAY,3h,-0.65653606,1.0,not_significant
P,pstA,Prochlorococcus MED4,PMM0035,10.1038/msb4100087_nitrogen_nitrogen_deprivation_med4_med4_microarray,MICROARRAY,3h,0.650646819,1.0,not_significant
N,ureD,Prochlorococcus MED4,PMM0966,10.1101/2025.11.24.690089_growth_state_pro99lown_nutrient_starvation_med4_proteomics_axenic,PROTEOMICS,day 31,0.648622512817386,0.0368564426926358,not_significant
N,amtB/amt1,Prochlorococcus MED4,PMM0263,10.1101/2025.11.24.690089_growth_state_pro99lown_nutrient_starvation_med4_proteomics_axenic,PROTEOMICS,day 31,0.647590637207035,0.015620114970028,not_significant
N,urtD,Prochlorococcus MED4,PMM0973,10.1038/msb4100087_nitrogen_nitrogen_deprivation_med4_med4_microarray,MICROARRAY,6h,0.642414235,1.0,not_significant
P,phnD,Prochlorococcus MED4,PMM0673,10.1038/msb4100087_nitrogen_nitrogen_deprivation_med4_med4_microarray,MICROARRAY,0h,-0.642194681,1.0,not_significant
N,amtB/amt1,Prochlorococcus MED4,PMM0263,10.1038/msb4100087_nitrogen_nitrogen_deprivation_med4_med4_microarray,MICROARRAY,12h,0.640798321,1.0,not_significant
N,ureC,Prochlorococcus MED4,PMM0963,10.1038/msb4100087_nitrogen_nitrogen_deprivation_med4_med4_microarray,MICROARRAY,48h,0.63756763,1.0,not_significant
N,ureC,Prochlorococcus MED4,PMM0963,10.1101/2025.11.24.690089_growth_state_pro99lown_nutrient_starvation_med4_proteomics_axenic,PROTEOMICS,day 14,0.63168239593506,0.0274045512638865,not_significant
N,cynS,Prochlorococcus MED4,PMM0373,10.1101/2025.11.24.690089_growth_state_pro99lown_nutrient_starvation_med4_proteomics_axenic,PROTEOMICS,day 31,0.629897435506186,0.180289681060176,not_significant
N,ureG,Prochlorococcus MED4,PMM0969,10.1038/msb4100087_nitrogen_nitrogen_deprivation_med4_med4_microarray,MICROARRAY,6h,0.628258636,1.0,not_significant
P,chrA,Prochlorococcus MED4,PMM0711,10.1101/2025.11.24.690089_growth_state_pro99lown_nutrient_starvation_med4_rnaseq_axenic,RNASEQ,day 14,0.619803074187042,0.2172936968668701,not_significant
N,ureD,Prochlorococcus MED4,PMM0966,10.1038/msb4100087_nitrogen_nitrogen_deprivation_med4_med4_microarray,MICROARRAY,6h,0.619389551,1.0,not_significant
P,ppX,Prochlorococcus MED4,PMM0457,10.1038/msb4100087_nitrogen_nitrogen_deprivation_med4_med4_microarray,MICROARRAY,24h,-0.613475235,1.0,not_significant
N,nadB,Prochlorococcus MED4,PMM0100,10.1101/2025.11.24.690089_growth_state_pro99lown_nutrient_starvation_med4_proteomics_axenic,PROTEOMICS,day 14,-0.608890851338705,0.0141612763486772,not_significant
P,PMM721,Prochlorococcus MED4,PMM0721,10.1101/2025.11.24.690089_growth_state_pro99lown_nutrient_starvation_med4_proteomics_axenic,PROTEOMICS,day 31,0.608505249023433,0.244384029138421,not_significant
N,nadB,Prochlorococcus MED4,PMM0100,10.1038/msb4100087_nitrogen_nitrogen_deprivation_med4_med4_microarray,MICROARRAY,48h,-0.608492634,1.0,not_significant
N,ureB,Prochlorococcus MED4,PMM0964,10.1038/msb4100087_nitrogen_nitrogen_deprivation_med4_med4_microarray,MICROARRAY,48h,0.608392413,1.0,not_significant
P,sqdB,Prochlorococcus MED4,PMM1665,10.1038/msb4100087_nitrogen_nitrogen_deprivation_med4_med4_microarray,MICROARRAY,0h,-0.605917473,1.0,not_significant
P,PMM719,Prochlorococcus MED4,PMM0719,10.1038/msb4100087_nitrogen_nitrogen_deprivation_med4_med4_microarray,MICROARRAY,3h,0.604904162,1.0,not_significant
N,ureD,Prochlorococcus MED4,PMM0966,10.1101/2025.11.24.690089_growth_state_pro99lown_nutrient_starvation_med4_proteomics_axenic,PROTEOMICS,day 89,0.594690004984539,0.0556443644666928,not_significant
P,ppA,Prochlorococcus MED4,PMM0511,10.1038/msb4100087_nitrogen_nitrogen_deprivation_med4_med4_microarray,MICROARRAY,48h,-0.594391869,1.0,not_significant
P,phoB,Prochlorococcus MED4,PMM0705,10.1038/ismej.2017.88_nitrogen_stress_ndepleted_pro99_medium_med4_rnaseq,RNASEQ,24h,0.59,0.63,not_significant
N,ureF,Prochlorococcus MED4,PMM0968,10.1038/msb4100087_nitrogen_nitrogen_deprivation_med4_med4_microarray,MICROARRAY,6h,0.582891296,1.0,not_significant
P,ppA,Prochlorococcus MED4,PMM0511,10.1101/2025.11.24.690089_growth_state_pro99lown_nutrient_starvation_med4_proteomics_axenic,PROTEOMICS,day 14,-0.577359199523925,0.480602447555878,not_significant
P,phoR,Prochlorococcus MED4,PMM0706,10.1038/msb4100087_nitrogen_nitrogen_deprivation_med4_med4_microarray,MICROARRAY,3h,-0.576412506,1.0,not_significant
P,gap3,Prochlorococcus MED4,PMM0713,10.1038/msb4100087_nitrogen_nitrogen_deprivation_med4_med4_microarray,MICROARRAY,24h,0.570760391,1.0,not_significant
N,ntcA,Prochlorococcus MED4,PMM0246,10.1038/ismej.2017.88_nitrogen_stress_ndepleted_pro99_medium_med4_rnaseq,RNASEQ,3h,0.57,1.0,not_significant
P,ppA,Prochlorococcus MED4,PMM0494,10.1038/msb4100087_nitrogen_nitrogen_deprivation_med4_med4_microarray,MICROARRAY,3h,-0.564595609,1.0,not_significant
P,acr3/arsB,Prochlorococcus MED4,PMM0716,10.1038/msb4100087_nitrogen_nitrogen_deprivation_med4_med4_microarray,MICROARRAY,3h,0.56445807,1.0,not_significant
N,cynA,Prochlorococcus MED4,PMM0370,10.1101/2025.11.24.690089_growth_state_pro99lown_nutrient_starvation_med4_proteomics_axenic,PROTEOMICS,day 89,0.56135654449463,0.007184434611543,not_significant
N,ureG,Prochlorococcus MED4,PMM0969,10.1038/msb4100087_nitrogen_nitrogen_deprivation_med4_med4_microarray,MICROARRAY,0h,-0.545153027,1.0,not_significant
P,pstB,Prochlorococcus MED4,PMM0725,10.1038/msb4100087_nitrogen_nitrogen_deprivation_med4_med4_microarray,MICROARRAY,12h,0.542283488,1.0,not_significant
P,ppX,Prochlorococcus MED4,PMM0457,10.1038/msb4100087_nitrogen_nitrogen_deprivation_med4_med4_microarray,MICROARRAY,12h,-0.541248362,1.0,not_significant
P,pstA,Prochlorococcus MED4,PMM0724,10.1038/msb4100087_nitrogen_nitrogen_deprivation_med4_med4_microarray,MICROARRAY,3h,-0.537828978,1.0,not_significant
N,ureD,Prochlorococcus MED4,PMM0966,10.1101/2025.11.24.690089_growth_state_pro99lown_nutrient_starvation_med4_rnaseq_axenic,RNASEQ,day 14,0.5363911542401613,0.1701340905607276,not_significant
P,pstA,Prochlorococcus MED4,PMM0724,10.1101/2025.11.24.690089_growth_state_pro99lown_nutrient_starvation_med4_rnaseq_axenic,RNASEQ,day 14,0.5310290241001295,0.1438749914225376,not_significant
P,pstB,Prochlorococcus MED4,PMM0725,10.1101/2025.11.24.690089_growth_state_pro99lown_nutrient_starvation_med4_proteomics_axenic,PROTEOMICS,day 89,0.529354413350423,0.0519067265665803,not_significant
P,ppA,Prochlorococcus MED4,PMM0494,10.1101/2025.11.24.690089_growth_state_pro99lown_nutrient_starvation_med4_proteomics_axenic,PROTEOMICS,day 31,0.529332478841151,0.0174865835756797,not_significant
P,phoB,Prochlorococcus MED4,PMM0705,10.1038/msb4100087_nitrogen_nitrogen_deprivation_med4_med4_microarray,MICROARRAY,12h,0.525577886,1.0,not_significant
N,cynS,Prochlorococcus MED4,PMM0373,10.1038/msb4100087_nitrogen_nitrogen_deprivation_med4_med4_microarray,MICROARRAY,0h,-0.525219279,1.0,not_significant
P,phoB,Prochlorococcus MED4,PMM0705,10.1038/msb4100087_nitrogen_nitrogen_deprivation_med4_med4_microarray,MICROARRAY,48h,-0.524732315,1.0,not_significant
N,ureF,Prochlorococcus MED4,PMM0968,10.1101/2025.11.24.690089_growth_state_pro99lown_nutrient_starvation_med4_rnaseq_axenic,RNASEQ,day 14,-0.5204688529722536,0.1190139421048952,not_significant
N,ureD,Prochlorococcus MED4,PMM0966,10.1038/msb4100087_nitrogen_nitrogen_deprivation_med4_med4_microarray,MICROARRAY,24h,-0.520424581,1.0,not_significant
N,cynB,Prochlorococcus MED4,PMM0371,10.1038/ismej.2017.88_nitrogen_stress_ndepleted_pro99_medium_med4_rnaseq,RNASEQ,12h,0.52,0.69,not_significant
P,pstB,Prochlorococcus MED4,PMM0725,10.1038/ismej.2017.88_nitrogen_stress_ndepleted_pro99_medium_med4_rnaseq,RNASEQ,24h,0.52,1.0,not_significant
P,gap3,Prochlorococcus MED4,PMM0713,10.1101/2025.11.24.690089_growth_state_pro99lown_nutrient_starvation_med4_proteomics_axenic,PROTEOMICS,day 89,0.516707420349121,0.0177100744989042,not_significant
P,PsiP1,Prochlorococcus MED4,PMM1416,10.1038/msb4100087_nitrogen_nitrogen_deprivation_med4_med4_microarray,MICROARRAY,0h,0.516245941,1.0,not_significant
P,phnC,Prochlorococcus MED4,PMM0672,10.1038/msb4100087_nitrogen_nitrogen_deprivation_med4_med4_microarray,MICROARRAY,24h,-0.515601297,1.0,not_significant
N,nadB,Prochlorococcus MED4,PMM0100,10.1101/2025.11.24.690089_growth_state_pro99lown_nutrient_starvation_med4_proteomics_axenic,PROTEOMICS,day 89,-0.509865125020345,0.0123892018321413,not_significant
N,glnA,Prochlorococcus MED4,PMM0920,10.1038/msb4100087_nitrogen_nitrogen_deprivation_med4_med4_microarray,MICROARRAY,0h,0.509219432,1.0,not_significant
P,phoB,Prochlorococcus MED4,PMM0705,10.1038/msb4100087_nitrogen_nitrogen_deprivation_med4_med4_microarray,MICROARRAY,0h,-0.506543553,1.0,not_significant
P,phoB,Prochlorococcus MED4,PMM0705,10.1101/2025.11.24.690089_growth_state_pro99lown_nutrient_starvation_med4_proteomics_axenic,PROTEOMICS,day 31,0.498359044392904,0.161403303540867,not_significant
P,sqdB,Prochlorococcus MED4,PMM1665,10.1038/msb4100087_nitrogen_nitrogen_deprivation_med4_med4_microarray,MICROARRAY,12h,-0.490316622,1.0,not_significant
N,urtE,Prochlorococcus MED4,PMM0974,10.1038/msb4100087_nitrogen_nitrogen_deprivation_med4_med4_microarray,MICROARRAY,0h,0.488677358,1.0,not_significant
P,PMM707,Prochlorococcus MED4,PMM0707,10.1038/ismej.2017.88_nitrogen_stress_ndepleted_pro99_medium_med4_rnaseq,RNASEQ,3h,-0.48,0.94,not_significant
P,PMM719,Prochlorococcus MED4,PMM0719,10.1101/2025.11.24.690089_growth_state_pro99lown_nutrient_starvation_med4_proteomics_axenic,PROTEOMICS,day 31,-0.479440053304034,0.136900013442224,not_significant
P,ppK,Prochlorococcus MED4,PMM1696,10.1101/2025.11.24.690089_growth_state_pro99lown_nutrient_starvation_med4_rnaseq_axenic,RNASEQ,day 14,-0.4784833685675551,0.1009217159471363,not_significant
N,urtE,Prochlorococcus MED4,PMM0974,10.1038/msb4100087_nitrogen_nitrogen_deprivation_med4_med4_microarray,MICROARRAY,24h,0.476789054,1.0,not_significant
P,arsR,Prochlorococcus MED4,PMM0714,10.1038/msb4100087_nitrogen_nitrogen_deprivation_med4_med4_microarray,MICROARRAY,3h,-0.476702597,1.0,not_significant
N,urtC,Prochlorococcus MED4,PMM0972,10.1038/msb4100087_nitrogen_nitrogen_deprivation_med4_med4_microarray,MICROARRAY,6h,0.473844962,1.0,not_significant
P,pstC,Prochlorococcus MED4,PMM0723,10.1038/msb4100087_nitrogen_nitrogen_deprivation_med4_med4_microarray,MICROARRAY,0h,-0.473131301,1.0,not_significant
P,pstB,Prochlorococcus MED4,PMM0725,10.1038/ismej.2017.88_nitrogen_stress_ndepleted_pro99_medium_med4_rnaseq,RNASEQ,3h,0.47,1.0,not_significant
P,PsiP1,Prochlorococcus MED4,PMM1416,10.1101/2025.11.24.690089_growth_state_pro99lown_nutrient_starvation_med4_proteomics_axenic,PROTEOMICS,day 31,-0.466140111287435,0.244384029138421,not_significant
P,PsiP1,Prochlorococcus MED4,PMM1416,10.1038/msb4100087_nitrogen_nitrogen_deprivation_med4_med4_microarray,MICROARRAY,12h,-0.46588768,1.0,not_significant
P,ppA,Prochlorococcus MED4,PMM0511,10.1101/2025.11.24.690089_growth_state_pro99lown_nutrient_starvation_med4_proteomics_axenic,PROTEOMICS,day 89,-0.464472134908039,0.46357791839397,not_significant
N,urtD,Prochlorococcus MED4,PMM0973,10.1038/msb4100087_nitrogen_nitrogen_deprivation_med4_med4_microarray,MICROARRAY,0h,-0.463805564,1.0,not_significant
N,urtC,Prochlorococcus MED4,PMM0972,10.1101/2025.11.24.690089_growth_state_pro99lown_nutrient_starvation_med4_proteomics_axenic,PROTEOMICS,day 14,0.462238629659016,0.354075856391703,not_significant
N,nadB,Prochlorococcus MED4,PMM0100,10.1038/msb4100087_nitrogen_nitrogen_deprivation_med4_med4_microarray,MICROARRAY,0h,-0.46122048,1.0,not_significant
N,urtE,Prochlorococcus MED4,PMM0974,10.1038/ismej.2017.88_nitrogen_stress_ndepleted_pro99_medium_med4_rnaseq,RNASEQ,24h,-0.46,0.94,not_significant
N,ureB,Prochlorococcus MED4,PMM0964,10.1038/msb4100087_nitrogen_nitrogen_deprivation_med4_med4_microarray,MICROARRAY,3h,0.452231913,1.0,not_significant
N,urtE,Prochlorococcus MED4,PMM0974,10.1101/2025.11.24.690089_growth_state_pro99lown_nutrient_starvation_med4_proteomics_axenic,PROTEOMICS,day 14,0.451292355855306,0.182253959680862,not_significant
P,pstS,Prochlorococcus MED4,PMM0710,10.1101/2025.11.24.690089_growth_state_pro99lown_nutrient_starvation_med4_proteomics_axenic,PROTEOMICS,day 31,0.448837916056318,0.0339083596665721,not_significant
P,pstA,Prochlorococcus MED4,PMM0724,10.1038/msb4100087_nitrogen_nitrogen_deprivation_med4_med4_microarray,MICROARRAY,0h,-0.446368436,1.0,not_significant
P,chrA,Prochlorococcus MED4,PMM0711,10.1038/msb4100087_nitrogen_nitrogen_deprivation_med4_med4_microarray,MICROARRAY,6h,-0.441994,1.0,not_significant
N,urtD,Prochlorococcus MED4,PMM0973,10.1038/msb4100087_nitrogen_nitrogen_deprivation_med4_med4_microarray,MICROARRAY,3h,0.441723649,1.0,not_significant
P,PMM722,Prochlorococcus MED4,PMM0722,10.1038/msb4100087_nitrogen_nitrogen_deprivation_med4_med4_microarray,MICROARRAY,48h,0.435602283,1.0,not_significant
P,PsiP1,Prochlorococcus MED4,PMM1416,10.1038/ismej.2017.88_nitrogen_stress_ndepleted_pro99_medium_med4_rnaseq,RNASEQ,24h,0.43,0.88,not_significant
P,ppA,Prochlorococcus MED4,PMM0511,10.1038/msb4100087_nitrogen_nitrogen_deprivation_med4_med4_microarray,MICROARRAY,0h,-0.423897705,1.0,not_significant
P,pstC,Prochlorococcus MED4,PMM0723,10.1038/msb4100087_nitrogen_nitrogen_deprivation_med4_med4_microarray,MICROARRAY,24h,-0.423446984,1.0,not_significant
P,phoB,Prochlorococcus MED4,PMM0705,10.1101/2025.11.24.690089_growth_state_pro99lown_nutrient_starvation_med4_proteomics_axenic,PROTEOMICS,day 14,0.418107032775879,0.360417156733899,not_significant
N,ureC,Prochlorococcus MED4,PMM0963,10.1038/msb4100087_nitrogen_nitrogen_deprivation_med4_med4_microarray,MICROARRAY,3h,0.418075292,1.0,not_significant
N,urtE,Prochlorococcus MED4,PMM0974,10.1101/2025.11.24.690089_growth_state_pro99lown_nutrient_starvation_med4_proteomics_axenic,PROTEOMICS,day 89,0.417037645975749,0.129428134172199,not_significant
N,nadB,Prochlorococcus MED4,PMM0100,10.1038/msb4100087_nitrogen_nitrogen_deprivation_med4_med4_microarray,MICROARRAY,12h,-0.416978129,1.0,not_significant
P,PMM722,Prochlorococcus MED4,PMM0722,10.1038/msb4100087_nitrogen_nitrogen_deprivation_med4_med4_microarray,MICROARRAY,12h,-0.411771375,1.0,not_significant
P,ppX,Prochlorococcus MED4,PMM0457,10.1101/2025.11.24.690089_growth_state_pro99lown_nutrient_starvation_med4_proteomics_axenic,PROTEOMICS,day 14,0.411115328470865,0.139321558215887,not_significant
P,PMM722,Prochlorococcus MED4,PMM0722,10.1038/msb4100087_nitrogen_nitrogen_deprivation_med4_med4_microarray,MICROARRAY,6h,-0.405319969,1.0,not_significant
P,ppA,Prochlorococcus MED4,PMM0511,10.1038/msb4100087_nitrogen_nitrogen_deprivation_med4_med4_microarray,MICROARRAY,3h,-0.404549384,1.0,not_significant
P,gap3,Prochlorococcus MED4,PMM0713,10.1038/msb4100087_nitrogen_nitrogen_deprivation_med4_med4_microarray,MICROARRAY,0h,0.40301272,1.0,not_significant
P,pstC,Prochlorococcus MED4,PMM0723,10.1038/msb4100087_nitrogen_nitrogen_deprivation_med4_med4_microarray,MICROARRAY,12h,-0.401609875,1.0,not_significant
N,ureB,Prochlorococcus MED4,PMM0964,10.1101/2025.11.24.690089_growth_state_pro99lown_nutrient_starvation_med4_proteomics_axenic,PROTEOMICS,day 89,0.400882403055827,0.198174455154745,not_significant
P,ppX,Prochlorococcus MED4,PMM0457,10.1038/msb4100087_nitrogen_nitrogen_deprivation_med4_med4_microarray,MICROARRAY,3h,-0.39664944,1.0,not_significant
N,glsF,Prochlorococcus MED4,PMM1512,10.1101/2025.11.24.690089_growth_state_pro99lown_nutrient_starvation_med4_proteomics_axenic,PROTEOMICS,day 31,-0.395454406738279,0.0877944221492835,not_significant
N,pipX,Prochlorococcus MED4,PMM0393,10.1038/msb4100087_nitrogen_nitrogen_deprivation_med4_med4_microarray,MICROARRAY,24h,-0.385845717,1.0,not_significant
P,phoA,Prochlorococcus MED4,PMM0708,10.1038/msb4100087_nitrogen_nitrogen_deprivation_med4_med4_microarray,MICROARRAY,48h,-0.382565025,1.0,not_significant
P,PMM707,Prochlorococcus MED4,PMM0707,10.1038/msb4100087_nitrogen_nitrogen_deprivation_med4_med4_microarray,MICROARRAY,12h,0.381751606,1.0,not_significant
P,pstB,Prochlorococcus MED4,PMM0725,10.1101/2025.11.24.690089_growth_state_pro99lown_nutrient_starvation_med4_proteomics_axenic,PROTEOMICS,day 31,0.381465276082358,0.142824283280329,not_significant
P,acr3/arsB,Prochlorococcus MED4,PMM0716,10.1038/msb4100087_nitrogen_nitrogen_deprivation_med4_med4_microarray,MICROARRAY,48h,-0.378229585,1.0,not_significant
N,cynS,Prochlorococcus MED4,PMM0373,10.1038/ismej.2017.88_nitrogen_stress_ndepleted_pro99_medium_med4_rnaseq,RNASEQ,24h,-0.37,0.64,not_significant
P,phoA,Prochlorococcus MED4,PMM0708,10.1038/ismej.2017.88_nitrogen_stress_ndepleted_pro99_medium_med4_rnaseq,RNASEQ,3h,-0.37,1.0,not_significant
P,PsiP1,Prochlorococcus MED4,PMM1416,10.1038/ismej.2017.88_nitrogen_stress_ndepleted_pro99_medium_med4_rnaseq,RNASEQ,3h,-0.37,1.0,not_significant
P,phnC,Prochlorococcus MED4,PMM0672,10.1101/2025.11.24.690089_growth_state_pro99lown_nutrient_starvation_med4_rnaseq_axenic,RNASEQ,day 14,-0.3696371204325545,0.640575155228824,not_significant
N,pipX,Prochlorococcus MED4,PMM0393,10.1038/msb4100087_nitrogen_nitrogen_deprivation_med4_med4_microarray,MICROARRAY,3h,-0.368265109,1.0,not_significant
P,pstB,Prochlorococcus MED4,PMM0725,10.1038/msb4100087_nitrogen_nitrogen_deprivation_med4_med4_microarray,MICROARRAY,24h,0.367515478,1.0,not_significant
N,nadB,Prochlorococcus MED4,PMM0100,10.1038/msb4100087_nitrogen_nitrogen_deprivation_med4_med4_microarray,MICROARRAY,6h,-0.365399561,1.0,not_significant
P,ppX,Prochlorococcus MED4,PMM0457,10.1038/msb4100087_nitrogen_nitrogen_deprivation_med4_med4_microarray,MICROARRAY,6h,-0.359908414,1.0,not_significant
P,PMM719,Prochlorococcus MED4,PMM0719,10.1101/2025.11.24.690089_growth_state_pro99lown_nutrient_starvation_med4_proteomics_axenic,PROTEOMICS,day 89,-0.359106381734213,0.27643927747741,not_significant
N,ureE,Prochlorococcus MED4,PMM0967,10.1038/msb4100087_nitrogen_nitrogen_deprivation_med4_med4_microarray,MICROARRAY,12h,0.358014784,1.0,not_significant
P,ppA,Prochlorococcus MED4,PMM0494,10.1038/msb4100087_nitrogen_nitrogen_deprivation_med4_med4_microarray,MICROARRAY,0h,-0.356656453,1.0,not_significant
N,thiO,Prochlorococcus MED4,PMM0047,10.1038/msb4100087_nitrogen_nitrogen_deprivation_med4_med4_microarray,MICROARRAY,3h,-0.356053039,1.0,not_significant
P,gap3,Prochlorococcus MED4,PMM0713,10.1101/2025.11.24.690089_growth_state_pro99lown_nutrient_starvation_med4_proteomics_axenic,PROTEOMICS,day 14,0.353352546691895,0.157381533320451,not_significant
P,arsR,Prochlorococcus MED4,PMM0714,10.1038/ismej.2017.88_nitrogen_stress_ndepleted_pro99_medium_med4_rnaseq,RNASEQ,3h,0.35,0.97,not_significant
P,acr3/arsB,Prochlorococcus MED4,PMM0716,10.1038/msb4100087_nitrogen_nitrogen_deprivation_med4_med4_microarray,MICROARRAY,0h,-0.349961142,1.0,not_significant
N,urtD,Prochlorococcus MED4,PMM0973,10.1038/msb4100087_nitrogen_nitrogen_deprivation_med4_med4_microarray,MICROARRAY,24h,0.345724139,1.0,not_significant
N,ureE,Prochlorococcus MED4,PMM0967,10.1101/2025.11.24.690089_growth_state_pro99lown_nutrient_starvation_med4_rnaseq_axenic,RNASEQ,day 14,0.3434571839756931,0.4134216575839733,not_significant
N,ureD,Prochlorococcus MED4,PMM0966,10.1101/2025.11.24.690089_growth_state_pro99lown_nutrient_starvation_med4_proteomics_axenic,PROTEOMICS,day 14,0.335178057352702,0.379002366032333,not_significant
P,PsiP1,Prochlorococcus MED4,PMM1416,10.1038/msb4100087_nitrogen_nitrogen_deprivation_med4_med4_microarray,MICROARRAY,48h,-0.333747069,1.0,not_significant
P,pstB,Prochlorococcus MED4,PMM0725,10.1038/msb4100087_nitrogen_nitrogen_deprivation_med4_med4_microarray,MICROARRAY,6h,0.33295101,1.0,not_significant
P,phoA,Prochlorococcus MED4,PMM0708,10.1101/2025.11.24.690089_growth_state_pro99lown_nutrient_starvation_med4_proteomics_axenic,PROTEOMICS,day 14,0.332896232604981,0.300430736772697,not_significant
P,acr3/arsB,Prochlorococcus MED4,PMM0716,10.1038/msb4100087_nitrogen_nitrogen_deprivation_med4_med4_microarray,MICROARRAY,24h,-0.331883122,1.0,not_significant
P,phoB,Prochlorococcus MED4,PMM0705,10.1038/msb4100087_nitrogen_nitrogen_deprivation_med4_med4_microarray,MICROARRAY,6h,0.331787533,1.0,not_significant
P,PMM707,Prochlorococcus MED4,PMM0707,10.1038/msb4100087_nitrogen_nitrogen_deprivation_med4_med4_microarray,MICROARRAY,24h,0.329782409,1.0,not_significant
N,urtC,Prochlorococcus MED4,PMM0972,10.1038/msb4100087_nitrogen_nitrogen_deprivation_med4_med4_microarray,MICROARRAY,0h,-0.328046202,1.0,not_significant
P,sqdB,Prochlorococcus MED4,PMM1665,10.1101/2025.11.24.690089_growth_state_pro99lown_nutrient_starvation_med4_proteomics_axenic,PROTEOMICS,day 31,0.32707850138346,0.214057765944908,not_significant
P,phoA,Prochlorococcus MED4,PMM0708,10.1038/msb4100087_nitrogen_nitrogen_deprivation_med4_med4_microarray,MICROARRAY,0h,-0.324870783,1.0,not_significant
P,phoA,Prochlorococcus MED4,PMM0708,10.1038/msb4100087_nitrogen_nitrogen_deprivation_med4_med4_microarray,MICROARRAY,3h,-0.322320547,1.0,not_significant
P,phnE,Prochlorococcus MED4,PMM0671,10.1101/2025.11.24.690089_growth_state_pro99lown_nutrient_starvation_med4_proteomics_axenic,PROTEOMICS,day 14,0.316810290018724,0.654161913195909,not_significant
N,urtD,Prochlorococcus MED4,PMM0973,10.1101/2025.11.24.690089_growth_state_pro99lown_nutrient_starvation_med4_proteomics_axenic,PROTEOMICS,day 89,0.309952735900879,0.315456450855441,not_significant
N,thiO,Prochlorococcus MED4,PMM0047,10.1038/msb4100087_nitrogen_nitrogen_deprivation_med4_med4_microarray,MICROARRAY,12h,0.308205233,1.0,not_significant
N,urtC,Prochlorococcus MED4,PMM0972,10.1038/msb4100087_nitrogen_nitrogen_deprivation_med4_med4_microarray,MICROARRAY,24h,0.30287296,1.0,not_significant
P,arsR,Prochlorococcus MED4,PMM0714,10.1038/msb4100087_nitrogen_nitrogen_deprivation_med4_med4_microarray,MICROARRAY,0h,-0.302273472,1.0,not_significant
N,ureB,Prochlorococcus MED4,PMM0964,10.1038/msb4100087_nitrogen_nitrogen_deprivation_med4_med4_microarray,MICROARRAY,0h,-0.301792943,1.0,not_significant
N,ureG,Prochlorococcus MED4,PMM0969,10.1101/2025.11.24.690089_growth_state_pro99lown_nutrient_starvation_med4_proteomics_axenic,PROTEOMICS,day 14,0.301262855529785,0.601990374792778,not_significant
P,pstB,Prochlorococcus MED4,PMM0725,10.1101/2025.11.24.690089_growth_state_pro99lown_nutrient_starvation_med4_proteomics_axenic,PROTEOMICS,day 14,0.298630078633626,0.370215395464276,not_significant
P,PMM722,Prochlorococcus MED4,PMM0722,10.1038/msb4100087_nitrogen_nitrogen_deprivation_med4_med4_microarray,MICROARRAY,24h,-0.297821747,1.0,not_significant
P,gap3,Prochlorococcus MED4,PMM0713,10.1101/2025.11.24.690089_growth_state_pro99lown_nutrient_starvation_med4_rnaseq_axenic,RNASEQ,day 14,0.2967648878526674,0.299486703197235,not_significant
N,nadB,Prochlorococcus MED4,PMM0100,10.1038/msb4100087_nitrogen_nitrogen_deprivation_med4_med4_microarray,MICROARRAY,3h,-0.292717005,1.0,not_significant
N,urtD,Prochlorococcus MED4,PMM0973,10.1101/2025.11.24.690089_growth_state_pro99lown_nutrient_starvation_med4_proteomics_axenic,PROTEOMICS,day 14,0.291469891866048,0.460565022183742,not_significant
P,pstB,Prochlorococcus MED4,PMM0725,10.1038/msb4100087_nitrogen_nitrogen_deprivation_med4_med4_microarray,MICROARRAY,0h,0.28838793,1.0,not_significant
P,gap3,Prochlorococcus MED4,PMM0713,10.1038/msb4100087_nitrogen_nitrogen_deprivation_med4_med4_microarray,MICROARRAY,48h,0.287945239,1.0,not_significant
P,phoB,Prochlorococcus MED4,PMM0705,10.1101/2025.11.24.690089_growth_state_pro99lown_nutrient_starvation_med4_proteomics_axenic,PROTEOMICS,day 89,0.287563641866048,0.432539386464429,not_significant
P,pstA,Prochlorococcus MED4,PMM0724,10.1038/msb4100087_nitrogen_nitrogen_deprivation_med4_med4_microarray,MICROARRAY,6h,-0.284470948,1.0,not_significant
P,phnC,Prochlorococcus MED4,PMM0672,10.1101/2025.11.24.690089_growth_state_pro99lown_nutrient_starvation_med4_proteomics_axenic,PROTEOMICS,day 14,0.281537055969238,0.5936848740027,not_significant
P,ppK,Prochlorococcus MED4,PMM1696,10.1038/msb4100087_nitrogen_nitrogen_deprivation_med4_med4_microarray,MICROARRAY,12h,-0.28098487,1.0,not_significant
P,phoR,Prochlorococcus MED4,PMM0706,10.1038/msb4100087_nitrogen_nitrogen_deprivation_med4_med4_microarray,MICROARRAY,48h,-0.278522024,1.0,not_significant
P,ppK,Prochlorococcus MED4,PMM1696,10.1101/2025.11.24.690089_growth_state_pro99lown_nutrient_starvation_med4_proteomics_axenic,PROTEOMICS,day 89,0.275593757629395,0.353019702552745,not_significant
P,pstS,Prochlorococcus MED4,PMM0710,10.1038/msb4100087_nitrogen_nitrogen_deprivation_med4_med4_microarray,MICROARRAY,0h,0.275292203,1.0,not_significant
N,ureA,Prochlorococcus MED4,PMM0965,10.1038/msb4100087_nitrogen_nitrogen_deprivation_med4_med4_microarray,MICROARRAY,0h,0.27295992,1.0,not_significant
P,PsiP1,Prochlorococcus MED4,PMM1416,10.1101/2025.11.24.690089_growth_state_pro99lown_nutrient_starvation_med4_proteomics_axenic,PROTEOMICS,day 14,0.272650718688967,0.627727960978442,not_significant
P,gap3,Prochlorococcus MED4,PMM0713,10.1038/msb4100087_nitrogen_nitrogen_deprivation_med4_med4_microarray,MICROARRAY,6h,0.271934719,1.0,not_significant
N,amtB/amt1,Prochlorococcus MED4,PMM0263,10.1101/2025.11.24.690089_growth_state_pro99lown_nutrient_starvation_med4_proteomics_axenic,PROTEOMICS,day 14,0.270531654357914,0.395195546159753,not_significant
P,phoR,Prochlorococcus MED4,PMM0706,10.1038/msb4100087_nitrogen_nitrogen_deprivation_med4_med4_microarray,MICROARRAY,0h,-0.268649035,1.0,not_significant
N,thiO,Prochlorococcus MED4,PMM0047,10.1038/msb4100087_nitrogen_nitrogen_deprivation_med4_med4_microarray,MICROARRAY,24h,0.268486485,1.0,not_significant
P,phoR,Prochlorococcus MED4,PMM0706,10.1038/msb4100087_nitrogen_nitrogen_deprivation_med4_med4_microarray,MICROARRAY,6h,0.264804489,1.0,not_significant
P,ppK,Prochlorococcus MED4,PMM1696,10.1038/msb4100087_nitrogen_nitrogen_deprivation_med4_med4_microarray,MICROARRAY,24h,-0.263448507,1.0,not_significant
N,ureD,Prochlorococcus MED4,PMM0966,10.1038/msb4100087_nitrogen_nitrogen_deprivation_med4_med4_microarray,MICROARRAY,3h,0.263157756,1.0,not_significant
P,PMM719,Prochlorococcus MED4,PMM0719,10.1038/msb4100087_nitrogen_nitrogen_deprivation_med4_med4_microarray,MICROARRAY,24h,0.258850991,1.0,not_significant
N,urtD,Prochlorococcus MED4,PMM0973,10.1038/msb4100087_nitrogen_nitrogen_deprivation_med4_med4_microarray,MICROARRAY,48h,0.253360475,1.0,not_significant
N,nadB,Prochlorococcus MED4,PMM0100,10.1038/msb4100087_nitrogen_nitrogen_deprivation_med4_med4_microarray,MICROARRAY,24h,-0.251967876,1.0,not_significant
P,PMM707,Prochlorococcus MED4,PMM0707,10.1038/msb4100087_nitrogen_nitrogen_deprivation_med4_med4_microarray,MICROARRAY,0h,-0.2483371,1.0,not_significant
P,pstB,Prochlorococcus MED4,PMM0725,10.1101/2025.11.24.690089_growth_state_pro99lown_nutrient_starvation_med4_rnaseq_axenic,RNASEQ,day 14,0.2433827470452027,0.4989797602136759,not_significant
N,ureG,Prochlorococcus MED4,PMM0969,10.1038/msb4100087_nitrogen_nitrogen_deprivation_med4_med4_microarray,MICROARRAY,3h,0.243208235,1.0,not_significant
P,pstC,Prochlorococcus MED4,PMM0723,10.1101/2025.11.24.690089_growth_state_pro99lown_nutrient_starvation_med4_proteomics_axenic,PROTEOMICS,day 31,-0.239943186442054,0.657945961722147,not_significant
P,phoB,Prochlorococcus MED4,PMM0705,10.1038/msb4100087_nitrogen_nitrogen_deprivation_med4_med4_microarray,MICROARRAY,24h,0.237465857,1.0,not_significant
P,ppK,Prochlorococcus MED4,PMM1696,10.1038/msb4100087_nitrogen_nitrogen_deprivation_med4_med4_microarray,MICROARRAY,6h,0.234910969,1.0,not_significant
N,thiO,Prochlorococcus MED4,PMM0047,10.1101/2025.11.24.690089_growth_state_pro99lown_nutrient_starvation_med4_proteomics_axenic,PROTEOMICS,day 89,0.23369820912679,0.373619915533163,not_significant
N,thiO,Prochlorococcus MED4,PMM0047,10.1101/2025.11.24.690089_growth_state_pro99lown_nutrient_starvation_med4_proteomics_axenic,PROTEOMICS,day 14,0.231342633565267,0.494856391360731,not_significant
P,PsiP1,Prochlorococcus MED4,PMM1416,10.1038/msb4100087_nitrogen_nitrogen_deprivation_med4_med4_microarray,MICROARRAY,24h,-0.226845366,1.0,not_significant
P,phnE,Prochlorococcus MED4,PMM0671,10.1038/msb4100087_nitrogen_nitrogen_deprivation_med4_med4_microarray,MICROARRAY,24h,-0.226003273,1.0,not_significant
P,PMM719,Prochlorococcus MED4,PMM0719,10.1038/msb4100087_nitrogen_nitrogen_deprivation_med4_med4_microarray,MICROARRAY,0h,-0.224203331,1.0,not_significant
N,amtB/amt1,Prochlorococcus MED4,PMM0263,10.1038/msb4100087_nitrogen_nitrogen_deprivation_med4_med4_microarray,MICROARRAY,48h,0.224138189,1.0,not_significant
P,phnE,Prochlorococcus MED4,PMM0671,10.1038/msb4100087_nitrogen_nitrogen_deprivation_med4_med4_microarray,MICROARRAY,0h,-0.222660328,1.0,not_significant
P,PMM707,Prochlorococcus MED4,PMM0707,10.1038/ismej.2017.88_nitrogen_stress_ndepleted_pro99_medium_med4_rnaseq,RNASEQ,12h,0.22,1.0,not_significant
N,urtA,Prochlorococcus MED4,PMM0970,10.1038/ismej.2017.88_nitrogen_stress_ndepleted_pro99_medium_med4_rnaseq,RNASEQ,3h,0.22,1.0,not_significant
P,sqdB,Prochlorococcus MED4,PMM1665,10.1038/ismej.2017.88_nitrogen_stress_ndepleted_pro99_medium_med4_rnaseq,RNASEQ,3h,-0.22,1.0,not_significant
N,ureD,Prochlorococcus MED4,PMM0966,10.1038/msb4100087_nitrogen_nitrogen_deprivation_med4_med4_microarray,MICROARRAY,0h,-0.210981958,1.0,not_significant
N,urtC,Prochlorococcus MED4,PMM0972,10.1038/msb4100087_nitrogen_nitrogen_deprivation_med4_med4_microarray,MICROARRAY,48h,-0.21081773,1.0,not_significant
P,acr3/arsB,Prochlorococcus MED4,PMM0716,10.1101/2025.11.24.690089_growth_state_pro99lown_nutrient_starvation_med4_rnaseq_axenic,RNASEQ,day 14,-0.2099762157876589,0.6188683836678219,not_significant
N,glsF,Prochlorococcus MED4,PMM1512,10.1101/2025.11.24.690089_growth_state_pro99lown_nutrient_starvation_med4_proteomics_axenic,PROTEOMICS,day 14,0.209834098815917,0.487368119242069,not_significant
P,phoA,Prochlorococcus MED4,PMM0708,10.1038/msb4100087_nitrogen_nitrogen_deprivation_med4_med4_microarray,MICROARRAY,12h,-0.207764338,1.0,not_significant
N,thiO,Prochlorococcus MED4,PMM0047,10.1101/2025.11.24.690089_growth_state_pro99lown_nutrient_starvation_med4_proteomics_axenic,PROTEOMICS,day 31,0.205727259318034,0.421731879672594,not_significant
P,PMM719,Prochlorococcus MED4,PMM0719,10.1038/msb4100087_nitrogen_nitrogen_deprivation_med4_med4_microarray,MICROARRAY,48h,0.203483871,1.0,not_significant
P,ppK,Prochlorococcus MED4,PMM1696,10.1101/2025.11.24.690089_growth_state_pro99lown_nutrient_starvation_med4_proteomics_axenic,PROTEOMICS,day 14,0.201471010843913,0.610409549745909,not_significant
P,phnE,Prochlorococcus MED4,PMM0671,10.1101/2025.11.24.690089_growth_state_pro99lown_nutrient_starvation_med4_proteomics_axenic,PROTEOMICS,day 89,0.197601000467936,0.706669019522496,not_significant
P,ppA,Prochlorococcus MED4,PMM0494,10.1101/2025.11.24.690089_growth_state_pro99lown_nutrient_starvation_med4_proteomics_axenic,PROTEOMICS,day 89,0.194017728169764,0.362474623254085,not_significant
P,arsR,Prochlorococcus MED4,PMM0714,10.1038/msb4100087_nitrogen_nitrogen_deprivation_med4_med4_microarray,MICROARRAY,6h,0.192652804,1.0,not_significant
P,pstS,Prochlorococcus MED4,PMM0710,10.1101/2025.11.24.690089_growth_state_pro99lown_nutrient_starvation_med4_proteomics_axenic,PROTEOMICS,day 14,0.18218199412028,0.49496873506977,not_significant
N,glsF,Prochlorococcus MED4,PMM1512,10.1038/msb4100087_nitrogen_nitrogen_deprivation_med4_med4_microarray,MICROARRAY,0h,-0.180290545,1.0,not_significant
N,thiO,Prochlorococcus MED4,PMM0047,10.1038/msb4100087_nitrogen_nitrogen_deprivation_med4_med4_microarray,MICROARRAY,0h,0.180026145,1.0,not_significant
N,cynA,Prochlorococcus MED4,PMM0370,10.1101/2025.11.24.690089_growth_state_pro99lown_nutrient_starvation_med4_proteomics_axenic,PROTEOMICS,day 31,0.179190317789714,0.325896237804782,not_significant
N,cynD,Prochlorococcus MED4,PMM0372,10.1038/msb4100087_nitrogen_nitrogen_deprivation_med4_med4_microarray,MICROARRAY,0h,-0.178495928,1.0,not_significant
P,phoB,Prochlorococcus MED4,PMM0705,10.1038/msb4100087_nitrogen_nitrogen_deprivation_med4_med4_microarray,MICROARRAY,3h,-0.167838437,1.0,not_significant
P,pstA,Prochlorococcus MED4,PMM0724,10.1101/2025.11.24.690089_growth_state_pro99lown_nutrient_starvation_med4_proteomics_axenic,PROTEOMICS,day 14,-0.166290601094565,0.816668469327331,not_significant
N,ureE,Prochlorococcus MED4,PMM0967,10.1101/2025.11.24.690089_growth_state_pro99lown_nutrient_starvation_med4_proteomics_axenic,PROTEOMICS,day 14,0.165201505025227,0.793443999717033,not_significant
N,cynD,Prochlorococcus MED4,PMM0372,10.1101/2025.11.24.690089_growth_state_pro99lown_nutrient_starvation_med4_proteomics_axenic,PROTEOMICS,day 89,-0.149610837300618,0.615644105598699,not_significant
P,ppX,Prochlorococcus MED4,PMM0457,10.1038/msb4100087_nitrogen_nitrogen_deprivation_med4_med4_microarray,MICROARRAY,0h,-0.147847532,1.0,not_significant
P,sqdB,Prochlorococcus MED4,PMM1665,10.1101/2025.11.24.690089_growth_state_pro99lown_nutrient_starvation_med4_proteomics_axenic,PROTEOMICS,day 14,-0.146049181620283,0.700094286013543,not_significant
P,ppK,Prochlorococcus MED4,PMM1696,10.1038/msb4100087_nitrogen_nitrogen_deprivation_med4_med4_microarray,MICROARRAY,3h,-0.140701182,1.0,not_significant
N,cynA,Prochlorococcus MED4,PMM0370,10.1038/msb4100087_nitrogen_nitrogen_deprivation_med4_med4_microarray,MICROARRAY,0h,0.135752234,1.0,not_significant
N,ureC,Prochlorococcus MED4,PMM0963,10.1038/msb4100087_nitrogen_nitrogen_deprivation_med4_med4_microarray,MICROARRAY,24h,0.130043529,1.0,not_significant
P,pstB,Prochlorococcus MED4,PMM0725,10.1038/ismej.2017.88_nitrogen_stress_ndepleted_pro99_medium_med4_rnaseq,RNASEQ,12h,0.13,0.75,not_significant
N,urtC,Prochlorococcus MED4,PMM0972,10.1038/msb4100087_nitrogen_nitrogen_deprivation_med4_med4_microarray,MICROARRAY,12h,-0.126638336,1.0,not_significant
P,gap3,Prochlorococcus MED4,PMM0713,10.1038/msb4100087_nitrogen_nitrogen_deprivation_med4_med4_microarray,MICROARRAY,3h,0.125673352,1.0,not_significant
N,glsF,Prochlorococcus MED4,PMM1512,10.1038/ismej.2017.88_nitrogen_stress_ndepleted_pro99_medium_med4_rnaseq,RNASEQ,3h,-0.12,1.0,not_significant
P,ppA,Prochlorococcus MED4,PMM0494,10.1101/2025.11.24.690089_growth_state_pro99lown_nutrient_starvation_med4_proteomics_axenic,PROTEOMICS,day 14,0.111374855041508,0.708154480356312,not_significant
P,ppK,Prochlorococcus MED4,PMM1696,10.1101/2025.11.24.690089_growth_state_pro99lown_nutrient_starvation_med4_proteomics_axenic,PROTEOMICS,day 31,0.108326594034831,0.715910161566658,not_significant
N,ureB,Prochlorococcus MED4,PMM0964,10.1101/2025.11.24.690089_growth_state_pro99lown_nutrient_starvation_med4_proteomics_axenic,PROTEOMICS,day 31,0.106873194376628,0.736252468770597,not_significant
P,PsiP1,Prochlorococcus MED4,PMM1416,10.1038/msb4100087_nitrogen_nitrogen_deprivation_med4_med4_microarray,MICROARRAY,6h,0.105949136,1.0,not_significant
N,ureF,Prochlorococcus MED4,PMM0968,10.1038/msb4100087_nitrogen_nitrogen_deprivation_med4_med4_microarray,MICROARRAY,48h,0.100912187,1.0,not_significant
P,phoA,Prochlorococcus MED4,PMM0708,10.1038/msb4100087_nitrogen_nitrogen_deprivation_med4_med4_microarray,MICROARRAY,24h,-0.099167643,1.0,not_significant
N,ureG,Prochlorococcus MED4,PMM0969,10.1038/msb4100087_nitrogen_nitrogen_deprivation_med4_med4_microarray,MICROARRAY,48h,-0.098280398,1.0,not_significant
N,ureF,Prochlorococcus MED4,PMM0968,10.1038/msb4100087_nitrogen_nitrogen_deprivation_med4_med4_microarray,MICROARRAY,24h,0.096262343,1.0,not_significant
P,acr3/arsB,Prochlorococcus MED4,PMM0716,10.1038/msb4100087_nitrogen_nitrogen_deprivation_med4_med4_microarray,MICROARRAY,6h,0.093571082,1.0,not_significant
P,pstA,Prochlorococcus MED4,PMM0035,10.1038/msb4100087_nitrogen_nitrogen_deprivation_med4_med4_microarray,MICROARRAY,0h,0.092497242,1.0,not_significant
N,pipX,Prochlorococcus MED4,PMM0393,10.1038/msb4100087_nitrogen_nitrogen_deprivation_med4_med4_microarray,MICROARRAY,6h,0.091705119,1.0,not_significant
N,urtE,Prochlorococcus MED4,PMM0974,10.1038/ismej.2017.88_nitrogen_stress_ndepleted_pro99_medium_med4_rnaseq,RNASEQ,12h,0.09,0.94,not_significant
N,urtD,Prochlorococcus MED4,PMM0973,10.1101/2025.11.24.690089_growth_state_pro99lown_nutrient_starvation_med4_proteomics_axenic,PROTEOMICS,day 31,0.0879319508870443,0.778679419626507,not_significant
N,pipX,Prochlorococcus MED4,PMM0393,10.1101/2025.11.24.690089_growth_state_pro99lown_nutrient_starvation_med4_proteomics_axenic,PROTEOMICS,day 31,-0.0847600301106806,0.794369507404046,not_significant
P,phoA,Prochlorococcus MED4,PMM0708,10.1038/msb4100087_nitrogen_nitrogen_deprivation_med4_med4_microarray,MICROARRAY,6h,0.081513705,1.0,not_significant
N,pipX,Prochlorococcus MED4,PMM0393,10.1101/2025.11.24.690089_growth_state_pro99lown_nutrient_starvation_med4_proteomics_axenic,PROTEOMICS,day 89,-0.0812196731567369,0.804121681404032,not_significant
N,cynB,Prochlorococcus MED4,PMM0371,10.1038/ismej.2017.88_nitrogen_stress_ndepleted_pro99_medium_med4_rnaseq,RNASEQ,3h,0.08,1.0,not_significant
P,PMM722,Prochlorococcus MED4,PMM0722,10.1038/ismej.2017.88_nitrogen_stress_ndepleted_pro99_medium_med4_rnaseq,RNASEQ,24h,-0.08,0.97,not_significant
N,ureC,Prochlorococcus MED4,PMM0963,10.1038/ismej.2017.88_nitrogen_stress_ndepleted_pro99_medium_med4_rnaseq,RNASEQ,3h,-0.08,1.0,not_significant
N,pipX,Prochlorococcus MED4,PMM0393,10.1101/2025.11.24.690089_growth_state_pro99lown_nutrient_starvation_med4_rnaseq_axenic,RNASEQ,day 14,0.0746086564458916,0.8857731999738403,not_significant
N,cynD,Prochlorococcus MED4,PMM0372,10.1038/msb4100087_nitrogen_nitrogen_deprivation_med4_med4_microarray,MICROARRAY,3h,0.070220922,1.0,not_significant
P,PMM722,Prochlorococcus MED4,PMM0722,10.1038/msb4100087_nitrogen_nitrogen_deprivation_med4_med4_microarray,MICROARRAY,0h,0.070215275,1.0,not_significant
N,ureC,Prochlorococcus MED4,PMM0963,10.1038/msb4100087_nitrogen_nitrogen_deprivation_med4_med4_microarray,MICROARRAY,6h,0.069580424,1.0,not_significant
P,PsiP1,Prochlorococcus MED4,PMM1416,10.1038/msb4100087_nitrogen_nitrogen_deprivation_med4_med4_microarray,MICROARRAY,3h,0.065999164,1.0,not_significant
N,thiO,Prochlorococcus MED4,PMM0047,10.1038/msb4100087_nitrogen_nitrogen_deprivation_med4_med4_microarray,MICROARRAY,48h,0.065163446,1.0,not_significant
P,phnE,Prochlorococcus MED4,PMM0671,10.1038/msb4100087_nitrogen_nitrogen_deprivation_med4_med4_microarray,MICROARRAY,6h,0.061847033,1.0,not_significant
N,amtB/amt1,Prochlorococcus MED4,PMM0263,10.1038/msb4100087_nitrogen_nitrogen_deprivation_med4_med4_microarray,MICROARRAY,0h,0.055426249,1.0,not_significant
N,urtC,Prochlorococcus MED4,PMM0972,10.1038/msb4100087_nitrogen_nitrogen_deprivation_med4_med4_microarray,MICROARRAY,3h,-0.053365781,1.0,not_significant
N,urtE,Prochlorococcus MED4,PMM0974,10.1038/msb4100087_nitrogen_nitrogen_deprivation_med4_med4_microarray,MICROARRAY,48h,0.0483818,1.0,not_significant
N,ureE,Prochlorococcus MED4,PMM0967,10.1038/msb4100087_nitrogen_nitrogen_deprivation_med4_med4_microarray,MICROARRAY,24h,-0.047945795,1.0,not_significant
N,thiO,Prochlorococcus MED4,PMM0047,10.1038/msb4100087_nitrogen_nitrogen_deprivation_med4_med4_microarray,MICROARRAY,6h,0.047666922,1.0,not_significant
P,sqdB,Prochlorococcus MED4,PMM1665,10.1101/2025.11.24.690089_growth_state_pro99lown_nutrient_starvation_med4_proteomics_axenic,PROTEOMICS,day 89,-0.0476274490356494,0.864087630746328,not_significant
P,PMM722,Prochlorococcus MED4,PMM0722,10.1038/msb4100087_nitrogen_nitrogen_deprivation_med4_med4_microarray,MICROARRAY,3h,0.044842174,1.0,not_significant
N,ureE,Prochlorococcus MED4,PMM0967,10.1038/msb4100087_nitrogen_nitrogen_deprivation_med4_med4_microarray,MICROARRAY,3h,-0.043974497,1.0,not_significant
N,cynB,Prochlorococcus MED4,PMM0371,10.1038/msb4100087_nitrogen_nitrogen_deprivation_med4_med4_microarray,MICROARRAY,0h,0.040455321,1.0,not_significant
P,pstC,Prochlorococcus MED4,PMM0723,10.1038/msb4100087_nitrogen_nitrogen_deprivation_med4_med4_microarray,MICROARRAY,6h,-0.040407763,1.0,not_significant
P,pstS,Prochlorococcus MED4,PMM0710,10.1038/msb4100087_nitrogen_nitrogen_deprivation_med4_med4_microarray,MICROARRAY,3h,0.039892458,1.0,not_significant
P,phoR,Prochlorococcus MED4,PMM0706,10.1038/msb4100087_nitrogen_nitrogen_deprivation_med4_med4_microarray,MICROARRAY,12h,0.038662557,1.0,not_significant
N,ureC,Prochlorococcus MED4,PMM0963,10.1038/msb4100087_nitrogen_nitrogen_deprivation_med4_med4_microarray,MICROARRAY,0h,0.036989762,1.0,not_significant
N,glsF,Prochlorococcus MED4,PMM1512,10.1101/2025.11.24.690089_growth_state_pro99lown_nutrient_starvation_med4_proteomics_axenic,PROTEOMICS,day 89,0.03409544626872,0.887527485806396,not_significant
N,ureF,Prochlorococcus MED4,PMM0968,10.1038/msb4100087_nitrogen_nitrogen_deprivation_med4_med4_microarray,MICROARRAY,3h,-0.033327546,1.0,not_significant
P,phnE,Prochlorococcus MED4,PMM0671,10.1101/2025.11.24.690089_growth_state_pro99lown_nutrient_starvation_med4_rnaseq_axenic,RNASEQ,day 14,-0.0290448204006992,0.9358312847188625,not_significant
P,PMM722,Prochlorococcus MED4,PMM0722,10.1101/2025.11.24.690089_growth_state_pro99lown_nutrient_starvation_med4_rnaseq_axenic,RNASEQ,day 14,0.0253221449039458,0.9320097489872556,not_significant
P,pstC,Prochlorococcus MED4,PMM0723,10.1101/2025.11.24.690089_growth_state_pro99lown_nutrient_starvation_med4_proteomics_axenic,PROTEOMICS,day 14,-0.0218585332234702,0.978301654109632,not_significant
N,urtE,Prochlorococcus MED4,PMM0974,10.1101/2025.11.24.690089_growth_state_pro99lown_nutrient_starvation_med4_proteomics_axenic,PROTEOMICS,day 31,0.0204480489095054,0.939217328026893,not_significant
P,acr3/arsB,Prochlorococcus MED4,PMM0716,10.1038/msb4100087_nitrogen_nitrogen_deprivation_med4_med4_microarray,MICROARRAY,12h,0.019756746,1.0,not_significant
N,urtD,Prochlorococcus MED4,PMM0973,10.1038/msb4100087_nitrogen_nitrogen_deprivation_med4_med4_microarray,MICROARRAY,12h,0.018974269,1.0,not_significant
N,ureC,Prochlorococcus MED4,PMM0963,10.1038/msb4100087_nitrogen_nitrogen_deprivation_med4_med4_microarray,MICROARRAY,12h,-0.018844327,1.0,not_significant
P,pstB,Prochlorococcus MED4,PMM0725,10.1038/msb4100087_nitrogen_nitrogen_deprivation_med4_med4_microarray,MICROARRAY,3h,-0.015363193,1.0,not_significant
N,glsF,Prochlorococcus MED4,PMM1512,10.1038/msb4100087_nitrogen_nitrogen_deprivation_med4_med4_microarray,MICROARRAY,3h,-0.008419423,1.0,not_significant
P,phoR,Prochlorococcus MED4,PMM0706,10.1101/2025.11.24.690089_growth_state_pro99lown_nutrient_starvation_med4_proteomics_axenic,PROTEOMICS,day 14,0.0025955835978195,0.993957693286499,not_significant
N,ureE,Prochlorococcus MED4,PMM0967,10.1038/msb4100087_nitrogen_nitrogen_deprivation_med4_med4_microarray,MICROARRAY,6h,-6.04e-05,1.0,not_significant
N,nirA,Prochlorococcus MIT9313,PMT2239,10.1038/msb4100087_nitrogen_nitrogen_deprivation_mit9313_mit9313_microarray,MICROARRAY,24h,4.98005526021024,0.01,significant_up
N,nirA,Prochlorococcus MIT9313,PMT2239,10.1038/msb4100087_nitrogen_nitrogen_deprivation_mit9313_mit9313_microarray,MICROARRAY,12h,4.81638652566692,0.01,significant_up
N,nirA,Prochlorococcus MIT9313,PMT2239,10.1038/msb4100087_nitrogen_nitrogen_deprivation_mit9313_mit9313_microarray,MICROARRAY,6h,4.33411106271989,0.01,significant_up
N,focA,Prochlorococcus MIT9313,PMT2240,10.1038/msb4100087_nitrogen_nitrogen_deprivation_mit9313_mit9313_microarray,MICROARRAY,12h,4.27783732753636,0.01,significant_up
N,focA,Prochlorococcus MIT9313,PMT2240,10.1038/msb4100087_nitrogen_nitrogen_deprivation_mit9313_mit9313_microarray,MICROARRAY,24h,4.09551557219261,0.01,significant_up
N,urtA,Prochlorococcus MIT9313,PMT2229,10.1038/msb4100087_nitrogen_nitrogen_deprivation_mit9313_mit9313_microarray,MICROARRAY,12h,4.04676729054706,0.01,significant_up
N,focA,Prochlorococcus MIT9313,PMT2240,10.1038/msb4100087_nitrogen_nitrogen_deprivation_mit9313_mit9313_microarray,MICROARRAY,6h,3.57381611829108,0.01,significant_up
N,ntcA,Prochlorococcus MIT9313,PMT1831,10.1038/msb4100087_nitrogen_nitrogen_deprivation_mit9313_mit9313_microarray,MICROARRAY,12h,3.5581014323859,0.01,significant_up
N,ntcA,Prochlorococcus MIT9313,PMT1831,10.1038/msb4100087_nitrogen_nitrogen_deprivation_mit9313_mit9313_microarray,MICROARRAY,24h,3.5427379612893,0.01,significant_up
N,nirA,Prochlorococcus MIT9313,PMT2239,10.1038/msb4100087_nitrogen_nitrogen_deprivation_mit9313_mit9313_microarray,MICROARRAY,48h,3.3170065802119,0.01,significant_up
N,urtA,Prochlorococcus MIT9313,PMT2229,10.1038/msb4100087_nitrogen_nitrogen_deprivation_mit9313_mit9313_microarray,MICROARRAY,24h,3.25856219514964,0.01,significant_up
N,urtA,Prochlorococcus MIT9313,PMT2229,10.1038/msb4100087_nitrogen_nitrogen_deprivation_mit9313_mit9313_microarray,MICROARRAY,6h,3.24240573943465,0.01,significant_up
N,focA,Prochlorococcus MIT9313,PMT2240,10.1038/msb4100087_nitrogen_nitrogen_deprivation_mit9313_mit9313_microarray,MICROARRAY,48h,3.13402076755226,0.01,significant_up
N,ntcA,Prochlorococcus MIT9313,PMT1831,10.1038/msb4100087_nitrogen_nitrogen_deprivation_mit9313_mit9313_microarray,MICROARRAY,6h,3.03245309533301,0.01,significant_up
N,ntcA,Prochlorococcus MIT9313,PMT1831,10.1038/msb4100087_nitrogen_nitrogen_deprivation_mit9313_mit9313_microarray,MICROARRAY,48h,2.91416175012933,0.01,significant_up
N,urtA,Prochlorococcus MIT9313,PMT2229,10.1038/msb4100087_nitrogen_nitrogen_deprivation_mit9313_mit9313_microarray,MICROARRAY,3h,2.84356915577768,0.01,significant_up
P,pstB,Prochlorococcus MIT9313,PMT0700,10.1038/msb4100087_nitrogen_nitrogen_deprivation_mit9313_mit9313_microarray,MICROARRAY,48h,-2.75513863235477,0.01,significant_down
P,pstA,Prochlorococcus MIT9313,PMT0701,10.1038/msb4100087_nitrogen_nitrogen_deprivation_mit9313_mit9313_microarray,MICROARRAY,48h,-2.41426731,1.0,not_significant
N,nirA,Prochlorococcus MIT9313,PMT2239,10.1038/msb4100087_nitrogen_nitrogen_deprivation_mit9313_mit9313_microarray,MICROARRAY,3h,2.412705562,1.0,not_significant
N,amtB/amt1,Prochlorococcus MIT9313,PMT1853,10.1038/msb4100087_nitrogen_nitrogen_deprivation_mit9313_mit9313_microarray,MICROARRAY,12h,2.29358349814224,0.01,significant_up
N,amtB/amt1,Prochlorococcus MIT9313,PMT1853,10.1038/msb4100087_nitrogen_nitrogen_deprivation_mit9313_mit9313_microarray,MICROARRAY,24h,2.21911420307216,0.01,significant_up
N,amtB/amt1,Prochlorococcus MIT9313,PMT1853,10.1038/msb4100087_nitrogen_nitrogen_deprivation_mit9313_mit9313_microarray,MICROARRAY,6h,2.19273761141333,0.01,significant_up
N,amtB/amt1,Prochlorococcus MIT9313,PMT1853,10.1038/msb4100087_nitrogen_nitrogen_deprivation_mit9313_mit9313_microarray,MICROARRAY,48h,2.08669928083333,0.01,significant_up
P,arsR,Prochlorococcus MIT9313,PMT1001,10.1038/msb4100087_nitrogen_nitrogen_deprivation_mit9313_mit9313_microarray,MICROARRAY,48h,-2.082663981,1.0,not_significant
P,pstS,Prochlorococcus MIT9313,PMT0993,10.1038/msb4100087_nitrogen_nitrogen_deprivation_mit9313_mit9313_microarray,MICROARRAY,48h,2.07651177865788,0.01,significant_up
N,nadB,Prochlorococcus MIT9313,PMT0177,10.1038/msb4100087_nitrogen_nitrogen_deprivation_mit9313_mit9313_microarray,MICROARRAY,24h,-2.05047486447968,0.01,significant_down
N,glnA,Prochlorococcus MIT9313,PMT0601,10.1038/msb4100087_nitrogen_nitrogen_deprivation_mit9313_mit9313_microarray,MICROARRAY,12h,2.03050177230425,0.01,significant_up
P,phnC,Prochlorococcus MIT9313,PMT0781,10.1038/msb4100087_nitrogen_nitrogen_deprivation_mit9313_mit9313_microarray,MICROARRAY,48h,-2.008258828,1.0,not_significant
N,urtA,Prochlorococcus MIT9313,PMT2229,10.1038/msb4100087_nitrogen_nitrogen_deprivation_mit9313_mit9313_microarray,MICROARRAY,48h,1.99898939076442,0.01,significant_up
N,ntcA,Prochlorococcus MIT9313,PMT1831,10.1038/msb4100087_nitrogen_nitrogen_deprivation_mit9313_mit9313_microarray,MICROARRAY,3h,1.941622064,1.0,not_significant
N,urtE,Prochlorococcus MIT9313,PMT2225,10.1038/msb4100087_nitrogen_nitrogen_deprivation_mit9313_mit9313_microarray,MICROARRAY,24h,-1.835982216,1.0,not_significant
N,nadB,Prochlorococcus MIT9313,PMT0177,10.1038/msb4100087_nitrogen_nitrogen_deprivation_mit9313_mit9313_microarray,MICROARRAY,48h,-1.7917516787757,0.01,significant_down
P,phoR,Prochlorococcus MIT9313,PMT_0997,10.1038/msb4100087_nitrogen_nitrogen_deprivation_mit9313_mit9313_microarray,MICROARRAY,6h,-1.739883522,1.0,not_significant
N,glsF,Prochlorococcus MIT9313,PMT1777,10.1038/msb4100087_nitrogen_nitrogen_deprivation_mit9313_mit9313_microarray,MICROARRAY,48h,-1.72775858518919,0.01,significant_down
N,glnA,Prochlorococcus MIT9313,PMT0601,10.1038/msb4100087_nitrogen_nitrogen_deprivation_mit9313_mit9313_microarray,MICROARRAY,6h,1.72452021817924,0.01,significant_up
P,pstS,Prochlorococcus MIT9313,PMT0508,10.1038/msb4100087_nitrogen_nitrogen_deprivation_mit9313_mit9313_microarray,MICROARRAY,48h,1.67741235188956,0.01,significant_up
N,natF,Prochlorococcus MIT9313,PMT0897,10.1038/msb4100087_nitrogen_nitrogen_deprivation_mit9313_mit9313_microarray,MICROARRAY,48h,-1.63629330646936,0.01,significant_down
P,phoB,Prochlorococcus MIT9313,PMT0994,10.1038/msb4100087_nitrogen_nitrogen_deprivation_mit9313_mit9313_microarray,MICROARRAY,48h,1.57084887054259,0.01,significant_up
N,ureD,Prochlorococcus MIT9313,PMT2233,10.1038/msb4100087_nitrogen_nitrogen_deprivation_mit9313_mit9313_microarray,MICROARRAY,48h,-1.565906498,1.0,not_significant
N,glnA,Prochlorococcus MIT9313,PMT0601,10.1038/msb4100087_nitrogen_nitrogen_deprivation_mit9313_mit9313_microarray,MICROARRAY,24h,1.54235498903119,0.01,significant_up
N,gdhA,Prochlorococcus MIT9313,PMT0623,10.1038/msb4100087_nitrogen_nitrogen_deprivation_mit9313_mit9313_microarray,MICROARRAY,48h,-1.493378508,1.0,not_significant
N,urtE,Prochlorococcus MIT9313,PMT2225,10.1038/msb4100087_nitrogen_nitrogen_deprivation_mit9313_mit9313_microarray,MICROARRAY,48h,-1.431272861,1.0,not_significant
P,phnC,Prochlorococcus MIT9313,PMT0781,10.1038/msb4100087_nitrogen_nitrogen_deprivation_mit9313_mit9313_microarray,MICROARRAY,0h,-1.380014513,1.0,not_significant
P,pstA,Prochlorococcus MIT9313,PMT0043,10.1038/msb4100087_nitrogen_nitrogen_deprivation_mit9313_mit9313_microarray,MICROARRAY,48h,-1.37673958704467,0.01,significant_down
N,thiO,Prochlorococcus MIT9313,PMT2140,10.1038/msb4100087_nitrogen_nitrogen_deprivation_mit9313_mit9313_microarray,MICROARRAY,48h,-1.373728334,1.0,not_significant
P,pstS,Prochlorococcus MIT9313,PMT0993,10.1038/msb4100087_nitrogen_nitrogen_deprivation_mit9313_mit9313_microarray,MICROARRAY,24h,1.33856758195113,0.01,significant_up
P,phnD,Prochlorococcus MIT9313,PMT0780,10.1038/msb4100087_nitrogen_nitrogen_deprivation_mit9313_mit9313_microarray,MICROARRAY,12h,-1.338309456,1.0,not_significant
P,sqdB,Prochlorococcus MIT9313,PMT0050,10.1038/msb4100087_nitrogen_nitrogen_deprivation_mit9313_mit9313_microarray,MICROARRAY,48h,-1.32314353569124,0.01,significant_down
P,phoR,Prochlorococcus MIT9313,PMT_0996,10.1038/msb4100087_nitrogen_nitrogen_deprivation_mit9313_mit9313_microarray,MICROARRAY,48h,1.305562625,1.0,not_significant
N,amtB/amt1,Prochlorococcus MIT9313,PMT1853,10.1038/msb4100087_nitrogen_nitrogen_deprivation_mit9313_mit9313_microarray,MICROARRAY,3h,1.297411992,1.0,not_significant
N,focA,Prochlorococcus MIT9313,PMT2240,10.1038/msb4100087_nitrogen_nitrogen_deprivation_mit9313_mit9313_microarray,MICROARRAY,3h,1.297101156,1.0,not_significant
N,ureE,Prochlorococcus MIT9313,PMT2232,10.1038/msb4100087_nitrogen_nitrogen_deprivation_mit9313_mit9313_microarray,MICROARRAY,48h,1.289938836,1.0,not_significant
P,phoR,Prochlorococcus MIT9313,PMT_0997,10.1038/msb4100087_nitrogen_nitrogen_deprivation_mit9313_mit9313_microarray,MICROARRAY,3h,-1.186815864,1.0,not_significant
N,nadB,Prochlorococcus MIT9313,PMT0177,10.1038/msb4100087_nitrogen_nitrogen_deprivation_mit9313_mit9313_microarray,MICROARRAY,12h,-1.141192978,1.0,not_significant
P,gap3,Prochlorococcus MIT9313,PMT1000,10.1038/msb4100087_nitrogen_nitrogen_deprivation_mit9313_mit9313_microarray,MICROARRAY,6h,-1.121736513,1.0,not_significant
P,phnE,Prochlorococcus MIT9313,PMT0782,10.1038/msb4100087_nitrogen_nitrogen_deprivation_mit9313_mit9313_microarray,MICROARRAY,24h,-1.119530805,1.0,not_significant
N,ureD,Prochlorococcus MIT9313,PMT2233,10.1038/msb4100087_nitrogen_nitrogen_deprivation_mit9313_mit9313_microarray,MICROARRAY,12h,-1.111248883,1.0,not_significant
P,pstS,Prochlorococcus MIT9313,PMT0508,10.1038/msb4100087_nitrogen_nitrogen_deprivation_mit9313_mit9313_microarray,MICROARRAY,24h,1.106466744,1.0,not_significant
P,phnC,Prochlorococcus MIT9313,PMT0781,10.1038/msb4100087_nitrogen_nitrogen_deprivation_mit9313_mit9313_microarray,MICROARRAY,24h,-1.079213321,1.0,not_significant
P,gap3,Prochlorococcus MIT9313,PMT1000,10.1038/msb4100087_nitrogen_nitrogen_deprivation_mit9313_mit9313_microarray,MICROARRAY,48h,1.077375783,1.0,not_significant
N,ureA,Prochlorococcus MIT9313,PMT2234,10.1038/msb4100087_nitrogen_nitrogen_deprivation_mit9313_mit9313_microarray,MICROARRAY,6h,1.05550344551044,0.01,significant_up
N,glnA,Prochlorococcus MIT9313,PMT0601,10.1038/msb4100087_nitrogen_nitrogen_deprivation_mit9313_mit9313_microarray,MICROARRAY,3h,1.009663902,1.0,not_significant
N,glsF,Prochlorococcus MIT9313,PMT1777,10.1038/msb4100087_nitrogen_nitrogen_deprivation_mit9313_mit9313_microarray,MICROARRAY,24h,-0.98626318,1.0,not_significant
P,phoR,Prochlorococcus MIT9313,PMT_0995,10.1038/msb4100087_nitrogen_nitrogen_deprivation_mit9313_mit9313_microarray,MICROARRAY,48h,0.940642254,1.0,not_significant
N,ureD,Prochlorococcus MIT9313,PMT2233,10.1038/msb4100087_nitrogen_nitrogen_deprivation_mit9313_mit9313_microarray,MICROARRAY,24h,-0.920971406,1.0,not_significant
P,ppA,Prochlorococcus MIT9313,PMT1275,10.1038/msb4100087_nitrogen_nitrogen_deprivation_mit9313_mit9313_microarray,MICROARRAY,48h,-0.906653428999362,0.01,significant_down
N,urtC,Prochlorococcus MIT9313,PMT2227,10.1038/msb4100087_nitrogen_nitrogen_deprivation_mit9313_mit9313_microarray,MICROARRAY,48h,-0.881273296,1.0,not_significant
N,natG,Prochlorococcus MIT9313,PMT0896,10.1038/msb4100087_nitrogen_nitrogen_deprivation_mit9313_mit9313_microarray,MICROARRAY,12h,-0.855949632,1.0,not_significant
N,ureA,Prochlorococcus MIT9313,PMT2234,10.1038/msb4100087_nitrogen_nitrogen_deprivation_mit9313_mit9313_microarray,MICROARRAY,48h,0.831582294,1.0,not_significant
P,sqdB,Prochlorococcus MIT9313,PMT0050,10.1038/msb4100087_nitrogen_nitrogen_deprivation_mit9313_mit9313_microarray,MICROARRAY,24h,-0.81931792340572,0.01,significant_down
N,urtA,Prochlorococcus MIT9313,PMT2229,10.1038/msb4100087_nitrogen_nitrogen_deprivation_mit9313_mit9313_microarray,MICROARRAY,0h,-0.791342095,1.0,not_significant
N,ureA,Prochlorococcus MIT9313,PMT2234,10.1038/msb4100087_nitrogen_nitrogen_deprivation_mit9313_mit9313_microarray,MICROARRAY,12h,0.789840475,1.0,not_significant
P,phoR,Prochlorococcus MIT9313,PMT_0997,10.1038/msb4100087_nitrogen_nitrogen_deprivation_mit9313_mit9313_microarray,MICROARRAY,12h,0.780556089,1.0,not_significant
P,ppA,Prochlorococcus MIT9313,PMT1275,10.1038/msb4100087_nitrogen_nitrogen_deprivation_mit9313_mit9313_microarray,MICROARRAY,0h,-0.755925543,1.0,not_significant
P,phnD,Prochlorococcus MIT9313,PMT0780,10.1038/msb4100087_nitrogen_nitrogen_deprivation_mit9313_mit9313_microarray,MICROARRAY,6h,-0.749965746,1.0,not_significant
N,nadB,Prochlorococcus MIT9313,PMT0177,10.1038/msb4100087_nitrogen_nitrogen_deprivation_mit9313_mit9313_microarray,MICROARRAY,0h,-0.726679854,1.0,not_significant
N,ureC,Prochlorococcus MIT9313,PMT2236,10.1038/msb4100087_nitrogen_nitrogen_deprivation_mit9313_mit9313_microarray,MICROARRAY,12h,0.719212281,1.0,not_significant
N,ureE,Prochlorococcus MIT9313,PMT2232,10.1038/msb4100087_nitrogen_nitrogen_deprivation_mit9313_mit9313_microarray,MICROARRAY,6h,0.714838597,1.0,not_significant
N,ureA,Prochlorococcus MIT9313,PMT2234,10.1038/msb4100087_nitrogen_nitrogen_deprivation_mit9313_mit9313_microarray,MICROARRAY,24h,0.71341191,1.0,not_significant
N,urtC,Prochlorococcus MIT9313,PMT2227,10.1038/msb4100087_nitrogen_nitrogen_deprivation_mit9313_mit9313_microarray,MICROARRAY,6h,0.690088934,1.0,not_significant
N,ureB,Prochlorococcus MIT9313,PMT2235,10.1038/msb4100087_nitrogen_nitrogen_deprivation_mit9313_mit9313_microarray,MICROARRAY,12h,0.67276527,1.0,not_significant
N,ureB,Prochlorococcus MIT9313,PMT2235,10.1038/msb4100087_nitrogen_nitrogen_deprivation_mit9313_mit9313_microarray,MICROARRAY,6h,0.665400569949206,0.01,significant_up
P,pstA,Prochlorococcus MIT9313,PMT0043,10.1038/msb4100087_nitrogen_nitrogen_deprivation_mit9313_mit9313_microarray,MICROARRAY,24h,-0.663104681,1.0,not_significant
N,glsF,Prochlorococcus MIT9313,PMT1777,10.1038/msb4100087_nitrogen_nitrogen_deprivation_mit9313_mit9313_microarray,MICROARRAY,12h,-0.661477736,1.0,not_significant
P,phoB,Prochlorococcus MIT9313,PMT0994,10.1038/msb4100087_nitrogen_nitrogen_deprivation_mit9313_mit9313_microarray,MICROARRAY,0h,-0.657745702,1.0,not_significant
P,pstC,Prochlorococcus MIT9313,PMT0702,10.1038/msb4100087_nitrogen_nitrogen_deprivation_mit9313_mit9313_microarray,MICROARRAY,48h,-0.652226959,1.0,not_significant
P,phoR,Prochlorococcus MIT9313,PMT_0996,10.1038/msb4100087_nitrogen_nitrogen_deprivation_mit9313_mit9313_microarray,MICROARRAY,6h,0.643744133,1.0,not_significant
N,ureC,Prochlorococcus MIT9313,PMT2236,10.1038/msb4100087_nitrogen_nitrogen_deprivation_mit9313_mit9313_microarray,MICROARRAY,6h,0.642713513933882,0.01,significant_up
N,natG,Prochlorococcus MIT9313,PMT0896,10.1038/msb4100087_nitrogen_nitrogen_deprivation_mit9313_mit9313_microarray,MICROARRAY,24h,-0.627425597,1.0,not_significant
P,phoR,Prochlorococcus MIT9313,PMT_0997,10.1038/msb4100087_nitrogen_nitrogen_deprivation_mit9313_mit9313_microarray,MICROARRAY,24h,-0.60850908,1.0,not_significant
N,nadB,Prochlorococcus MIT9313,PMT0177,10.1038/msb4100087_nitrogen_nitrogen_deprivation_mit9313_mit9313_microarray,MICROARRAY,6h,-0.594567742,1.0,not_significant
P,phnC,Prochlorococcus MIT9313,PMT0781,10.1038/msb4100087_nitrogen_nitrogen_deprivation_mit9313_mit9313_microarray,MICROARRAY,12h,-0.594250439,1.0,not_significant
N,urtD,Prochlorococcus MIT9313,PMT2226,10.1038/msb4100087_nitrogen_nitrogen_deprivation_mit9313_mit9313_microarray,MICROARRAY,48h,-0.585033504,1.0,not_significant
P,phnD,Prochlorococcus MIT9313,PMT0780,10.1038/msb4100087_nitrogen_nitrogen_deprivation_mit9313_mit9313_microarray,MICROARRAY,24h,-0.567270261,1.0,not_significant
P,ppA,Prochlorococcus MIT9313,PMT1257,10.1038/msb4100087_nitrogen_nitrogen_deprivation_mit9313_mit9313_microarray,MICROARRAY,0h,0.567010729,1.0,not_significant
N,natH,Prochlorococcus MIT9313,PMT0894,10.1038/msb4100087_nitrogen_nitrogen_deprivation_mit9313_mit9313_microarray,MICROARRAY,24h,-0.550119133,1.0,not_significant
P,pstS,Prochlorococcus MIT9313,PMT0508,10.1038/msb4100087_nitrogen_nitrogen_deprivation_mit9313_mit9313_microarray,MICROARRAY,12h,0.541554356,1.0,not_significant
N,urtE,Prochlorococcus MIT9313,PMT2225,10.1038/msb4100087_nitrogen_nitrogen_deprivation_mit9313_mit9313_microarray,MICROARRAY,6h,0.53869476,1.0,not_significant
P,pstS,Prochlorococcus MIT9313,PMT0993,10.1038/msb4100087_nitrogen_nitrogen_deprivation_mit9313_mit9313_microarray,MICROARRAY,12h,0.533409089,1.0,not_significant
P,sqdB,Prochlorococcus MIT9313,PMT0050,10.1038/msb4100087_nitrogen_nitrogen_deprivation_mit9313_mit9313_microarray,MICROARRAY,12h,-0.523154228,1.0,not_significant
N,natH,Prochlorococcus MIT9313,PMT0894,10.1038/msb4100087_nitrogen_nitrogen_deprivation_mit9313_mit9313_microarray,MICROARRAY,12h,-0.522500166,1.0,not_significant
P,ppA,Prochlorococcus MIT9313,PMT1257,10.1038/msb4100087_nitrogen_nitrogen_deprivation_mit9313_mit9313_microarray,MICROARRAY,48h,-0.517594035,1.0,not_significant
P,gap3,Prochlorococcus MIT9313,PMT1000,10.1038/msb4100087_nitrogen_nitrogen_deprivation_mit9313_mit9313_microarray,MICROARRAY,0h,-0.514924621,1.0,not_significant
N,urtC,Prochlorococcus MIT9313,PMT2227,10.1038/msb4100087_nitrogen_nitrogen_deprivation_mit9313_mit9313_microarray,MICROARRAY,0h,-0.506592007,1.0,not_significant
P,phoR,Prochlorococcus MIT9313,PMT_0995,10.1038/msb4100087_nitrogen_nitrogen_deprivation_mit9313_mit9313_microarray,MICROARRAY,6h,-0.502896159,1.0,not_significant
N,ureC,Prochlorococcus MIT9313,PMT2236,10.1038/msb4100087_nitrogen_nitrogen_deprivation_mit9313_mit9313_microarray,MICROARRAY,24h,0.501829283,1.0,not_significant
P,phnE,Prochlorococcus MIT9313,PMT0782,10.1038/msb4100087_nitrogen_nitrogen_deprivation_mit9313_mit9313_microarray,MICROARRAY,0h,-0.499151317,1.0,not_significant
P,phoR,Prochlorococcus MIT9313,PMT_0996,10.1038/msb4100087_nitrogen_nitrogen_deprivation_mit9313_mit9313_microarray,MICROARRAY,24h,-0.489135138,1.0,not_significant
N,ureF,Prochlorococcus MIT9313,PMT2231,10.1038/msb4100087_nitrogen_nitrogen_deprivation_mit9313_mit9313_microarray,MICROARRAY,6h,0.482496168,1.0,not_significant
P,pstB,Prochlorococcus MIT9313,PMT0700,10.1038/msb4100087_nitrogen_nitrogen_deprivation_mit9313_mit9313_microarray,MICROARRAY,24h,-0.482140985,1.0,not_significant
N,ureB,Prochlorococcus MIT9313,PMT2235,10.1038/msb4100087_nitrogen_nitrogen_deprivation_mit9313_mit9313_microarray,MICROARRAY,24h,0.481765038,1.0,not_significant
N,ureC,Prochlorococcus MIT9313,PMT2236,10.1038/msb4100087_nitrogen_nitrogen_deprivation_mit9313_mit9313_microarray,MICROARRAY,48h,0.481409763,1.0,not_significant
P,pstB,Prochlorococcus MIT9313,PMT0700,10.1038/msb4100087_nitrogen_nitrogen_deprivation_mit9313_mit9313_microarray,MICROARRAY,6h,-0.44422998,1.0,not_significant
P,phnE,Prochlorococcus MIT9313,PMT0782,10.1038/msb4100087_nitrogen_nitrogen_deprivation_mit9313_mit9313_microarray,MICROARRAY,48h,0.425814131,1.0,not_significant
P,pstS,Prochlorococcus MIT9313,PMT0993,10.1038/msb4100087_nitrogen_nitrogen_deprivation_mit9313_mit9313_microarray,MICROARRAY,6h,0.420478118,1.0,not_significant
N,urtD,Prochlorococcus MIT9313,PMT2226,10.1038/msb4100087_nitrogen_nitrogen_deprivation_mit9313_mit9313_microarray,MICROARRAY,6h,0.414622462,1.0,not_significant
N,urtC,Prochlorococcus MIT9313,PMT2227,10.1038/msb4100087_nitrogen_nitrogen_deprivation_mit9313_mit9313_microarray,MICROARRAY,3h,0.399922956,1.0,not_significant
N,ureA,Prochlorococcus MIT9313,PMT2234,10.1038/msb4100087_nitrogen_nitrogen_deprivation_mit9313_mit9313_microarray,MICROARRAY,3h,0.399675994,1.0,not_significant
P,phnC,Prochlorococcus MIT9313,PMT0781,10.1038/msb4100087_nitrogen_nitrogen_deprivation_mit9313_mit9313_microarray,MICROARRAY,3h,-0.388811011,1.0,not_significant
P,arsR,Prochlorococcus MIT9313,PMT1001,10.1038/msb4100087_nitrogen_nitrogen_deprivation_mit9313_mit9313_microarray,MICROARRAY,12h,-0.385319365,1.0,not_significant
N,ureD,Prochlorococcus MIT9313,PMT2233,10.1038/msb4100087_nitrogen_nitrogen_deprivation_mit9313_mit9313_microarray,MICROARRAY,6h,0.385196731,1.0,not_significant
N,nadB,Prochlorococcus MIT9313,PMT0177,10.1038/msb4100087_nitrogen_nitrogen_deprivation_mit9313_mit9313_microarray,MICROARRAY,3h,-0.379964297,1.0,not_significant
N,natH,Prochlorococcus MIT9313,PMT0894,10.1038/msb4100087_nitrogen_nitrogen_deprivation_mit9313_mit9313_microarray,MICROARRAY,48h,-0.378913656,1.0,not_significant
P,phoR,Prochlorococcus MIT9313,PMT_0995,10.1038/msb4100087_nitrogen_nitrogen_deprivation_mit9313_mit9313_microarray,MICROARRAY,24h,0.375871119,1.0,not_significant
N,glsF,Prochlorococcus MIT9313,PMT1777,10.1038/msb4100087_nitrogen_nitrogen_deprivation_mit9313_mit9313_microarray,MICROARRAY,6h,-0.37526942,1.0,not_significant
P,phoR,Prochlorococcus MIT9313,PMT_0996,10.1038/msb4100087_nitrogen_nitrogen_deprivation_mit9313_mit9313_microarray,MICROARRAY,0h,0.372071483,1.0,not_significant
P,ppK,Prochlorococcus MIT9313,PMT2245,10.1038/msb4100087_nitrogen_nitrogen_deprivation_mit9313_mit9313_microarray,MICROARRAY,0h,-0.368258757,1.0,not_significant
P,phnD,Prochlorococcus MIT9313,PMT0780,10.1038/msb4100087_nitrogen_nitrogen_deprivation_mit9313_mit9313_microarray,MICROARRAY,48h,0.367225673,1.0,not_significant
P,ppX,Prochlorococcus MIT9313,PMT1327,10.1038/msb4100087_nitrogen_nitrogen_deprivation_mit9313_mit9313_microarray,MICROARRAY,24h,-0.365387245,1.0,not_significant
P,sqdB,Prochlorococcus MIT9313,PMT0050,10.1038/msb4100087_nitrogen_nitrogen_deprivation_mit9313_mit9313_microarray,MICROARRAY,0h,-0.359167483,1.0,not_significant
P,gap3,Prochlorococcus MIT9313,PMT1000,10.1038/msb4100087_nitrogen_nitrogen_deprivation_mit9313_mit9313_microarray,MICROARRAY,3h,-0.358829569,1.0,not_significant
P,gap3,Prochlorococcus MIT9313,PMT1000,10.1038/msb4100087_nitrogen_nitrogen_deprivation_mit9313_mit9313_microarray,MICROARRAY,12h,0.358523025,1.0,not_significant
P,phoB,Prochlorococcus MIT9313,PMT0994,10.1038/msb4100087_nitrogen_nitrogen_deprivation_mit9313_mit9313_microarray,MICROARRAY,6h,-0.343815913,1.0,not_significant
N,focA,Prochlorococcus MIT9313,PMT2240,10.1038/msb4100087_nitrogen_nitrogen_deprivation_mit9313_mit9313_microarray,MICROARRAY,0h,-0.343731738,1.0,not_significant
N,urtD,Prochlorococcus MIT9313,PMT2226,10.1038/msb4100087_nitrogen_nitrogen_deprivation_mit9313_mit9313_microarray,MICROARRAY,24h,-0.3295864,1.0,not_significant
P,phoB,Prochlorococcus MIT9313,PMT0994,10.1038/msb4100087_nitrogen_nitrogen_deprivation_mit9313_mit9313_microarray,MICROARRAY,12h,-0.327535737,1.0,not_significant
P,pstC,Prochlorococcus MIT9313,PMT0702,10.1038/msb4100087_nitrogen_nitrogen_deprivation_mit9313_mit9313_microarray,MICROARRAY,24h,0.320751454,1.0,not_significant
P,arsR,Prochlorococcus MIT9313,PMT1001,10.1038/msb4100087_nitrogen_nitrogen_deprivation_mit9313_mit9313_microarray,MICROARRAY,6h,-0.319753217,1.0,not_significant
P,pstA,Prochlorococcus MIT9313,PMT0701,10.1038/msb4100087_nitrogen_nitrogen_deprivation_mit9313_mit9313_microarray,MICROARRAY,12h,-0.316548478,1.0,not_significant
P,ppX,Prochlorococcus MIT9313,PMT1327,10.1038/msb4100087_nitrogen_nitrogen_deprivation_mit9313_mit9313_microarray,MICROARRAY,6h,-0.313043397,1.0,not_significant
N,ureG,Prochlorococcus MIT9313,PMT2230,10.1038/msb4100087_nitrogen_nitrogen_deprivation_mit9313_mit9313_microarray,MICROARRAY,48h,0.307410365,1.0,not_significant
N,ureG,Prochlorococcus MIT9313,PMT2230,10.1038/msb4100087_nitrogen_nitrogen_deprivation_mit9313_mit9313_microarray,MICROARRAY,24h,0.306956833,1.0,not_significant
P,ppK,Prochlorococcus MIT9313,PMT2245,10.1038/msb4100087_nitrogen_nitrogen_deprivation_mit9313_mit9313_microarray,MICROARRAY,48h,0.306659719,1.0,not_significant
N,ureD,Prochlorococcus MIT9313,PMT2233,10.1038/msb4100087_nitrogen_nitrogen_deprivation_mit9313_mit9313_microarray,MICROARRAY,3h,0.303180727,1.0,not_significant
N,urtC,Prochlorococcus MIT9313,PMT2227,10.1038/msb4100087_nitrogen_nitrogen_deprivation_mit9313_mit9313_microarray,MICROARRAY,12h,0.29992446,1.0,not_significant
N,ureF,Prochlorococcus MIT9313,PMT2231,10.1038/msb4100087_nitrogen_nitrogen_deprivation_mit9313_mit9313_microarray,MICROARRAY,12h,-0.299775433,1.0,not_significant
N,urtD,Prochlorococcus MIT9313,PMT2226,10.1038/msb4100087_nitrogen_nitrogen_deprivation_mit9313_mit9313_microarray,MICROARRAY,0h,-0.298650219,1.0,not_significant
P,pstS,Prochlorococcus MIT9313,PMT0993,10.1038/msb4100087_nitrogen_nitrogen_deprivation_mit9313_mit9313_microarray,MICROARRAY,0h,-0.298335422,1.0,not_significant
P,pstB,Prochlorococcus MIT9313,PMT0700,10.1038/msb4100087_nitrogen_nitrogen_deprivation_mit9313_mit9313_microarray,MICROARRAY,12h,-0.297895945,1.0,not_significant
N,ureE,Prochlorococcus MIT9313,PMT2232,10.1038/msb4100087_nitrogen_nitrogen_deprivation_mit9313_mit9313_microarray,MICROARRAY,24h,0.29597346,1.0,not_significant
P,ppK,Prochlorococcus MIT9313,PMT2245,10.1038/msb4100087_nitrogen_nitrogen_deprivation_mit9313_mit9313_microarray,MICROARRAY,24h,0.293500872,1.0,not_significant
N,ureE,Prochlorococcus MIT9313,PMT2232,10.1038/msb4100087_nitrogen_nitrogen_deprivation_mit9313_mit9313_microarray,MICROARRAY,12h,0.292882745,1.0,not_significant
P,pstA,Prochlorococcus MIT9313,PMT0043,10.1038/msb4100087_nitrogen_nitrogen_deprivation_mit9313_mit9313_microarray,MICROARRAY,12h,-0.292881786,1.0,not_significant
P,phoR,Prochlorococcus MIT9313,PMT_0997,10.1038/msb4100087_nitrogen_nitrogen_deprivation_mit9313_mit9313_microarray,MICROARRAY,48h,0.285576452,1.0,not_significant
P,gap3,Prochlorococcus MIT9313,PMT1000,10.1038/msb4100087_nitrogen_nitrogen_deprivation_mit9313_mit9313_microarray,MICROARRAY,24h,0.284542293,1.0,not_significant
P,arsR,Prochlorococcus MIT9313,PMT1001,10.1038/msb4100087_nitrogen_nitrogen_deprivation_mit9313_mit9313_microarray,MICROARRAY,24h,-0.283304568,1.0,not_significant
N,urtE,Prochlorococcus MIT9313,PMT2225,10.1038/msb4100087_nitrogen_nitrogen_deprivation_mit9313_mit9313_microarray,MICROARRAY,3h,0.282436123,1.0,not_significant
P,pstA,Prochlorococcus MIT9313,PMT0701,10.1038/msb4100087_nitrogen_nitrogen_deprivation_mit9313_mit9313_microarray,MICROARRAY,6h,-0.278446436,1.0,not_significant
P,pstA,Prochlorococcus MIT9313,PMT0701,10.1038/msb4100087_nitrogen_nitrogen_deprivation_mit9313_mit9313_microarray,MICROARRAY,24h,-0.275020301,1.0,not_significant
P,phnE,Prochlorococcus MIT9313,PMT0782,10.1038/msb4100087_nitrogen_nitrogen_deprivation_mit9313_mit9313_microarray,MICROARRAY,6h,-0.273070386,1.0,not_significant
N,gdhA,Prochlorococcus MIT9313,PMT0623,10.1038/msb4100087_nitrogen_nitrogen_deprivation_mit9313_mit9313_microarray,MICROARRAY,0h,0.263861895,1.0,not_significant
N,glnA,Prochlorococcus MIT9313,PMT0601,10.1038/msb4100087_nitrogen_nitrogen_deprivation_mit9313_mit9313_microarray,MICROARRAY,0h,-0.262190069,1.0,not_significant
P,pstS,Prochlorococcus MIT9313,PMT0508,10.1038/msb4100087_nitrogen_nitrogen_deprivation_mit9313_mit9313_microarray,MICROARRAY,6h,0.260837613,1.0,not_significant
P,phoR,Prochlorococcus MIT9313,PMT_0996,10.1038/msb4100087_nitrogen_nitrogen_deprivation_mit9313_mit9313_microarray,MICROARRAY,3h,-0.257595644,1.0,not_significant
P,pstS,Prochlorococcus MIT9313,PMT0508,10.1038/msb4100087_nitrogen_nitrogen_deprivation_mit9313_mit9313_microarray,MICROARRAY,0h,-0.256669886,1.0,not_significant
N,ureF,Prochlorococcus MIT9313,PMT2231,10.1038/msb4100087_nitrogen_nitrogen_deprivation_mit9313_mit9313_microarray,MICROARRAY,24h,-0.253882399,1.0,not_significant
P,pstA,Prochlorococcus MIT9313,PMT0701,10.1038/msb4100087_nitrogen_nitrogen_deprivation_mit9313_mit9313_microarray,MICROARRAY,0h,-0.252523747,1.0,not_significant
N,ntcA,Prochlorococcus MIT9313,PMT1831,10.1038/msb4100087_nitrogen_nitrogen_deprivation_mit9313_mit9313_microarray,MICROARRAY,0h,-0.25024562,1.0,not_significant
P,phoR,Prochlorococcus MIT9313,PMT_0996,10.1038/msb4100087_nitrogen_nitrogen_deprivation_mit9313_mit9313_microarray,MICROARRAY,12h,-0.249193812,1.0,not_significant
P,ppA,Prochlorococcus MIT9313,PMT1275,10.1038/msb4100087_nitrogen_nitrogen_deprivation_mit9313_mit9313_microarray,MICROARRAY,24h,-0.239253401,1.0,not_significant
N,pipX,Prochlorococcus MIT9313,PMT0205,10.1038/msb4100087_nitrogen_nitrogen_deprivation_mit9313_mit9313_microarray,MICROARRAY,48h,-0.233439386,1.0,not_significant
P,phoB,Prochlorococcus MIT9313,PMT0994,10.1038/msb4100087_nitrogen_nitrogen_deprivation_mit9313_mit9313_microarray,MICROARRAY,24h,0.23257252,1.0,not_significant
N,natG,Prochlorococcus MIT9313,PMT0896,10.1038/msb4100087_nitrogen_nitrogen_deprivation_mit9313_mit9313_microarray,MICROARRAY,48h,-0.229495345,1.0,not_significant
N,pipX,Prochlorococcus MIT9313,PMT0205,10.1038/msb4100087_nitrogen_nitrogen_deprivation_mit9313_mit9313_microarray,MICROARRAY,0h,0.214391555,1.0,not_significant
N,ureA,Prochlorococcus MIT9313,PMT2234,10.1038/msb4100087_nitrogen_nitrogen_deprivation_mit9313_mit9313_microarray,MICROARRAY,0h,0.213053866,1.0,not_significant
N,ureF,Prochlorococcus MIT9313,PMT2231,10.1038/msb4100087_nitrogen_nitrogen_deprivation_mit9313_mit9313_microarray,MICROARRAY,48h,0.210670168,1.0,not_significant
P,sqdB,Prochlorococcus MIT9313,PMT0050,10.1038/msb4100087_nitrogen_nitrogen_deprivation_mit9313_mit9313_microarray,MICROARRAY,6h,-0.209956651,1.0,not_significant
N,ureG,Prochlorococcus MIT9313,PMT2230,10.1038/msb4100087_nitrogen_nitrogen_deprivation_mit9313_mit9313_microarray,MICROARRAY,3h,0.20908299,1.0,not_significant
N,ureB,Prochlorococcus MIT9313,PMT2235,10.1038/msb4100087_nitrogen_nitrogen_deprivation_mit9313_mit9313_microarray,MICROARRAY,48h,0.208251607,1.0,not_significant
P,ppA,Prochlorococcus MIT9313,PMT1257,10.1038/msb4100087_nitrogen_nitrogen_deprivation_mit9313_mit9313_microarray,MICROARRAY,24h,0.205703988,1.0,not_significant
N,ureB,Prochlorococcus MIT9313,PMT2235,10.1038/msb4100087_nitrogen_nitrogen_deprivation_mit9313_mit9313_microarray,MICROARRAY,0h,-0.203725127,1.0,not_significant
N,thiO,Prochlorococcus MIT9313,PMT2140,10.1038/msb4100087_nitrogen_nitrogen_deprivation_mit9313_mit9313_microarray,MICROARRAY,6h,0.203478283,1.0,not_significant
N,natH,Prochlorococcus MIT9313,PMT0894,10.1038/msb4100087_nitrogen_nitrogen_deprivation_mit9313_mit9313_microarray,MICROARRAY,6h,-0.202121252,1.0,not_significant
P,phnC,Prochlorococcus MIT9313,PMT0781,10.1038/msb4100087_nitrogen_nitrogen_deprivation_mit9313_mit9313_microarray,MICROARRAY,6h,0.201457247,1.0,not_significant
N,ureG,Prochlorococcus MIT9313,PMT2230,10.1038/msb4100087_nitrogen_nitrogen_deprivation_mit9313_mit9313_microarray,MICROARRAY,6h,0.198778899,1.0,not_significant
N,thiO,Prochlorococcus MIT9313,PMT2140,10.1038/msb4100087_nitrogen_nitrogen_deprivation_mit9313_mit9313_microarray,MICROARRAY,12h,-0.19460358,1.0,not_significant
N,urtE,Prochlorococcus MIT9313,PMT2225,10.1038/msb4100087_nitrogen_nitrogen_deprivation_mit9313_mit9313_microarray,MICROARRAY,12h,-0.183671938,1.0,not_significant
P,ppA,Prochlorococcus MIT9313,PMT1275,10.1038/msb4100087_nitrogen_nitrogen_deprivation_mit9313_mit9313_microarray,MICROARRAY,3h,0.180047877,1.0,not_significant
N,ureC,Prochlorococcus MIT9313,PMT2236,10.1038/msb4100087_nitrogen_nitrogen_deprivation_mit9313_mit9313_microarray,MICROARRAY,3h,0.172054669,1.0,not_significant
N,ureB,Prochlorococcus MIT9313,PMT2235,10.1038/msb4100087_nitrogen_nitrogen_deprivation_mit9313_mit9313_microarray,MICROARRAY,3h,0.164968885,1.0,not_significant
N,pipX,Prochlorococcus MIT9313,PMT0205,10.1038/msb4100087_nitrogen_nitrogen_deprivation_mit9313_mit9313_microarray,MICROARRAY,3h,0.159502007,1.0,not_significant
P,pstC,Prochlorococcus MIT9313,PMT0702,10.1038/msb4100087_nitrogen_nitrogen_deprivation_mit9313_mit9313_microarray,MICROARRAY,6h,0.156774221,1.0,not_significant
N,amtB/amt1,Prochlorococcus MIT9313,PMT1853,10.1038/msb4100087_nitrogen_nitrogen_deprivation_mit9313_mit9313_microarray,MICROARRAY,0h,-0.156354162,1.0,not_significant
N,natF,Prochlorococcus MIT9313,PMT0897,10.1038/msb4100087_nitrogen_nitrogen_deprivation_mit9313_mit9313_microarray,MICROARRAY,24h,0.155605319,1.0,not_significant
P,phoR,Prochlorococcus MIT9313,PMT_0995,10.1038/msb4100087_nitrogen_nitrogen_deprivation_mit9313_mit9313_microarray,MICROARRAY,3h,-0.154930484,1.0,not_significant
N,glnA,Prochlorococcus MIT9313,PMT0601,10.1038/msb4100087_nitrogen_nitrogen_deprivation_mit9313_mit9313_microarray,MICROARRAY,48h,0.152773848,1.0,not_significant
P,ppA,Prochlorococcus MIT9313,PMT1257,10.1038/msb4100087_nitrogen_nitrogen_deprivation_mit9313_mit9313_microarray,MICROARRAY,3h,0.152222385,1.0,not_significant
P,pstA,Prochlorococcus MIT9313,PMT0043,10.1038/msb4100087_nitrogen_nitrogen_deprivation_mit9313_mit9313_microarray,MICROARRAY,6h,0.152159455,1.0,not_significant
N,ureG,Prochlorococcus MIT9313,PMT2230,10.1038/msb4100087_nitrogen_nitrogen_deprivation_mit9313_mit9313_microarray,MICROARRAY,12h,0.150309341,1.0,not_significant
N,thiO,Prochlorococcus MIT9313,PMT2140,10.1038/msb4100087_nitrogen_nitrogen_deprivation_mit9313_mit9313_microarray,MICROARRAY,3h,0.148176001,1.0,not_significant
N,pipX,Prochlorococcus MIT9313,PMT0205,10.1038/msb4100087_nitrogen_nitrogen_deprivation_mit9313_mit9313_microarray,MICROARRAY,24h,0.141625096,1.0,not_significant
N,natH,Prochlorococcus MIT9313,PMT0894,10.1038/msb4100087_nitrogen_nitrogen_deprivation_mit9313_mit9313_microarray,MICROARRAY,0h,-0.140371717,1.0,not_significant
P,sqdB,Prochlorococcus MIT9313,PMT0050,10.1038/msb4100087_nitrogen_nitrogen_deprivation_mit9313_mit9313_microarray,MICROARRAY,3h,-0.139045969,1.0,not_significant
P,pstC,Prochlorococcus MIT9313,PMT0702,10.1038/msb4100087_nitrogen_nitrogen_deprivation_mit9313_mit9313_microarray,MICROARRAY,12h,0.136523342,1.0,not_significant
N,gdhA,Prochlorococcus MIT9313,PMT0623,10.1038/msb4100087_nitrogen_nitrogen_deprivation_mit9313_mit9313_microarray,MICROARRAY,6h,-0.136175369,1.0,not_significant
P,pstS,Prochlorococcus MIT9313,PMT0993,10.1038/msb4100087_nitrogen_nitrogen_deprivation_mit9313_mit9313_microarray,MICROARRAY,3h,0.134838475,1.0,not_significant
N,thiO,Prochlorococcus MIT9313,PMT2140,10.1038/msb4100087_nitrogen_nitrogen_deprivation_mit9313_mit9313_microarray,MICROARRAY,0h,0.133754129,1.0,not_significant
N,natG,Prochlorococcus MIT9313,PMT0896,10.1038/msb4100087_nitrogen_nitrogen_deprivation_mit9313_mit9313_microarray,MICROARRAY,6h,-0.129381878,1.0,not_significant
P,phoB,Prochlorococcus MIT9313,PMT0994,10.1038/msb4100087_nitrogen_nitrogen_deprivation_mit9313_mit9313_microarray,MICROARRAY,3h,-0.12890479,1.0,not_significant
P,ppX,Prochlorococcus MIT9313,PMT1327,10.1038/msb4100087_nitrogen_nitrogen_deprivation_mit9313_mit9313_microarray,MICROARRAY,3h,-0.127152696,1.0,not_significant
P,pstC,Prochlorococcus MIT9313,PMT0702,10.1038/msb4100087_nitrogen_nitrogen_deprivation_mit9313_mit9313_microarray,MICROARRAY,3h,0.12579327,1.0,not_significant
P,pstS,Prochlorococcus MIT9313,PMT0508,10.1038/msb4100087_nitrogen_nitrogen_deprivation_mit9313_mit9313_microarray,MICROARRAY,3h,0.123740672,1.0,not_significant
N,ureC,Prochlorococcus MIT9313,PMT2236,10.1038/msb4100087_nitrogen_nitrogen_deprivation_mit9313_mit9313_microarray,MICROARRAY,0h,-0.120599636,1.0,not_significant
P,ppX,Prochlorococcus MIT9313,PMT1327,10.1038/msb4100087_nitrogen_nitrogen_deprivation_mit9313_mit9313_microarray,MICROARRAY,0h,-0.120539729,1.0,not_significant
P,pstB,Prochlorococcus MIT9313,PMT0700,10.1038/msb4100087_nitrogen_nitrogen_deprivation_mit9313_mit9313_microarray,MICROARRAY,0h,0.116771373,1.0,not_significant
N,pipX,Prochlorococcus MIT9313,PMT0205,10.1038/msb4100087_nitrogen_nitrogen_deprivation_mit9313_mit9313_microarray,MICROARRAY,6h,0.11642438,1.0,not_significant
N,glsF,Prochlorococcus MIT9313,PMT1777,10.1038/msb4100087_nitrogen_nitrogen_deprivation_mit9313_mit9313_microarray,MICROARRAY,3h,-0.114830872,1.0,not_significant
N,urtE,Prochlorococcus MIT9313,PMT2225,10.1038/msb4100087_nitrogen_nitrogen_deprivation_mit9313_mit9313_microarray,MICROARRAY,0h,0.111588365,1.0,not_significant
P,pstA,Prochlorococcus MIT9313,PMT0043,10.1038/msb4100087_nitrogen_nitrogen_deprivation_mit9313_mit9313_microarray,MICROARRAY,0h,0.109257056,1.0,not_significant
P,phnE,Prochlorococcus MIT9313,PMT0782,10.1038/msb4100087_nitrogen_nitrogen_deprivation_mit9313_mit9313_microarray,MICROARRAY,12h,-0.103731105,1.0,not_significant
P,phnD,Prochlorococcus MIT9313,PMT0780,10.1038/msb4100087_nitrogen_nitrogen_deprivation_mit9313_mit9313_microarray,MICROARRAY,0h,-0.103349863,1.0,not_significant
N,ureG,Prochlorococcus MIT9313,PMT2230,10.1038/msb4100087_nitrogen_nitrogen_deprivation_mit9313_mit9313_microarray,MICROARRAY,0h,0.102302035,1.0,not_significant
N,ureF,Prochlorococcus MIT9313,PMT2231,10.1038/msb4100087_nitrogen_nitrogen_deprivation_mit9313_mit9313_microarray,MICROARRAY,3h,-0.10205268,1.0,not_significant
P,pstA,Prochlorococcus MIT9313,PMT0043,10.1038/msb4100087_nitrogen_nitrogen_deprivation_mit9313_mit9313_microarray,MICROARRAY,3h,0.100927594,1.0,not_significant
P,arsR,Prochlorococcus MIT9313,PMT1001,10.1038/msb4100087_nitrogen_nitrogen_deprivation_mit9313_mit9313_microarray,MICROARRAY,0h,0.09843682,1.0,not_significant
P,phoR,Prochlorococcus MIT9313,PMT_0995,10.1038/msb4100087_nitrogen_nitrogen_deprivation_mit9313_mit9313_microarray,MICROARRAY,12h,0.097970034,1.0,not_significant
N,thiO,Prochlorococcus MIT9313,PMT2140,10.1038/msb4100087_nitrogen_nitrogen_deprivation_mit9313_mit9313_microarray,MICROARRAY,24h,-0.095752123,1.0,not_significant
N,natF,Prochlorococcus MIT9313,PMT0897,10.1038/msb4100087_nitrogen_nitrogen_deprivation_mit9313_mit9313_microarray,MICROARRAY,3h,0.094986295,1.0,not_significant
N,natG,Prochlorococcus MIT9313,PMT0896,10.1038/msb4100087_nitrogen_nitrogen_deprivation_mit9313_mit9313_microarray,MICROARRAY,0h,0.093114125,1.0,not_significant
P,phoR,Prochlorococcus MIT9313,PMT_0997,10.1038/msb4100087_nitrogen_nitrogen_deprivation_mit9313_mit9313_microarray,MICROARRAY,0h,0.093106227,1.0,not_significant
N,gdhA,Prochlorococcus MIT9313,PMT0623,10.1038/msb4100087_nitrogen_nitrogen_deprivation_mit9313_mit9313_microarray,MICROARRAY,3h,0.092761999,1.0,not_significant
P,ppK,Prochlorococcus MIT9313,PMT2245,10.1038/msb4100087_nitrogen_nitrogen_deprivation_mit9313_mit9313_microarray,MICROARRAY,12h,0.084983611,1.0,not_significant
N,natF,Prochlorococcus MIT9313,PMT0897,10.1038/msb4100087_nitrogen_nitrogen_deprivation_mit9313_mit9313_microarray,MICROARRAY,12h,0.082667348,1.0,not_significant
P,ppA,Prochlorococcus MIT9313,PMT1275,10.1038/msb4100087_nitrogen_nitrogen_deprivation_mit9313_mit9313_microarray,MICROARRAY,12h,-0.082086482,1.0,not_significant
N,glsF,Prochlorococcus MIT9313,PMT1777,10.1038/msb4100087_nitrogen_nitrogen_deprivation_mit9313_mit9313_microarray,MICROARRAY,0h,0.07967965,1.0,not_significant
N,ureF,Prochlorococcus MIT9313,PMT2231,10.1038/msb4100087_nitrogen_nitrogen_deprivation_mit9313_mit9313_microarray,MICROARRAY,0h,-0.06988362,1.0,not_significant
P,ppA,Prochlorococcus MIT9313,PMT1257,10.1038/msb4100087_nitrogen_nitrogen_deprivation_mit9313_mit9313_microarray,MICROARRAY,12h,-0.067013912,1.0,not_significant
N,natH,Prochlorococcus MIT9313,PMT0894,10.1038/msb4100087_nitrogen_nitrogen_deprivation_mit9313_mit9313_microarray,MICROARRAY,3h,0.064267462,1.0,not_significant
P,pstA,Prochlorococcus MIT9313,PMT0701,10.1038/msb4100087_nitrogen_nitrogen_deprivation_mit9313_mit9313_microarray,MICROARRAY,3h,-0.063198204,1.0,not_significant
P,pstC,Prochlorococcus MIT9313,PMT0702,10.1038/msb4100087_nitrogen_nitrogen_deprivation_mit9313_mit9313_microarray,MICROARRAY,0h,0.062778818,1.0,not_significant
P,pstB,Prochlorococcus MIT9313,PMT0700,10.1038/msb4100087_nitrogen_nitrogen_deprivation_mit9313_mit9313_microarray,MICROARRAY,3h,0.051118549,1.0,not_significant
N,ureD,Prochlorococcus MIT9313,PMT2233,10.1038/msb4100087_nitrogen_nitrogen_deprivation_mit9313_mit9313_microarray,MICROARRAY,0h,-0.05073846,1.0,not_significant
P,ppA,Prochlorococcus MIT9313,PMT1257,10.1038/msb4100087_nitrogen_nitrogen_deprivation_mit9313_mit9313_microarray,MICROARRAY,6h,0.04109483,1.0,not_significant
P,ppA,Prochlorococcus MIT9313,PMT1275,10.1038/msb4100087_nitrogen_nitrogen_deprivation_mit9313_mit9313_microarray,MICROARRAY,6h,0.04067895,1.0,not_significant
P,ppX,Prochlorococcus MIT9313,PMT1327,10.1038/msb4100087_nitrogen_nitrogen_deprivation_mit9313_mit9313_microarray,MICROARRAY,48h,-0.040016019,1.0,not_significant
N,ureE,Prochlorococcus MIT9313,PMT2232,10.1038/msb4100087_nitrogen_nitrogen_deprivation_mit9313_mit9313_microarray,MICROARRAY,0h,0.037912093,1.0,not_significant
P,ppK,Prochlorococcus MIT9313,PMT2245,10.1038/msb4100087_nitrogen_nitrogen_deprivation_mit9313_mit9313_microarray,MICROARRAY,3h,-0.037498621,1.0,not_significant
P,arsR,Prochlorococcus MIT9313,PMT1001,10.1038/msb4100087_nitrogen_nitrogen_deprivation_mit9313_mit9313_microarray,MICROARRAY,3h,-0.036145658,1.0,not_significant
P,phnE,Prochlorococcus MIT9313,PMT0782,10.1038/msb4100087_nitrogen_nitrogen_deprivation_mit9313_mit9313_microarray,MICROARRAY,3h,-0.029220648,1.0,not_significant
N,natF,Prochlorococcus MIT9313,PMT0897,10.1038/msb4100087_nitrogen_nitrogen_deprivation_mit9313_mit9313_microarray,MICROARRAY,0h,0.025921824,1.0,not_significant
P,ppK,Prochlorococcus MIT9313,PMT2245,10.1038/msb4100087_nitrogen_nitrogen_deprivation_mit9313_mit9313_microarray,MICROARRAY,6h,-0.022423111,1.0,not_significant
N,urtC,Prochlorococcus MIT9313,PMT2227,10.1038/msb4100087_nitrogen_nitrogen_deprivation_mit9313_mit9313_microarray,MICROARRAY,24h,0.020781208,1.0,not_significant
N,gdhA,Prochlorococcus MIT9313,PMT0623,10.1038/msb4100087_nitrogen_nitrogen_deprivation_mit9313_mit9313_microarray,MICROARRAY,24h,0.019889178,1.0,not_significant
P,ppX,Prochlorococcus MIT9313,PMT1327,10.1038/msb4100087_nitrogen_nitrogen_deprivation_mit9313_mit9313_microarray,MICROARRAY,12h,-0.017905616,1.0,not_significant
N,gdhA,Prochlorococcus MIT9313,PMT0623,10.1038/msb4100087_nitrogen_nitrogen_deprivation_mit9313_mit9313_microarray,MICROARRAY,12h,0.017309404,1.0,not_significant
N,natG,Prochlorococcus MIT9313,PMT0896,10.1038/msb4100087_nitrogen_nitrogen_deprivation_mit9313_mit9313_microarray,MICROARRAY,3h,-0.016484455,1.0,not_significant
N,pipX,Prochlorococcus MIT9313,PMT0205,10.1038/msb4100087_nitrogen_nitrogen_deprivation_mit9313_mit9313_microarray,MICROARRAY,12h,0.014918578,1.0,not_significant
P,phnD,Prochlorococcus MIT9313,PMT0780,10.1038/msb4100087_nitrogen_nitrogen_deprivation_mit9313_mit9313_microarray,MICROARRAY,3h,0.008129456,1.0,not_significant
N,natF,Prochlorococcus MIT9313,PMT0897,10.1038/msb4100087_nitrogen_nitrogen_deprivation_mit9313_mit9313_microarray,MICROARRAY,6h,-0.007783139,1.0,not_significant
N,ureE,Prochlorococcus MIT9313,PMT2232,10.1038/msb4100087_nitrogen_nitrogen_deprivation_mit9313_mit9313_microarray,MICROARRAY,3h,0.00710968,1.0,not_significant
N,urtD,Prochlorococcus MIT9313,PMT2226,10.1038/msb4100087_nitrogen_nitrogen_deprivation_mit9313_mit9313_microarray,MICROARRAY,12h,-0.006103848,1.0,not_significant
N,urtD,Prochlorococcus MIT9313,PMT2226,10.1038/msb4100087_nitrogen_nitrogen_deprivation_mit9313_mit9313_microarray,MICROARRAY,3h,-0.003077707,1.0,not_significant
P,phoR,Prochlorococcus MIT9313,PMT_0995,10.1038/msb4100087_nitrogen_nitrogen_deprivation_mit9313_mit9313_microarray,MICROARRAY,0h,0.001554831,1.0,not_significant
N,nirA,Prochlorococcus MIT9313,PMT2239,10.1038/msb4100087_nitrogen_nitrogen_deprivation_mit9313_mit9313_microarray,MICROARRAY,0h,0.000214018,1.0,not_significant
